timestamp,city,lat,lon,aqi,category,pm2_5,pm10,co,no2,so2,o3,temperature,humidity,wind_speed,pressure
2026-06-29T09:06:51,Lagos,6.5244,3.3792,99,Moderate,34.9,53.7,626.0,43.8,19.1,57.2,26.4,59.8,1.1,1007.7
2026-06-29T09:06:51,Abuja,9.0765,7.3986,68,Moderate,20.1,32.8,492.3,24.0,13.5,54.6,28.8,71.5,1.9,1012.8
2026-06-29T09:06:51,Port Harcourt,4.8156,7.0498,129,Unhealthy for Sensitive Groups,46.8,77.3,791.1,50.6,15.6,29.2,27.1,56.6,2.8,1007.7
2026-06-29T09:06:51,Kano,12.0022,8.592,88,Moderate,29.7,53.5,656.2,34.6,17.0,57.0,26.7,65.3,5.6,1006.3
2026-06-29T09:06:51,Ibadan,7.3775,3.947,90,Moderate,30.7,43.8,638.6,41.2,19.0,38.8,27.0,52.0,5.5,1012.3
2026-06-29T09:06:51,Kaduna,10.5222,7.4383,95,Moderate,33.0,50.5,729.5,42.9,15.7,31.4,30.5,59.5,1.1,1007.2
2026-06-29T09:06:51,Ogun (Ode-Remo),6.85,3.6167,79,Moderate,25.3,38.9,650.2,33.9,11.9,55.5,30.2,70.6,3.6,1009.7
2026-06-29T10:06:51,Lagos,6.5244,3.3792,93,Moderate,32.1,48.1,681.9,38.0,13.5,45.4,30.2,45.2,5.0,1011.6
2026-06-29T10:06:51,Abuja,9.0765,7.3986,74,Moderate,23.1,38.3,497.0,31.6,10.9,28.3,27.8,53.7,2.3,1007.9
2026-06-29T10:06:51,Port Harcourt,4.8156,7.0498,132,Unhealthy for Sensitive Groups,48.0,91.2,921.7,62.4,14.7,47.0,28.4,76.7,4.1,1011.0
2026-06-29T10:06:51,Kano,12.0022,8.592,88,Moderate,29.7,48.6,701.1,28.5,17.2,27.3,27.0,46.7,2.5,1012.3
2026-06-29T10:06:51,Ibadan,7.3775,3.947,83,Moderate,27.4,47.8,680.0,34.6,13.2,45.4,31.0,66.6,3.1,1007.3
2026-06-29T10:06:51,Kaduna,10.5222,7.4383,88,Moderate,29.8,53.9,645.7,32.9,19.5,61.7,27.4,79.1,2.0,1011.2
2026-06-29T10:06:51,Ogun (Ode-Remo),6.85,3.6167,69,Moderate,20.9,30.8,589.3,29.2,14.7,38.2,31.1,47.8,5.6,1012.0
2026-06-29T11:06:51,Lagos,6.5244,3.3792,88,Moderate,29.6,55.6,596.7,29.1,11.8,55.9,29.4,73.2,4.6,1010.3
2026-06-29T11:06:51,Abuja,9.0765,7.3986,71,Moderate,21.8,33.8,568.7,23.2,13.6,50.5,26.6,49.1,2.5,1009.2
2026-06-29T11:06:51,Port Harcourt,4.8156,7.0498,131,Unhealthy for Sensitive Groups,47.6,74.3,942.2,61.0,20.0,41.9,27.7,76.9,5.1,1009.0
2026-06-29T11:06:51,Kano,12.0022,8.592,78,Moderate,24.8,42.0,619.5,26.2,13.6,54.5,27.4,73.2,3.1,1012.5
2026-06-29T11:06:51,Ibadan,7.3775,3.947,79,Moderate,25.4,36.1,536.7,25.3,11.8,31.7,29.5,53.4,4.7,1013.6
2026-06-29T11:06:51,Kaduna,10.5222,7.4383,85,Moderate,28.3,47.9,548.6,36.0,19.0,29.1,30.9,63.1,3.2,1006.8
2026-06-29T11:06:51,Ogun (Ode-Remo),6.85,3.6167,60,Moderate,16.3,30.5,455.4,25.1,12.6,56.8,28.5,49.1,2.0,1008.1
2026-06-29T12:06:51,Lagos,6.5244,3.3792,94,Moderate,32.5,54.5,721.7,39.6,19.9,44.8,30.0,46.6,2.1,1008.3
2026-06-29T12:06:51,Abuja,9.0765,7.3986,70,Moderate,21.0,36.8,507.3,23.8,15.0,34.7,29.6,52.7,1.7,1007.2
2026-06-29T12:06:51,Port Harcourt,4.8156,7.0498,128,Unhealthy for Sensitive Groups,46.5,66.1,922.3,42.4,21.5,58.3,27.3,78.5,3.7,1006.1
2026-06-29T12:06:51,Kano,12.0022,8.592,88,Moderate,29.8,46.5,712.3,36.4,12.2,55.5,30.5,71.7,4.0,1008.7
2026-06-29T12:06:51,Ibadan,7.3775,3.947,78,Moderate,24.7,37.2,525.2,37.1,12.6,25.5,26.7,49.0,2.5,1007.6
2026-06-29T12:06:51,Kaduna,10.5222,7.4383,83,Moderate,27.2,46.7,646.2,37.8,15.6,32.7,29.3,78.2,2.0,1006.7
2026-06-29T12:06:51,Ogun (Ode-Remo),6.85,3.6167,65,Moderate,19.0,34.7,479.6,29.0,10.9,42.0,30.3,60.3,4.7,1012.2
2026-06-29T13:06:51,Lagos,6.5244,3.3792,88,Moderate,29.9,43.3,588.8,37.4,14.2,36.8,27.7,54.3,5.7,1011.2
2026-06-29T13:06:51,Abuja,9.0765,7.3986,67,Moderate,19.8,31.8,523.2,26.5,12.1,49.6,27.8,53.7,4.8,1013.0
2026-06-29T13:06:51,Port Harcourt,4.8156,7.0498,126,Unhealthy for Sensitive Groups,45.8,81.8,904.1,47.2,15.6,41.9,30.2,79.2,4.9,1011.2
2026-06-29T13:06:51,Kano,12.0022,8.592,78,Moderate,25.1,40.4,605.9,32.0,13.3,59.5,26.9,48.5,5.2,1010.9
2026-06-29T13:06:51,Ibadan,7.3775,3.947,79,Moderate,25.4,36.2,508.0,27.8,11.4,57.9,30.3,56.9,3.8,1007.4
2026-06-29T13:06:51,Kaduna,10.5222,7.4383,83,Moderate,27.3,46.3,523.1,36.1,18.0,25.4,28.6,71.0,1.7,1009.6
2026-06-29T13:06:51,Ogun (Ode-Remo),6.85,3.6167,67,Moderate,19.7,33.5,565.1,28.5,10.6,39.3,26.8,59.5,1.6,1008.1
2026-06-29T14:06:51,Lagos,6.5244,3.3792,89,Moderate,30.0,53.0,569.8,33.7,19.9,47.6,29.6,69.0,5.2,1012.2
2026-06-29T14:06:51,Abuja,9.0765,7.3986,62,Moderate,17.1,30.0,444.8,25.1,8.7,45.2,29.4,65.0,1.7,1008.6
2026-06-29T14:06:51,Port Harcourt,4.8156,7.0498,131,Unhealthy for Sensitive Groups,47.7,70.4,812.7,46.5,15.8,22.4,30.8,64.5,3.9,1007.8
2026-06-29T14:06:51,Kano,12.0022,8.592,79,Moderate,25.5,41.9,504.9,27.6,10.8,48.5,31.3,59.6,5.0,1012.2
2026-06-29T14:06:51,Ibadan,7.3775,3.947,77,Moderate,24.5,45.5,499.3,33.0,12.7,54.0,27.4,77.8,2.5,1007.9
2026-06-29T14:06:51,Kaduna,10.5222,7.4383,80,Moderate,25.9,39.3,646.3,29.4,14.3,32.2,30.7,72.5,4.9,1011.3
2026-06-29T14:06:51,Ogun (Ode-Remo),6.85,3.6167,73,Moderate,22.4,34.9,508.5,23.6,11.6,25.3,28.3,69.9,5.1,1010.7
2026-06-29T15:06:51,Lagos,6.5244,3.3792,85,Moderate,28.4,44.2,572.7,30.0,18.7,57.2,28.6,67.9,3.0,1013.3
2026-06-29T15:06:51,Abuja,9.0765,7.3986,58,Moderate,15.4,23.2,477.2,19.9,10.4,55.8,29.3,63.0,3.3,1006.5
2026-06-29T15:06:51,Port Harcourt,4.8156,7.0498,123,Unhealthy for Sensitive Groups,44.3,76.0,769.7,37.0,22.8,42.0,30.2,66.6,4.8,1010.7
2026-06-29T15:06:51,Kano,12.0022,8.592,82,Moderate,27.1,46.5,601.3,31.8,18.0,46.7,27.2,51.3,3.5,1013.6
2026-06-29T15:06:51,Ibadan,7.3775,3.947,78,Moderate,25.0,46.7,646.2,37.4,16.6,57.6,27.3,50.1,5.6,1012.4
2026-06-29T15:06:51,Kaduna,10.5222,7.4383,85,Moderate,28.4,48.6,635.6,35.2,11.6,40.5,30.0,48.7,2.4,1013.2
2026-06-29T15:06:51,Ogun (Ode-Remo),6.85,3.6167,66,Moderate,19.1,30.4,559.0,21.6,10.8,36.9,29.2,61.2,4.7,1007.7
2026-06-29T16:06:51,Lagos,6.5244,3.3792,89,Moderate,30.0,45.7,640.9,31.9,16.3,57.9,28.8,52.7,6.0,1010.1
2026-06-29T16:06:51,Abuja,9.0765,7.3986,67,Moderate,19.6,34.5,502.9,29.7,13.3,46.2,27.1,57.1,1.3,1014.0
2026-06-29T16:06:51,Port Harcourt,4.8156,7.0498,120,Unhealthy for Sensitive Groups,43.0,80.2,671.6,52.7,17.5,24.2,30.7,60.3,3.0,1011.3
2026-06-29T16:06:51,Kano,12.0022,8.592,90,Moderate,30.6,48.1,545.4,31.9,12.2,43.2,27.3,57.7,4.8,1010.3
2026-06-29T16:06:51,Ibadan,7.3775,3.947,73,Moderate,22.3,35.5,559.2,34.3,11.1,24.6,29.9,51.6,3.7,1012.3
2026-06-29T16:06:51,Kaduna,10.5222,7.4383,77,Moderate,24.6,38.9,620.5,29.6,13.5,23.4,27.2,78.6,1.4,1011.5
2026-06-29T16:06:51,Ogun (Ode-Remo),6.85,3.6167,71,Moderate,21.7,33.1,477.7,32.3,15.6,48.1,29.6,57.1,2.0,1013.9
2026-06-29T17:06:51,Lagos,6.5244,3.3792,89,Moderate,30.4,44.2,657.2,40.2,14.9,24.5,28.6,79.9,3.6,1013.8
2026-06-29T17:06:51,Abuja,9.0765,7.3986,66,Moderate,19.2,35.9,457.4,25.5,13.3,53.7,31.6,67.6,3.1,1013.9
2026-06-29T17:06:51,Port Harcourt,4.8156,7.0498,132,Unhealthy for Sensitive Groups,48.1,70.7,798.1,58.1,22.5,58.6,27.4,68.7,5.6,1012.4
2026-06-29T17:06:51,Kano,12.0022,8.592,93,Moderate,32.0,55.3,608.8,32.3,19.0,49.2,31.5,61.6,1.9,1011.4
2026-06-29T17:06:51,Ibadan,7.3775,3.947,74,Moderate,22.9,41.2,603.4,33.5,16.2,58.1,27.7,47.8,3.4,1011.3
2026-06-29T17:06:51,Kaduna,10.5222,7.4383,81,Moderate,26.4,48.9,638.7,28.2,10.4,29.5,29.5,66.2,1.2,1013.8
2026-06-29T17:06:51,Ogun (Ode-Remo),6.85,3.6167,71,Moderate,21.4,33.4,558.0,23.2,13.3,29.5,28.4,60.1,6.0,1006.2
2026-06-29T18:06:51,Lagos,6.5244,3.3792,98,Moderate,34.5,60.8,717.5,40.0,14.7,47.2,27.1,60.2,3.3,1013.6
2026-06-29T18:06:51,Abuja,9.0765,7.3986,80,Moderate,25.9,48.0,565.4,34.4,15.3,44.0,29.8,57.2,1.9,1010.3
2026-06-29T18:06:51,Port Harcourt,4.8156,7.0498,138,Unhealthy for Sensitive Groups,50.4,94.5,870.9,54.3,16.9,20.2,29.5,63.8,5.7,1008.4
2026-06-29T18:06:51,Kano,12.0022,8.592,94,Moderate,32.6,50.3,646.2,35.0,19.4,52.1,26.7,70.9,5.6,1007.4
2026-06-29T18:06:51,Ibadan,7.3775,3.947,83,Moderate,27.4,48.7,625.7,33.4,14.6,40.8,28.1,58.1,4.5,1011.7
2026-06-29T18:06:51,Kaduna,10.5222,7.4383,93,Moderate,32.0,54.6,660.9,31.7,18.5,58.9,27.5,46.0,1.1,1010.1
2026-06-29T18:06:51,Ogun (Ode-Remo),6.85,3.6167,83,Moderate,27.1,44.6,554.9,38.7,11.5,46.6,30.7,48.4,2.1,1013.9
2026-06-29T19:06:51,Lagos,6.5244,3.3792,112,Unhealthy for Sensitive Groups,39.8,65.7,660.9,52.0,23.3,33.0,29.5,66.3,1.8,1012.1
2026-06-29T19:06:51,Abuja,9.0765,7.3986,84,Moderate,27.7,41.8,521.8,26.9,13.0,49.2,29.1,63.6,5.1,1008.0
2026-06-29T19:06:51,Port Harcourt,4.8156,7.0498,152,Unhealthy,56.7,89.1,893.8,62.3,25.1,25.8,27.4,74.2,2.0,1007.5
2026-06-29T19:06:51,Kano,12.0022,8.592,102,Unhealthy for Sensitive Groups,35.8,52.2,779.1,44.4,18.5,34.5,27.3,68.7,2.6,1012.2
2026-06-29T19:06:51,Ibadan,7.3775,3.947,87,Moderate,29.4,47.1,698.1,36.2,11.2,30.8,27.3,75.2,3.0,1008.4
2026-06-29T19:06:51,Kaduna,10.5222,7.4383,101,Unhealthy for Sensitive Groups,35.6,51.9,631.3,37.2,14.5,50.5,31.0,54.4,3.4,1013.6
2026-06-29T19:06:51,Ogun (Ode-Remo),6.85,3.6167,83,Moderate,27.1,40.1,643.7,36.2,13.7,38.6,30.1,59.6,4.0,1008.6
2026-06-29T20:06:51,Lagos,6.5244,3.3792,112,Unhealthy for Sensitive Groups,39.8,66.4,618.9,40.4,13.2,58.2,30.6,74.1,2.5,1006.5
2026-06-29T20:06:51,Abuja,9.0765,7.3986,71,Moderate,21.7,40.5,567.9,24.2,14.6,39.6,30.0,75.9,1.1,1007.6
2026-06-29T20:06:51,Port Harcourt,4.8156,7.0498,147,Unhealthy for Sensitive Groups,54.1,98.8,1035.5,69.4,23.3,41.6,27.6,47.4,1.5,1011.8
2026-06-29T20:06:51,Kano,12.0022,8.592,89,Moderate,30.4,53.7,701.2,33.9,13.1,40.8,28.6,76.2,1.7,1013.4
2026-06-29T20:06:51,Ibadan,7.3775,3.947,89,Moderate,30.2,56.4,609.6,36.4,12.3,25.3,28.4,57.3,3.9,1009.7
2026-06-29T20:06:51,Kaduna,10.5222,7.4383,90,Moderate,30.8,47.7,684.6,36.1,15.9,37.9,27.1,51.1,4.4,1013.1
2026-06-29T20:06:51,Ogun (Ode-Remo),6.85,3.6167,74,Moderate,23.2,42.7,619.2,32.8,11.9,44.1,28.1,75.1,3.5,1009.7
2026-06-29T21:06:51,Lagos,6.5244,3.3792,110,Unhealthy for Sensitive Groups,39.0,56.3,725.6,34.7,21.7,51.7,26.6,61.6,3.7,1008.1
2026-06-29T21:06:51,Abuja,9.0765,7.3986,60,Moderate,16.5,28.0,501.6,20.3,12.0,39.4,27.2,52.6,5.3,1006.5
2026-06-29T21:06:51,Port Harcourt,4.8156,7.0498,131,Unhealthy for Sensitive Groups,47.6,69.7,868.1,40.9,23.4,56.2,27.6,60.8,4.1,1008.4
2026-06-29T21:06:51,Kano,12.0022,8.592,88,Moderate,29.5,43.3,663.6,37.0,19.5,30.1,26.6,69.2,1.3,1007.1
2026-06-29T21:06:51,Ibadan,7.3775,3.947,82,Moderate,26.9,43.9,580.8,36.9,12.9,37.6,26.9,53.2,4.2,1008.9
2026-06-29T21:06:51,Kaduna,10.5222,7.4383,82,Moderate,26.9,45.5,638.7,30.3,16.8,60.5,28.4,75.9,3.1,1012.0
2026-06-29T21:06:51,Ogun (Ode-Remo),6.85,3.6167,75,Moderate,23.5,43.7,512.9,27.5,13.4,36.0,28.3,51.0,5.5,1009.1
2026-06-29T22:06:51,Lagos,6.5244,3.3792,96,Moderate,33.6,50.7,678.0,42.5,13.8,34.1,30.8,67.7,3.2,1010.1
2026-06-29T22:06:51,Abuja,9.0765,7.3986,59,Moderate,15.9,28.8,497.3,22.1,11.0,50.3,27.4,55.6,1.7,1011.3
2026-06-29T22:06:51,Port Harcourt,4.8156,7.0498,127,Unhealthy for Sensitive Groups,46.2,73.1,757.5,47.6,14.3,30.2,26.9,70.9,3.2,1012.7
2026-06-29T22:06:51,Kano,12.0022,8.592,86,Moderate,28.5,42.4,587.0,39.8,15.9,53.7,29.0,66.4,1.8,1013.8
2026-06-29T22:06:51,Ibadan,7.3775,3.947,79,Moderate,25.2,41.7,598.7,35.0,17.0,26.4,26.2,46.3,2.0,1007.6
2026-06-29T22:06:51,Kaduna,10.5222,7.4383,82,Moderate,27.0,46.0,585.6,33.9,13.4,47.6,26.2,50.9,1.2,1010.1
2026-06-29T22:06:51,Ogun (Ode-Remo),6.85,3.6167,76,Moderate,24.0,38.5,583.3,31.8,10.8,47.4,30.8,66.0,4.7,1013.6
2026-06-29T23:06:51,Lagos,6.5244,3.3792,90,Moderate,30.5,47.8,651.3,31.8,13.1,24.8,28.8,53.0,5.5,1012.9
2026-06-29T23:06:51,Abuja,9.0765,7.3986,58,Moderate,15.5,22.1,511.9,26.1,12.3,48.5,27.8,62.3,5.9,1013.5
2026-06-29T23:06:51,Port Harcourt,4.8156,7.0498,126,Unhealthy for Sensitive Groups,45.8,84.2,793.5,45.7,18.4,42.5,26.5,66.2,5.2,1012.9
2026-06-29T23:06:51,Kano,12.0022,8.592,82,Moderate,27.0,49.5,595.7,39.7,15.2,55.8,27.1,70.6,4.7,1008.0
2026-06-29T23:06:51,Ibadan,7.3775,3.947,71,Moderate,21.8,39.4,563.6,26.1,14.0,62.7,30.7,71.3,4.7,1013.3
2026-06-29T23:06:51,Kaduna,10.5222,7.4383,79,Moderate,25.2,45.7,598.9,37.3,12.7,23.7,26.6,56.3,5.0,1008.9
2026-06-29T23:06:51,Ogun (Ode-Remo),6.85,3.6167,65,Moderate,18.7,31.4,502.0,22.0,10.8,52.9,30.1,67.9,3.8,1012.9
2026-06-30T00:06:51,Lagos,6.5244,3.3792,87,Moderate,29.2,50.7,571.3,29.5,19.0,44.9,26.9,72.5,5.0,1007.5
2026-06-30T00:06:51,Abuja,9.0765,7.3986,66,Moderate,19.4,30.3,504.0,23.1,11.1,53.2,26.9,74.7,2.5,1011.7
2026-06-30T00:06:51,Port Harcourt,4.8156,7.0498,121,Unhealthy for Sensitive Groups,43.8,67.1,883.2,37.9,14.7,21.4,27.0,46.1,3.9,1009.2
2026-06-30T00:06:51,Kano,12.0022,8.592,86,Moderate,28.9,53.3,633.5,29.5,15.7,22.3,29.4,46.4,3.4,1012.1
2026-06-30T00:06:51,Ibadan,7.3775,3.947,69,Moderate,20.7,37.5,562.9,26.6,11.7,46.1,27.8,61.5,3.6,1012.1
2026-06-30T00:06:51,Kaduna,10.5222,7.4383,80,Moderate,25.9,41.1,628.5,27.1,12.7,22.8,26.1,61.3,5.0,1013.2
2026-06-30T00:06:51,Ogun (Ode-Remo),6.85,3.6167,66,Moderate,19.1,30.3,553.2,23.1,14.2,59.9,26.1,55.3,5.5,1007.7
2026-06-30T01:06:51,Lagos,6.5244,3.3792,88,Moderate,29.6,47.8,620.3,38.6,16.9,61.4,25.2,59.1,2.7,1012.9
2026-06-30T01:06:51,Abuja,9.0765,7.3986,70,Moderate,21.2,35.7,593.2,28.7,10.1,32.6,25.7,67.6,5.6,1012.8
2026-06-30T01:06:51,Port Harcourt,4.8156,7.0498,129,Unhealthy for Sensitive Groups,46.8,78.5,827.5,61.5,21.0,51.3,26.5,52.8,4.9,1011.9
2026-06-30T01:06:51,Kano,12.0022,8.592,82,Moderate,27.0,44.3,645.6,37.3,14.1,31.9,27.5,45.4,4.7,1013.6
2026-06-30T01:06:51,Ibadan,7.3775,3.947,70,Moderate,21.1,31.9,563.3,27.6,12.5,54.3,28.5,70.3,3.3,1012.3
2026-06-30T01:06:51,Kaduna,10.5222,7.4383,78,Moderate,24.9,42.3,577.8,26.2,12.1,46.8,29.1,75.1,1.4,1013.1
2026-06-30T01:06:51,Ogun (Ode-Remo),6.85,3.6167,66,Moderate,19.0,32.4,565.4,29.0,14.4,43.1,25.2,66.1,2.7,1013.4
2026-06-30T02:06:51,Lagos,6.5244,3.3792,85,Moderate,28.2,45.8,597.2,30.9,12.8,59.1,27.0,75.1,3.8,1006.4
2026-06-30T02:06:51,Abuja,9.0765,7.3986,65,Moderate,18.6,27.8,478.5,27.4,12.1,58.1,25.8,71.7,4.6,1010.5
2026-06-30T02:06:51,Port Harcourt,4.8156,7.0498,121,Unhealthy for Sensitive Groups,43.8,72.5,754.7,47.3,22.5,54.5,28.9,66.5,1.8,1010.1
2026-06-30T02:06:51,Kano,12.0022,8.592,78,Moderate,25.0,43.1,513.4,31.0,12.3,50.6,29.1,71.2,1.1,1009.6
2026-06-30T02:06:51,Ibadan,7.3775,3.947,68,Moderate,20.2,36.0,546.0,24.2,11.8,45.3,26.7,65.2,1.6,1013.5
2026-06-30T02:06:51,Kaduna,10.5222,7.4383,82,Moderate,27.0,42.2,568.3,28.9,16.9,42.2,29.8,59.7,1.6,1007.4
2026-06-30T02:06:51,Ogun (Ode-Remo),6.85,3.6167,66,Moderate,19.1,35.9,453.5,21.8,12.7,57.8,29.8,75.2,1.4,1009.3
2026-06-30T03:06:51,Lagos,6.5244,3.3792,98,Moderate,34.4,64.8,765.9,45.2,13.6,41.0,26.1,59.0,1.3,1009.0
2026-06-30T03:06:51,Abuja,9.0765,7.3986,67,Moderate,19.7,30.8,570.6,22.0,14.5,61.5,25.6,80.0,3.4,1007.9
2026-06-30T03:06:51,Port Harcourt,4.8156,7.0498,118,Unhealthy for Sensitive Groups,42.3,79.3,806.0,55.9,22.8,40.1,26.8,52.7,3.4,1006.5
2026-06-30T03:06:51,Kano,12.0022,8.592,89,Moderate,30.0,48.1,681.9,33.5,15.2,47.3,29.3,47.5,5.5,1008.7
2026-06-30T03:06:51,Ibadan,7.3775,3.947,74,Moderate,23.2,42.2,533.1,28.8,14.4,38.8,28.9,63.8,2.6,1006.2
2026-06-30T03:06:51,Kaduna,10.5222,7.4383,77,Moderate,24.5,41.3,537.7,32.6,16.2,62.1,29.6,55.0,5.2,1009.2
2026-06-30T03:06:51,Ogun (Ode-Remo),6.85,3.6167,68,Moderate,20.2,29.5,555.3,28.6,12.3,23.9,27.4,70.4,2.5,1009.2
2026-06-30T04:06:51,Lagos,6.5244,3.3792,93,Moderate,32.3,57.8,646.1,36.2,20.7,61.6,27.9,70.1,1.8,1008.4
2026-06-30T04:06:51,Abuja,9.0765,7.3986,60,Moderate,16.2,30.1,483.5,26.0,10.1,44.7,27.0,54.2,3.6,1010.0
2026-06-30T04:06:51,Port Harcourt,4.8156,7.0498,116,Unhealthy for Sensitive Groups,41.4,62.3,856.9,42.3,19.1,39.0,25.4,79.3,2.6,1011.6
2026-06-30T04:06:51,Kano,12.0022,8.592,80,Moderate,26.0,39.9,655.5,32.6,16.4,53.9,25.6,75.8,4.7,1006.4
2026-06-30T04:06:51,Ibadan,7.3775,3.947,80,Moderate,25.8,38.1,653.9,29.7,15.0,46.5,28.2,75.3,5.9,1007.6
2026-06-30T04:06:51,Kaduna,10.5222,7.4383,87,Moderate,29.2,41.5,646.6,28.5,11.7,54.2,28.8,54.6,4.8,1009.2
2026-06-30T04:06:51,Ogun (Ode-Remo),6.85,3.6167,72,Moderate,21.9,34.6,569.4,28.7,13.6,40.0,25.8,50.1,2.3,1012.6
2026-06-30T05:06:51,Lagos,6.5244,3.3792,99,Moderate,34.9,58.3,735.6,31.9,18.1,41.6,29.6,50.5,5.8,1006.6
2026-06-30T05:06:51,Abuja,9.0765,7.3986,67,Moderate,19.7,32.2,556.6,30.8,11.1,39.6,28.1,52.7,1.7,1008.1
2026-06-30T05:06:51,Port Harcourt,4.8156,7.0498,128,Unhealthy for Sensitive Groups,46.5,84.6,745.8,50.6,16.7,46.5,27.2,67.9,5.2,1010.1
2026-06-30T05:06:51,Kano,12.0022,8.592,87,Moderate,29.4,54.3,555.2,33.1,16.4,36.7,26.2,64.6,1.3,1011.7
2026-06-30T05:06:51,Ibadan,7.3775,3.947,75,Moderate,23.4,35.0,502.8,30.7,12.9,58.4,25.8,48.7,3.8,1006.3
2026-06-30T05:06:51,Kaduna,10.5222,7.4383,79,Moderate,25.5,43.5,563.8,34.1,13.6,56.4,30.2,49.2,2.9,1010.9
2026-06-30T05:06:51,Ogun (Ode-Remo),6.85,3.6167,65,Moderate,18.6,27.6,494.9,24.3,13.8,55.0,26.4,48.4,4.2,1006.6
2026-06-30T06:06:51,Lagos,6.5244,3.3792,102,Unhealthy for Sensitive Groups,35.7,62.1,636.3,33.6,21.7,31.3,28.5,66.7,3.1,1010.7
2026-06-30T06:06:51,Abuja,9.0765,7.3986,71,Moderate,21.7,34.9,493.6,26.6,11.8,56.2,28.0,67.9,4.4,1008.1
2026-06-30T06:06:51,Port Harcourt,4.8156,7.0498,135,Unhealthy for Sensitive Groups,49.5,82.0,800.5,61.1,22.1,39.3,28.5,62.6,1.7,1007.3
2026-06-30T06:06:51,Kano,12.0022,8.592,95,Moderate,32.9,50.0,585.7,37.6,20.9,44.9,30.3,52.3,4.7,1007.8
2026-06-30T06:06:51,Ibadan,7.3775,3.947,82,Moderate,26.7,39.9,524.8,38.9,12.6,31.7,28.8,47.4,1.3,1010.1
2026-06-30T06:06:51,Kaduna,10.5222,7.4383,78,Moderate,24.9,35.0,514.9,29.0,15.1,39.9,26.4,51.7,5.5,1009.0
2026-06-30T06:06:51,Ogun (Ode-Remo),6.85,3.6167,77,Moderate,24.4,37.1,533.0,28.2,13.1,54.1,29.0,64.9,4.0,1012.1
2026-06-30T07:06:51,Lagos,6.5244,3.3792,113,Unhealthy for Sensitive Groups,40.3,60.6,795.7,39.0,17.8,47.8,27.2,56.1,4.8,1006.6
2026-06-30T07:06:51,Abuja,9.0765,7.3986,83,Moderate,27.4,47.2,600.4,28.8,17.0,29.0,29.3,62.1,5.6,1010.3
2026-06-30T07:06:51,Port Harcourt,4.8156,7.0498,136,Unhealthy for Sensitive Groups,49.5,74.6,751.9,48.7,25.6,24.8,26.8,73.4,4.6,1009.9
2026-06-30T07:06:51,Kano,12.0022,8.592,91,Moderate,31.1,54.1,600.6,29.7,14.4,41.3,28.3,49.3,4.5,1011.4
2026-06-30T07:06:51,Ibadan,7.3775,3.947,90,Moderate,30.6,49.1,573.4,30.0,16.0,41.1,26.0,78.4,5.3,1007.0
2026-06-30T07:06:51,Kaduna,10.5222,7.4383,99,Moderate,34.8,65.1,760.2,35.4,20.2,25.9,30.4,47.6,2.6,1010.9
2026-06-30T07:06:51,Ogun (Ode-Remo),6.85,3.6167,76,Moderate,24.1,36.3,546.0,28.8,11.9,60.4,26.5,67.2,3.4,1009.5
2026-06-30T08:06:51,Lagos,6.5244,3.3792,120,Unhealthy for Sensitive Groups,43.1,81.8,663.6,40.4,17.0,58.0,30.2,75.8,2.8,1007.3
2026-06-30T08:06:51,Abuja,9.0765,7.3986,77,Moderate,24.6,34.8,621.3,36.3,14.8,53.1,27.9,74.5,2.2,1011.7
2026-06-30T08:06:51,Port Harcourt,4.8156,7.0498,137,Unhealthy for Sensitive Groups,50.2,74.3,952.7,40.7,15.7,42.9,26.6,67.0,1.2,1010.6
2026-06-30T08:06:51,Kano,12.0022,8.592,98,Moderate,34.4,58.8,739.7,46.9,20.2,59.2,26.2,76.2,3.3,1006.6
2026-06-30T08:06:51,Ibadan,7.3775,3.947,89,Moderate,30.2,52.9,627.2,37.2,19.5,45.5,28.3,69.0,2.4,1006.1
2026-06-30T08:06:51,Kaduna,10.5222,7.4383,97,Moderate,33.9,50.3,599.2,38.1,13.1,56.1,29.6,76.1,5.8,1009.3
2026-06-30T08:06:51,Ogun (Ode-Remo),6.85,3.6167,86,Moderate,28.8,50.4,556.1,31.5,14.1,47.6,26.0,52.4,2.5,1010.7
2026-06-30T09:06:51,Lagos,6.5244,3.3792,111,Unhealthy for Sensitive Groups,39.6,67.6,851.6,46.7,13.0,53.7,27.5,68.2,5.7,1007.1
2026-06-30T09:06:51,Abuja,9.0765,7.3986,73,Moderate,22.6,35.9,564.9,31.1,13.7,42.1,28.4,45.2,3.8,1006.1
2026-06-30T09:06:51,Port Harcourt,4.8156,7.0498,129,Unhealthy for Sensitive Groups,46.9,69.9,945.1,52.2,22.3,21.1,29.6,68.2,2.4,1006.7
2026-06-30T09:06:51,Kano,12.0022,8.592,95,Moderate,33.0,62.0,585.8,34.4,18.5,41.6,30.4,63.2,4.1,1008.3
2026-06-30T09:06:51,Ibadan,7.3775,3.947,78,Moderate,24.8,39.6,618.4,31.4,16.7,57.7,28.3,65.2,4.7,1008.3
2026-06-30T09:06:51,Kaduna,10.5222,7.4383,88,Moderate,29.7,49.4,640.3,37.6,19.6,34.9,29.7,52.9,2.3,1008.4
2026-06-30T09:06:51,Ogun (Ode-Remo),6.85,3.6167,79,Moderate,25.6,45.3,657.4,30.5,14.9,29.3,27.7,50.5,5.3,1008.5
2026-06-30T10:06:51,Lagos,6.5244,3.3792,92,Moderate,31.8,53.3,606.3,38.7,18.2,30.0,29.3,54.2,3.4,1013.2
2026-06-30T10:06:51,Abuja,9.0765,7.3986,65,Moderate,19.0,35.8,453.6,29.1,12.6,55.4,30.7,48.7,1.5,1007.2
2026-06-30T10:06:51,Port Harcourt,4.8156,7.0498,135,Unhealthy for Sensitive Groups,49.3,90.4,744.8,60.0,23.7,51.9,30.3,51.4,4.3,1008.1
2026-06-30T10:06:51,Kano,12.0022,8.592,95,Moderate,32.9,48.2,631.6,37.0,17.9,33.4,26.5,75.5,2.2,1013.6
2026-06-30T10:06:51,Ibadan,7.3775,3.947,81,Moderate,26.4,46.2,623.8,29.8,15.1,54.8,27.0,53.7,5.5,1011.9
2026-06-30T10:06:51,Kaduna,10.5222,7.4383,85,Moderate,28.1,51.7,636.4,37.2,12.4,25.3,31.0,47.1,1.1,1007.7
2026-06-30T10:06:51,Ogun (Ode-Remo),6.85,3.6167,76,Moderate,23.8,39.1,514.8,30.6,11.0,58.5,26.2,78.1,2.7,1008.5
2026-06-30T11:06:51,Lagos,6.5244,3.3792,89,Moderate,30.3,48.8,592.5,28.2,18.1,47.5,27.6,70.9,3.8,1009.4
2026-06-30T11:06:51,Abuja,9.0765,7.3986,61,Moderate,17.0,30.8,463.5,23.6,10.3,39.5,29.2,79.7,2.1,1011.5
2026-06-30T11:06:51,Port Harcourt,4.8156,7.0498,122,Unhealthy for Sensitive Groups,43.9,71.5,807.1,41.4,18.9,24.9,27.3,75.1,3.5,1009.4
2026-06-30T11:06:51,Kano,12.0022,8.592,87,Moderate,29.1,45.7,645.5,32.2,16.0,50.0,30.5,60.6,2.5,1007.1
2026-06-30T11:06:51,Ibadan,7.3775,3.947,81,Moderate,26.3,39.3,600.5,31.0,17.7,32.0,30.7,54.6,4.1,1008.3
2026-06-30T11:06:51,Kaduna,10.5222,7.4383,77,Moderate,24.6,35.7,527.1,32.0,13.8,56.9,30.1,55.9,3.3,1007.2
2026-06-30T11:06:51,Ogun (Ode-Remo),6.85,3.6167,62,Moderate,17.2,30.8,519.4,25.9,10.3,41.7,30.9,76.7,5.2,1012.8
2026-06-30T12:06:51,Lagos,6.5244,3.3792,85,Moderate,28.4,52.3,681.5,34.8,17.8,45.5,27.2,49.5,2.5,1013.2
2026-06-30T12:06:51,Abuja,9.0765,7.3986,66,Moderate,19.3,35.3,542.1,22.5,11.1,45.2,26.8,45.3,1.9,1010.0
2026-06-30T12:06:51,Port Harcourt,4.8156,7.0498,116,Unhealthy for Sensitive Groups,41.5,67.9,784.5,35.7,23.0,41.0,27.1,61.9,1.7,1010.8
2026-06-30T12:06:51,Kano,12.0022,8.592,84,Moderate,27.9,42.6,604.0,40.3,17.0,24.1,28.3,61.0,1.8,1013.4
2026-06-30T12:06:51,Ibadan,7.3775,3.947,81,Moderate,26.4,46.4,545.2,32.3,18.1,44.5,31.5,47.7,1.5,1012.1
2026-06-30T12:06:51,Kaduna,10.5222,7.4383,86,Moderate,28.8,43.4,592.8,41.3,18.2,42.7,30.4,51.6,2.4,1007.3
2026-06-30T12:06:51,Ogun (Ode-Remo),6.85,3.6167,68,Moderate,20.1,30.5,485.5,28.8,11.4,26.9,28.1,47.4,3.8,1010.3
2026-06-30T13:06:51,Lagos,6.5244,3.3792,98,Moderate,34.4,63.7,618.9,35.0,12.9,52.8,31.1,59.2,4.1,1007.2
2026-06-30T13:06:51,Abuja,9.0765,7.3986,67,Moderate,19.7,33.2,559.3,22.8,12.1,24.7,27.7,75.4,5.4,1009.8
2026-06-30T13:06:51,Port Harcourt,4.8156,7.0498,131,Unhealthy for Sensitive Groups,47.7,85.2,867.3,51.1,19.8,22.0,29.3,53.0,5.0,1012.3
2026-06-30T13:06:51,Kano,12.0022,8.592,85,Moderate,28.5,53.7,670.9,36.9,16.4,28.3,27.9,46.4,2.6,1007.0
2026-06-30T13:06:51,Ibadan,7.3775,3.947,76,Moderate,23.9,36.5,563.6,29.8,10.3,50.4,30.4,58.3,4.7,1012.8
2026-06-30T13:06:51,Kaduna,10.5222,7.4383,84,Moderate,27.8,47.9,547.0,38.9,16.8,31.8,31.1,51.5,1.1,1011.3
2026-06-30T13:06:51,Ogun (Ode-Remo),6.85,3.6167,74,Moderate,22.9,43.3,491.3,30.3,11.3,32.9,30.4,69.1,4.3,1008.0
2026-06-30T14:06:51,Lagos,6.5244,3.3792,101,Unhealthy for Sensitive Groups,35.6,67.3,758.5,47.1,12.4,50.9,28.5,77.6,5.0,1012.9
2026-06-30T14:06:51,Abuja,9.0765,7.3986,55,Moderate,14.1,26.3,488.8,22.4,8.0,60.7,28.4,78.7,3.9,1012.0
2026-06-30T14:06:51,Port Harcourt,4.8156,7.0498,125,Unhealthy for Sensitive Groups,45.4,80.3,870.2,53.0,15.4,25.8,29.2,53.1,5.3,1008.3
2026-06-30T14:06:51,Kano,12.0022,8.592,81,Moderate,26.4,44.4,517.0,30.0,13.0,37.3,29.5,50.7,2.5,1013.4
2026-06-30T14:06:51,Ibadan,7.3775,3.947,69,Moderate,20.9,30.4,581.7,25.9,13.9,42.3,27.2,64.2,2.2,1013.6
2026-06-30T14:06:51,Kaduna,10.5222,7.4383,76,Moderate,24.2,45.1,505.8,29.7,10.9,42.7,29.4,46.9,2.4,1006.8
2026-06-30T14:06:51,Ogun (Ode-Remo),6.85,3.6167,69,Moderate,20.7,29.4,541.6,28.2,9.7,30.5,31.0,47.2,5.5,1010.2
2026-06-30T15:06:51,Lagos,6.5244,3.3792,94,Moderate,32.4,58.1,580.2,43.6,19.8,30.7,31.1,61.1,2.5,1012.4
2026-06-30T15:06:51,Abuja,9.0765,7.3986,62,Moderate,17.2,24.8,454.5,22.4,12.8,38.8,31.5,56.6,4.8,1007.1
2026-06-30T15:06:51,Port Harcourt,4.8156,7.0498,126,Unhealthy for Sensitive Groups,45.5,68.0,857.3,55.2,22.0,25.2,27.0,67.9,4.4,1008.5
2026-06-30T15:06:51,Kano,12.0022,8.592,84,Moderate,27.9,41.1,599.9,31.2,10.6,51.7,31.9,56.6,4.5,1009.8
2026-06-30T15:06:51,Ibadan,7.3775,3.947,78,Moderate,24.7,45.0,523.1,25.1,10.7,34.3,29.7,58.7,1.4,1012.1
2026-06-30T15:06:51,Kaduna,10.5222,7.4383,84,Moderate,27.6,44.5,569.5,32.1,15.4,43.4,29.5,60.2,4.4,1011.2
2026-06-30T15:06:51,Ogun (Ode-Remo),6.85,3.6167,63,Moderate,17.6,29.9,502.7,24.7,11.4,54.5,28.6,67.2,2.0,1006.9
2026-06-30T16:06:51,Lagos,6.5244,3.3792,87,Moderate,29.4,44.0,593.2,40.4,19.4,33.2,30.0,59.0,5.9,1010.3
2026-06-30T16:06:51,Abuja,9.0765,7.3986,69,Moderate,20.7,34.2,586.7,23.0,11.9,56.5,28.5,71.9,5.8,1009.2
2026-06-30T16:06:51,Port Harcourt,4.8156,7.0498,120,Unhealthy for Sensitive Groups,43.1,74.4,710.7,54.3,19.1,35.3,28.2,68.8,4.8,1009.3
2026-06-30T16:06:51,Kano,12.0022,8.592,89,Moderate,30.0,56.7,643.0,30.2,16.1,58.3,29.0,69.1,4.7,1013.2
2026-06-30T16:06:51,Ibadan,7.3775,3.947,71,Moderate,21.7,34.3,502.1,23.4,13.7,31.5,30.3,74.3,5.1,1011.1
2026-06-30T16:06:51,Kaduna,10.5222,7.4383,80,Moderate,25.8,36.8,512.1,28.9,10.7,26.5,28.0,66.7,4.6,1009.1
2026-06-30T16:06:51,Ogun (Ode-Remo),6.85,3.6167,60,Moderate,16.5,27.6,453.3,23.9,11.1,46.6,31.1,48.9,5.4,1012.2
2026-06-30T17:06:51,Lagos,6.5244,3.3792,97,Moderate,33.8,63.8,606.9,46.6,14.5,26.0,28.8,70.5,2.6,1010.8
2026-06-30T17:06:51,Abuja,9.0765,7.3986,67,Moderate,19.5,29.9,571.9,26.5,11.0,60.7,28.8,68.8,4.3,1006.7
2026-06-30T17:06:51,Port Harcourt,4.8156,7.0498,133,Unhealthy for Sensitive Groups,48.5,76.9,849.9,45.3,19.2,33.9,30.2,70.8,5.3,1011.3
2026-06-30T17:06:51,Kano,12.0022,8.592,88,Moderate,29.5,45.8,606.9,40.1,14.8,25.8,26.9,67.4,3.9,1007.8
2026-06-30T17:06:51,Ibadan,7.3775,3.947,88,Moderate,29.6,47.2,591.4,28.5,11.0,52.9,30.5,77.5,2.9,1007.9
2026-06-30T17:06:51,Kaduna,10.5222,7.4383,88,Moderate,29.8,54.8,586.1,30.9,18.0,35.9,28.1,65.9,4.7,1006.8
2026-06-30T17:06:51,Ogun (Ode-Remo),6.85,3.6167,73,Moderate,22.6,38.5,542.4,23.6,14.6,46.8,29.1,51.2,3.5,1010.1
2026-06-30T18:06:51,Lagos,6.5244,3.3792,106,Unhealthy for Sensitive Groups,37.6,63.4,657.9,45.9,12.5,58.3,29.2,70.2,4.7,1011.4
2026-06-30T18:06:51,Abuja,9.0765,7.3986,81,Moderate,26.5,46.5,524.7,27.9,15.9,47.7,30.2,56.1,1.5,1006.0
2026-06-30T18:06:51,Port Harcourt,4.8156,7.0498,140,Unhealthy for Sensitive Groups,51.3,89.8,760.6,46.3,21.4,33.4,29.3,69.4,4.5,1007.3
2026-06-30T18:06:51,Kano,12.0022,8.592,94,Moderate,32.4,45.7,664.0,36.7,18.0,25.3,29.1,51.8,2.6,1010.8
2026-06-30T18:06:51,Ibadan,7.3775,3.947,84,Moderate,28.0,53.0,580.2,29.5,16.2,31.0,30.9,72.9,5.2,1007.3
2026-06-30T18:06:51,Kaduna,10.5222,7.4383,94,Moderate,32.4,53.0,618.3,44.1,13.8,34.4,26.8,51.6,5.5,1007.1
2026-06-30T18:06:51,Ogun (Ode-Remo),6.85,3.6167,77,Moderate,24.3,44.6,531.0,27.9,14.0,34.9,28.7,79.2,5.7,1009.9
2026-06-30T19:06:51,Lagos,6.5244,3.3792,106,Unhealthy for Sensitive Groups,37.6,65.1,674.9,38.4,22.1,50.0,27.8,55.8,3.0,1009.2
2026-06-30T19:06:51,Abuja,9.0765,7.3986,79,Moderate,25.4,39.0,523.3,27.6,13.5,44.7,28.4,45.9,2.8,1006.7
2026-06-30T19:06:51,Port Harcourt,4.8156,7.0498,142,Unhealthy for Sensitive Groups,52.2,75.5,763.3,65.5,22.3,22.3,27.4,47.8,1.2,1009.1
2026-06-30T19:06:51,Kano,12.0022,8.592,112,Unhealthy for Sensitive Groups,40.0,63.3,655.8,51.1,17.4,35.9,27.8,57.3,5.9,1013.0
2026-06-30T19:06:51,Ibadan,7.3775,3.947,89,Moderate,30.0,43.5,598.4,36.4,12.7,30.3,29.0,77.9,1.6,1007.7
2026-06-30T19:06:51,Kaduna,10.5222,7.4383,93,Moderate,32.3,50.6,592.7,33.6,12.2,48.9,30.6,65.8,5.8,1010.7
2026-06-30T19:06:51,Ogun (Ode-Remo),6.85,3.6167,90,Moderate,30.4,49.8,573.2,29.3,15.0,34.1,31.0,60.5,4.2,1010.3
2026-06-30T20:06:51,Lagos,6.5244,3.3792,98,Moderate,34.6,55.7,771.6,42.5,21.3,46.2,27.7,64.2,1.0,1008.3
2026-06-30T20:06:51,Abuja,9.0765,7.3986,73,Moderate,22.7,36.2,521.5,28.0,10.1,58.8,30.7,79.2,3.9,1007.4
2026-06-30T20:06:51,Port Harcourt,4.8156,7.0498,146,Unhealthy for Sensitive Groups,53.8,89.3,959.9,58.3,31.0,52.4,29.4,60.4,2.0,1011.3
2026-06-30T20:06:51,Kano,12.0022,8.592,98,Moderate,34.4,55.8,780.2,44.5,14.9,53.8,31.0,59.8,5.5,1007.1
2026-06-30T20:06:51,Ibadan,7.3775,3.947,80,Moderate,26.0,41.7,557.5,30.7,13.8,25.0,30.2,67.7,2.8,1006.5
2026-06-30T20:06:51,Kaduna,10.5222,7.4383,86,Moderate,28.8,42.0,672.5,35.5,19.3,55.5,28.8,50.9,1.7,1006.8
2026-06-30T20:06:51,Ogun (Ode-Remo),6.85,3.6167,80,Moderate,25.8,46.0,539.4,32.0,12.6,43.6,26.7,55.5,4.0,1010.6
2026-06-30T21:06:51,Lagos,6.5244,3.3792,98,Moderate,34.6,59.8,673.6,38.4,14.1,40.5,30.5,72.9,1.8,1006.7
2026-06-30T21:06:51,Abuja,9.0765,7.3986,64,Moderate,18.4,28.5,501.6,21.6,11.1,40.0,28.4,47.7,2.3,1008.0
2026-06-30T21:06:51,Port Harcourt,4.8156,7.0498,134,Unhealthy for Sensitive Groups,49.0,69.4,867.7,52.0,18.2,26.9,26.2,53.4,1.0,1007.3
2026-06-30T21:06:51,Kano,12.0022,8.592,85,Moderate,28.3,42.5,606.7,39.2,19.0,24.8,30.8,71.5,1.4,1009.3
2026-06-30T21:06:51,Ibadan,7.3775,3.947,76,Moderate,23.8,40.5,631.0,25.5,13.6,62.2,30.3,51.0,5.8,1010.8
2026-06-30T21:06:51,Kaduna,10.5222,7.4383,86,Moderate,28.9,47.0,658.8,41.7,13.0,41.6,27.8,45.5,2.8,1011.7
2026-06-30T21:06:51,Ogun (Ode-Remo),6.85,3.6167,65,Moderate,18.8,33.6,539.6,29.3,12.2,29.4,30.8,79.3,4.3,1012.3
2026-06-30T22:06:51,Lagos,6.5244,3.3792,94,Moderate,32.5,51.0,720.0,41.7,18.1,30.7,26.8,45.9,2.2,1009.8
2026-06-30T22:06:51,Abuja,9.0765,7.3986,65,Moderate,18.9,28.3,463.1,24.2,14.1,36.4,28.9,73.1,2.6,1008.7
2026-06-30T22:06:51,Port Harcourt,4.8156,7.0498,136,Unhealthy for Sensitive Groups,49.7,78.4,815.6,54.4,22.7,49.5,26.2,48.2,2.4,1012.6
2026-06-30T22:06:51,Kano,12.0022,8.592,86,Moderate,28.8,48.3,652.9,38.1,11.9,29.6,27.7,64.4,1.2,1012.6
2026-06-30T22:06:51,Ibadan,7.3775,3.947,79,Moderate,25.6,44.6,654.5,34.3,12.7,47.9,30.3,56.1,5.3,1009.9
2026-06-30T22:06:51,Kaduna,10.5222,7.4383,85,Moderate,28.1,51.4,677.2,35.2,11.6,49.6,29.5,45.7,5.9,1012.9
2026-06-30T22:06:51,Ogun (Ode-Remo),6.85,3.6167,64,Moderate,18.4,34.3,499.3,28.9,10.4,29.0,27.5,57.4,4.7,1009.6
2026-06-30T23:06:51,Lagos,6.5244,3.3792,89,Moderate,30.3,48.7,657.2,31.1,17.4,41.7,26.9,68.0,1.0,1012.0
2026-06-30T23:06:51,Abuja,9.0765,7.3986,70,Moderate,21.3,40.2,487.7,26.2,15.3,30.9,27.2,78.8,5.8,1008.3
2026-06-30T23:06:51,Port Harcourt,4.8156,7.0498,130,Unhealthy for Sensitive Groups,47.2,88.7,755.5,52.6,17.2,57.5,28.5,54.1,3.0,1006.9
2026-06-30T23:06:51,Kano,12.0022,8.592,86,Moderate,28.6,48.0,608.4,27.5,10.7,32.6,30.4,74.2,3.4,1011.2
2026-06-30T23:06:51,Ibadan,7.3775,3.947,77,Moderate,24.4,41.3,551.5,32.5,11.6,46.1,30.6,53.1,4.1,1013.2
2026-06-30T23:06:51,Kaduna,10.5222,7.4383,77,Moderate,24.6,40.6,533.0,33.9,17.1,36.9,29.4,51.8,5.8,1011.1
2026-06-30T23:06:51,Ogun (Ode-Remo),6.85,3.6167,66,Moderate,19.0,30.6,539.0,25.2,14.3,37.2,29.7,79.1,4.8,1006.2
2026-07-01T00:06:51,Lagos,6.5244,3.3792,91,Moderate,31.0,50.0,580.6,43.4,16.0,23.9,25.7,74.7,3.3,1012.4
2026-07-01T00:06:51,Abuja,9.0765,7.3986,66,Moderate,19.2,32.4,481.6,25.1,13.5,38.8,25.1,64.7,4.0,1010.4
2026-07-01T00:06:51,Port Harcourt,4.8156,7.0498,123,Unhealthy for Sensitive Groups,44.3,83.0,868.1,57.8,25.5,53.1,27.4,69.3,5.8,1010.5
2026-07-01T00:06:51,Kano,12.0022,8.592,88,Moderate,29.7,49.0,660.8,31.5,12.0,33.1,29.5,47.3,4.7,1010.6
2026-07-01T00:06:51,Ibadan,7.3775,3.947,78,Moderate,24.7,44.0,589.7,25.6,12.7,34.4,25.3,52.2,1.2,1013.4
2026-07-01T00:06:51,Kaduna,10.5222,7.4383,89,Moderate,30.1,52.4,703.4,34.8,19.7,43.1,25.8,68.8,5.4,1009.1
2026-07-01T00:06:51,Ogun (Ode-Remo),6.85,3.6167,65,Moderate,18.7,32.8,482.2,24.7,10.5,54.8,26.1,64.6,2.0,1007.7
2026-07-01T01:06:51,Lagos,6.5244,3.3792,103,Unhealthy for Sensitive Groups,36.2,61.5,796.4,47.9,18.9,50.1,27.2,74.1,3.7,1013.2
2026-07-01T01:06:51,Abuja,9.0765,7.3986,67,Moderate,19.6,36.8,511.1,28.7,11.5,34.7,28.1,73.7,5.0,1009.3
2026-07-01T01:06:51,Port Harcourt,4.8156,7.0498,131,Unhealthy for Sensitive Groups,47.7,89.7,812.8,49.6,22.9,21.3,25.2,47.4,4.2,1014.0
2026-07-01T01:06:51,Kano,12.0022,8.592,92,Moderate,31.8,54.4,644.7,40.1,12.5,42.3,27.5,74.6,1.8,1006.5
2026-07-01T01:06:51,Ibadan,7.3775,3.947,81,Moderate,26.5,47.0,564.7,29.6,15.4,52.8,27.3,79.2,4.2,1008.3
2026-07-01T01:06:51,Kaduna,10.5222,7.4383,88,Moderate,29.8,46.4,546.0,35.7,14.0,46.5,26.8,60.9,5.8,1012.3
2026-07-01T01:06:51,Ogun (Ode-Remo),6.85,3.6167,73,Moderate,22.4,32.5,511.8,27.1,12.7,51.6,27.0,79.0,1.2,1011.3
2026-07-01T02:06:51,Lagos,6.5244,3.3792,96,Moderate,33.4,51.0,616.4,40.7,19.3,42.5,28.0,54.6,1.4,1008.3
2026-07-01T02:06:51,Abuja,9.0765,7.3986,67,Moderate,19.6,29.8,534.0,28.8,13.6,26.0,29.8,61.8,3.0,1010.1
2026-07-01T02:06:51,Port Harcourt,4.8156,7.0498,123,Unhealthy for Sensitive Groups,44.6,69.5,912.4,48.3,14.0,53.8,26.1,48.3,4.4,1012.6
2026-07-01T02:06:51,Kano,12.0022,8.592,90,Moderate,30.7,45.0,575.3,32.6,15.0,58.4,26.6,55.1,3.6,1013.5
2026-07-01T02:06:51,Ibadan,7.3775,3.947,77,Moderate,24.6,38.5,532.3,31.4,16.6,49.1,26.1,69.1,4.6,1010.9
2026-07-01T02:06:51,Kaduna,10.5222,7.4383,86,Moderate,28.7,47.3,647.7,33.9,12.0,60.8,28.0,68.3,2.5,1008.3
2026-07-01T02:06:51,Ogun (Ode-Remo),6.85,3.6167,74,Moderate,23.2,38.1,524.3,30.9,12.2,26.7,28.0,54.7,2.8,1013.4
2026-07-01T03:06:51,Lagos,6.5244,3.3792,91,Moderate,31.1,52.0,575.0,32.3,17.7,50.1,25.3,59.3,3.7,1009.3
2026-07-01T03:06:51,Abuja,9.0765,7.3986,69,Moderate,20.9,34.9,566.1,26.3,14.8,44.4,28.2,48.0,4.8,1011.3
2026-07-01T03:06:51,Port Harcourt,4.8156,7.0498,129,Unhealthy for Sensitive Groups,47.0,77.1,776.2,59.3,18.2,58.2,28.4,76.8,3.5,1007.6
2026-07-01T03:06:51,Kano,12.0022,8.592,88,Moderate,29.9,44.6,555.9,39.2,15.8,56.9,29.1,69.0,2.5,1011.5
2026-07-01T03:06:51,Ibadan,7.3775,3.947,71,Moderate,21.7,35.1,474.1,32.4,9.8,30.5,28.2,50.0,2.0,1006.7
2026-07-01T03:06:51,Kaduna,10.5222,7.4383,76,Moderate,23.9,34.0,532.0,31.4,10.2,34.8,27.2,68.1,1.0,1008.0
2026-07-01T03:06:51,Ogun (Ode-Remo),6.85,3.6167,61,Moderate,17.1,30.3,469.8,26.9,10.5,29.4,25.8,55.5,2.0,1006.7
2026-07-01T04:06:51,Lagos,6.5244,3.3792,90,Moderate,30.8,57.0,654.1,39.2,19.1,52.5,27.1,45.2,2.8,1012.0
2026-07-01T04:06:51,Abuja,9.0765,7.3986,67,Moderate,19.5,27.7,570.9,28.3,11.2,53.2,30.0,60.1,1.1,1008.1
2026-07-01T04:06:51,Port Harcourt,4.8156,7.0498,131,Unhealthy for Sensitive Groups,47.6,71.6,738.9,44.5,23.4,26.5,25.7,77.2,4.4,1011.3
2026-07-01T04:06:51,Kano,12.0022,8.592,81,Moderate,26.3,44.5,640.4,26.0,14.3,37.3,27.6,56.9,5.6,1006.8
2026-07-01T04:06:51,Ibadan,7.3775,3.947,79,Moderate,25.5,47.6,540.2,26.3,15.7,34.9,28.8,53.6,1.9,1008.0
2026-07-01T04:06:51,Kaduna,10.5222,7.4383,78,Moderate,24.7,45.3,596.8,34.4,11.1,26.0,26.5,79.9,2.0,1010.7
2026-07-01T04:06:51,Ogun (Ode-Remo),6.85,3.6167,66,Moderate,19.2,34.3,483.9,26.6,10.5,24.0,29.0,47.4,4.9,1011.7
2026-07-01T05:06:51,Lagos,6.5244,3.3792,100,Moderate,35.3,56.9,741.1,40.8,18.5,30.3,26.4,60.3,1.1,1008.7
2026-07-01T05:06:51,Abuja,9.0765,7.3986,64,Moderate,18.5,31.3,511.9,25.2,10.9,54.0,28.3,62.5,2.7,1006.2
2026-07-01T05:06:51,Port Harcourt,4.8156,7.0498,130,Unhealthy for Sensitive Groups,47.2,78.8,689.2,49.7,23.2,40.0,30.3,76.4,5.3,1009.9
2026-07-01T05:06:51,Kano,12.0022,8.592,80,Moderate,25.7,38.4,644.3,33.3,16.6,43.5,28.0,64.3,4.8,1006.9
2026-07-01T05:06:51,Ibadan,7.3775,3.947,73,Moderate,22.8,39.1,519.2,32.5,10.1,61.6,27.3,50.9,3.2,1010.0
2026-07-01T05:06:51,Kaduna,10.5222,7.4383,74,Moderate,23.1,37.8,533.8,33.2,14.0,39.6,30.2,48.4,2.3,1008.4
2026-07-01T05:06:51,Ogun (Ode-Remo),6.85,3.6167,69,Moderate,20.8,38.6,522.4,31.7,10.3,41.6,27.6,56.7,4.4,1011.6
2026-07-01T06:06:51,Lagos,6.5244,3.3792,99,Moderate,35.0,51.9,678.1,33.2,18.5,22.6,27.5,64.8,1.1,1011.1
2026-07-01T06:06:51,Abuja,9.0765,7.3986,66,Moderate,19.2,36.1,467.1,30.6,9.7,35.6,27.8,52.2,3.4,1009.8
2026-07-01T06:06:51,Port Harcourt,4.8156,7.0498,142,Unhealthy for Sensitive Groups,52.0,80.0,784.9,56.2,16.2,51.8,27.9,63.9,3.5,1009.1
2026-07-01T06:06:51,Kano,12.0022,8.592,84,Moderate,27.6,50.0,674.4,33.2,13.1,36.7,29.6,76.1,4.0,1012.1
2026-07-01T06:06:51,Ibadan,7.3775,3.947,85,Moderate,28.4,51.4,662.1,27.3,13.9,56.3,29.3,77.3,4.0,1007.2
2026-07-01T06:06:51,Kaduna,10.5222,7.4383,84,Moderate,27.7,48.3,575.6,34.7,16.2,30.2,26.2,64.4,2.5,1006.7
2026-07-01T06:06:51,Ogun (Ode-Remo),6.85,3.6167,73,Moderate,22.6,32.0,497.4,28.2,12.2,42.2,25.7,63.5,5.6,1010.1
2026-07-01T07:06:51,Lagos,6.5244,3.3792,104,Unhealthy for Sensitive Groups,36.6,52.1,675.6,35.8,15.9,51.8,27.6,71.3,5.2,1008.0
2026-07-01T07:06:51,Abuja,9.0765,7.3986,76,Moderate,23.8,37.1,532.9,33.9,10.6,56.6,28.9,68.7,1.8,1013.9
2026-07-01T07:06:51,Port Harcourt,4.8156,7.0498,137,Unhealthy for Sensitive Groups,50.0,94.4,909.7,51.5,25.3,20.5,26.7,65.3,2.6,1010.9
2026-07-01T07:06:51,Kano,12.0022,8.592,97,Moderate,33.8,47.9,736.0,34.1,20.5,27.3,26.8,49.4,1.7,1006.6
2026-07-01T07:06:51,Ibadan,7.3775,3.947,86,Moderate,28.6,46.7,607.1,32.6,15.9,25.0,26.3,61.4,1.8,1007.5
2026-07-01T07:06:51,Kaduna,10.5222,7.4383,92,Moderate,31.5,52.7,623.3,42.7,15.4,27.4,27.9,56.0,5.7,1011.7
2026-07-01T07:06:51,Ogun (Ode-Remo),6.85,3.6167,73,Moderate,22.6,32.0,549.2,32.6,14.9,42.4,28.5,67.2,4.7,1010.5
2026-07-01T08:06:51,Lagos,6.5244,3.3792,101,Unhealthy for Sensitive Groups,35.5,59.3,797.4,37.5,19.0,52.7,29.1,71.4,5.7,1007.6
2026-07-01T08:06:51,Abuja,9.0765,7.3986,74,Moderate,22.8,33.8,559.3,34.6,11.2,38.9,26.8,67.4,3.2,1006.2
2026-07-01T08:06:51,Port Harcourt,4.8156,7.0498,145,Unhealthy for Sensitive Groups,53.6,81.3,879.9,58.5,21.6,39.6,26.9,69.5,2.9,1012.8
2026-07-01T08:06:51,Kano,12.0022,8.592,107,Unhealthy for Sensitive Groups,37.8,54.4,778.4,47.0,13.0,25.5,29.8,63.0,1.3,1007.0
2026-07-01T08:06:51,Ibadan,7.3775,3.947,91,Moderate,31.0,54.6,639.4,43.0,19.9,60.7,27.7,62.1,4.2,1010.7
2026-07-01T08:06:51,Kaduna,10.5222,7.4383,95,Moderate,33.1,53.3,646.5,30.3,17.2,60.0,27.9,71.5,4.1,1008.4
2026-07-01T08:06:51,Ogun (Ode-Remo),6.85,3.6167,88,Moderate,29.7,49.5,679.8,40.4,11.7,58.9,28.9,79.8,4.8,1012.1
2026-07-01T09:06:51,Lagos,6.5244,3.3792,95,Moderate,32.9,48.1,694.9,39.0,13.7,49.7,29.8,50.9,4.0,1012.0
2026-07-01T09:06:51,Abuja,9.0765,7.3986,70,Moderate,21.1,35.8,518.3,30.1,10.5,53.0,30.0,47.2,1.5,1013.0
2026-07-01T09:06:51,Port Harcourt,4.8156,7.0498,132,Unhealthy for Sensitive Groups,47.9,70.2,848.8,44.2,16.0,31.0,27.2,60.1,2.9,1007.2
2026-07-01T09:06:51,Kano,12.0022,8.592,89,Moderate,30.1,52.1,676.6,39.8,19.3,30.2,30.5,51.5,2.8,1006.7
2026-07-01T09:06:51,Ibadan,7.3775,3.947,80,Moderate,25.7,47.8,564.9,32.7,11.6,39.9,27.3,77.0,4.6,1010.1
2026-07-01T09:06:51,Kaduna,10.5222,7.4383,89,Moderate,30.4,44.4,641.9,36.8,13.7,52.2,28.0,59.1,1.0,1012.5
2026-07-01T09:06:51,Ogun (Ode-Remo),6.85,3.6167,76,Moderate,23.8,38.7,616.1,33.1,14.4,25.5,29.2,56.9,3.6,1011.5
2026-07-01T10:06:51,Lagos,6.5244,3.3792,97,Moderate,34.0,64.0,594.0,30.8,15.0,48.7,31.0,58.9,4.6,1006.6
2026-07-01T10:06:51,Abuja,9.0765,7.3986,64,Moderate,18.4,30.0,476.6,29.0,11.6,48.7,29.2,66.4,3.9,1008.8
2026-07-01T10:06:51,Port Harcourt,4.8156,7.0498,128,Unhealthy for Sensitive Groups,46.6,84.1,722.5,49.6,28.3,54.3,28.8,70.2,4.9,1008.4
2026-07-01T10:06:51,Kano,12.0022,8.592,97,Moderate,34.0,63.6,642.5,33.1,16.9,50.7,27.4,65.0,1.5,1010.6
2026-07-01T10:06:51,Ibadan,7.3775,3.947,83,Moderate,27.2,47.6,624.3,39.0,16.5,32.0,26.3,73.5,4.2,1011.4
2026-07-01T10:06:51,Kaduna,10.5222,7.4383,86,Moderate,28.9,41.3,540.9,39.4,16.4,35.4,26.7,55.2,3.4,1008.7
2026-07-01T10:06:51,Ogun (Ode-Remo),6.85,3.6167,74,Moderate,23.1,32.6,564.5,23.9,15.4,23.4,27.3,60.0,2.3,1007.8
2026-07-01T11:06:51,Lagos,6.5244,3.3792,92,Moderate,31.8,46.1,701.6,42.6,17.1,26.7,31.3,72.4,2.7,1009.4
2026-07-01T11:06:51,Abuja,9.0765,7.3986,66,Moderate,19.0,34.4,532.9,24.3,12.3,26.5,27.0,49.1,2.5,1007.5
2026-07-01T11:06:51,Port Harcourt,4.8156,7.0498,127,Unhealthy for Sensitive Groups,46.2,73.9,861.5,39.1,25.5,39.4,29.5,60.7,2.7,1008.9
2026-07-01T11:06:51,Kano,12.0022,8.592,79,Moderate,25.2,37.7,544.5,36.5,14.1,61.4,26.8,52.5,3.5,1011.7
2026-07-01T11:06:51,Ibadan,7.3775,3.947,78,Moderate,25.1,38.5,569.7,33.6,11.9,46.6,31.1,74.5,1.1,1012.2
2026-07-01T11:06:51,Kaduna,10.5222,7.4383,81,Moderate,26.4,45.9,628.6,26.6,11.9,28.1,30.0,62.3,2.1,1011.4
2026-07-01T11:06:51,Ogun (Ode-Remo),6.85,3.6167,68,Moderate,20.0,32.6,539.7,29.7,12.4,37.2,30.7,75.4,1.8,1012.2
2026-07-01T12:06:51,Lagos,6.5244,3.3792,91,Moderate,31.1,48.8,706.8,41.4,12.2,60.3,29.7,74.0,4.5,1009.5
2026-07-01T12:06:51,Abuja,9.0765,7.3986,65,Moderate,18.8,30.3,466.3,24.9,9.8,48.5,30.0,67.6,6.0,1010.4
2026-07-01T12:06:51,Port Harcourt,4.8156,7.0498,132,Unhealthy for Sensitive Groups,48.3,73.8,691.9,41.9,27.2,58.7,27.5,65.2,4.2,1007.4
2026-07-01T12:06:51,Kano,12.0022,8.592,83,Moderate,27.5,44.5,677.9,29.0,13.4,37.4,27.6,53.0,1.6,1013.9
2026-07-01T12:06:51,Ibadan,7.3775,3.947,83,Moderate,27.1,43.3,612.0,38.5,14.6,29.8,28.6,74.0,2.3,1008.4
2026-07-01T12:06:51,Kaduna,10.5222,7.4383,79,Moderate,25.3,39.3,651.9,25.2,13.7,50.0,27.1,45.0,4.0,1007.0
2026-07-01T12:06:51,Ogun (Ode-Remo),6.85,3.6167,63,Moderate,17.8,25.2,507.0,28.2,12.7,44.8,31.3,56.5,2.6,1007.8
2026-07-01T13:06:51,Lagos,6.5244,3.3792,99,Moderate,34.9,53.6,748.5,40.3,17.0,38.9,30.3,54.4,5.3,1012.6
2026-07-01T13:06:51,Abuja,9.0765,7.3986,60,Moderate,16.3,25.4,474.3,20.2,10.0,23.8,27.3,73.5,5.8,1010.0
2026-07-01T13:06:51,Port Harcourt,4.8156,7.0498,125,Unhealthy for Sensitive Groups,45.4,78.8,795.8,53.9,26.2,35.7,28.1,67.1,1.7,1007.3
2026-07-01T13:06:51,Kano,12.0022,8.592,76,Moderate,23.9,35.1,600.6,32.8,13.8,24.2,28.3,49.1,2.4,1010.8
2026-07-01T13:06:51,Ibadan,7.3775,3.947,82,Moderate,26.7,42.5,563.0,31.5,17.4,51.4,27.1,67.3,4.9,1008.8
2026-07-01T13:06:51,Kaduna,10.5222,7.4383,75,Moderate,23.3,38.1,602.6,29.1,10.0,27.5,28.7,79.4,5.1,1012.7
2026-07-01T13:06:51,Ogun (Ode-Remo),6.85,3.6167,63,Moderate,17.8,28.7,471.2,29.0,9.7,37.4,27.4,76.5,3.2,1012.7
2026-07-01T14:06:51,Lagos,6.5244,3.3792,95,Moderate,33.1,50.4,657.3,40.0,15.4,22.8,31.1,51.4,2.1,1012.4
2026-07-01T14:06:51,Abuja,9.0765,7.3986,66,Moderate,19.4,31.1,552.4,26.3,9.4,24.3,30.6,55.2,2.4,1010.3
2026-07-01T14:06:51,Port Harcourt,4.8156,7.0498,126,Unhealthy for Sensitive Groups,45.7,78.4,822.3,56.8,15.1,26.9,28.0,56.1,2.5,1008.1
2026-07-01T14:06:51,Kano,12.0022,8.592,87,Moderate,29.2,47.4,631.1,31.8,18.4,29.6,27.2,74.4,3.4,1011.4
2026-07-01T14:06:51,Ibadan,7.3775,3.947,79,Moderate,25.5,47.5,564.6,29.2,17.6,55.1,26.8,47.4,4.5,1010.2
2026-07-01T14:06:51,Kaduna,10.5222,7.4383,83,Moderate,27.5,47.9,661.9,35.0,14.1,47.7,27.8,73.6,4.3,1007.4
2026-07-01T14:06:51,Ogun (Ode-Remo),6.85,3.6167,65,Moderate,18.7,33.1,532.2,24.8,11.2,39.1,27.9,58.3,5.1,1006.7
2026-07-01T15:06:51,Lagos,6.5244,3.3792,95,Moderate,33.1,57.9,619.7,30.0,21.0,25.1,30.6,62.1,4.8,1011.5
2026-07-01T15:06:51,Abuja,9.0765,7.3986,61,Moderate,16.9,29.9,512.8,24.8,9.0,27.9,30.9,73.8,2.8,1012.6
2026-07-01T15:06:51,Port Harcourt,4.8156,7.0498,125,Unhealthy for Sensitive Groups,45.1,73.1,893.8,45.2,21.9,59.1,29.1,51.4,1.1,1011.8
2026-07-01T15:06:51,Kano,12.0022,8.592,87,Moderate,29.1,47.8,550.8,33.8,16.6,25.5,27.7,59.0,4.0,1006.8
2026-07-01T15:06:51,Ibadan,7.3775,3.947,80,Moderate,25.9,38.4,564.9,34.6,11.7,29.7,31.7,60.8,5.1,1007.5
2026-07-01T15:06:51,Kaduna,10.5222,7.4383,82,Moderate,26.8,43.8,560.6,35.0,18.0,42.0,30.3,58.7,4.5,1006.9
2026-07-01T15:06:51,Ogun (Ode-Remo),6.85,3.6167,70,Moderate,20.9,36.8,482.5,30.5,9.9,42.5,30.0,71.2,2.6,1007.5
2026-07-01T16:06:51,Lagos,6.5244,3.3792,92,Moderate,31.7,56.9,571.1,32.5,17.9,34.1,29.7,61.6,3.7,1009.4
2026-07-01T16:06:51,Abuja,9.0765,7.3986,62,Moderate,17.4,29.2,543.0,21.4,12.8,53.3,28.3,80.0,3.2,1008.8
2026-07-01T16:06:51,Port Harcourt,4.8156,7.0498,134,Unhealthy for Sensitive Groups,49.0,85.8,715.5,43.5,16.3,22.7,31.2,64.2,1.1,1009.2
2026-07-01T16:06:51,Kano,12.0022,8.592,91,Moderate,31.0,44.4,729.2,33.8,16.7,61.5,27.4,74.3,4.6,1008.2
2026-07-01T16:06:51,Ibadan,7.3775,3.947,70,Moderate,21.0,37.5,501.1,32.1,11.8,48.0,30.0,75.4,1.8,1008.3
2026-07-01T16:06:51,Kaduna,10.5222,7.4383,79,Moderate,25.6,36.2,574.8,32.6,10.2,34.6,30.1,76.3,4.1,1006.3
2026-07-01T16:06:51,Ogun (Ode-Remo),6.85,3.6167,72,Moderate,22.3,35.3,512.7,24.6,12.5,23.1,30.9,59.0,5.3,1008.8
2026-07-01T17:06:51,Lagos,6.5244,3.3792,98,Moderate,34.2,59.9,629.4,34.8,13.1,29.3,27.3,63.8,4.8,1007.5
2026-07-01T17:06:51,Abuja,9.0765,7.3986,68,Moderate,20.1,38.2,554.6,24.5,13.9,46.5,28.4,69.9,4.2,1007.3
2026-07-01T17:06:51,Port Harcourt,4.8156,7.0498,129,Unhealthy for Sensitive Groups,46.8,71.6,717.7,53.4,26.8,32.7,27.9,54.9,4.1,1007.1
2026-07-01T17:06:51,Kano,12.0022,8.592,93,Moderate,31.9,49.0,705.9,39.4,15.2,40.8,29.7,59.2,3.4,1008.2
2026-07-01T17:06:51,Ibadan,7.3775,3.947,77,Moderate,24.3,38.2,580.1,30.4,14.8,26.6,27.0,71.3,1.0,1010.7
2026-07-01T17:06:51,Kaduna,10.5222,7.4383,94,Moderate,32.7,53.4,703.3,34.1,21.2,36.0,30.9,62.6,2.7,1011.6
2026-07-01T17:06:51,Ogun (Ode-Remo),6.85,3.6167,81,Moderate,26.3,42.6,644.6,29.8,18.2,25.7,29.9,58.6,3.4,1013.6
2026-07-01T18:06:51,Lagos,6.5244,3.3792,104,Unhealthy for Sensitive Groups,36.7,64.7,809.1,41.7,15.5,25.3,27.5,53.0,1.9,1006.1
2026-07-01T18:06:51,Abuja,9.0765,7.3986,68,Moderate,20.4,30.6,470.3,25.8,10.8,44.5,28.1,69.6,2.4,1008.1
2026-07-01T18:06:51,Port Harcourt,4.8156,7.0498,135,Unhealthy for Sensitive Groups,49.5,85.7,951.3,47.7,22.0,59.1,29.2,54.5,3.2,1013.8
2026-07-01T18:06:51,Kano,12.0022,8.592,93,Moderate,32.2,49.1,653.8,39.4,12.7,25.8,26.8,47.4,4.4,1013.8
2026-07-01T18:06:51,Ibadan,7.3775,3.947,84,Moderate,27.8,46.1,523.4,35.0,18.8,52.7,31.2,61.6,2.7,1009.4
2026-07-01T18:06:51,Kaduna,10.5222,7.4383,87,Moderate,29.1,50.3,594.5,37.9,13.8,50.7,30.4,54.7,4.8,1008.4
2026-07-01T18:06:51,Ogun (Ode-Remo),6.85,3.6167,81,Moderate,26.5,41.4,534.6,29.2,14.8,27.5,27.3,69.3,4.8,1006.5
2026-07-01T19:06:51,Lagos,6.5244,3.3792,108,Unhealthy for Sensitive Groups,38.4,72.6,735.2,46.5,14.1,55.9,28.8,75.5,3.9,1009.8
2026-07-01T19:06:51,Abuja,9.0765,7.3986,87,Moderate,29.3,50.9,550.9,41.7,17.8,58.8,31.3,75.3,1.6,1012.9
2026-07-01T19:06:51,Port Harcourt,4.8156,7.0498,144,Unhealthy for Sensitive Groups,52.8,89.8,922.8,58.5,24.5,40.7,29.5,55.8,2.7,1010.3
2026-07-01T19:06:51,Kano,12.0022,8.592,106,Unhealthy for Sensitive Groups,37.5,55.3,739.5,34.3,13.4,51.3,30.2,72.7,2.0,1011.3
2026-07-01T19:06:51,Ibadan,7.3775,3.947,98,Moderate,34.5,65.5,744.7,46.9,18.8,36.7,26.6,57.5,2.7,1006.8
2026-07-01T19:06:51,Kaduna,10.5222,7.4383,103,Unhealthy for Sensitive Groups,36.4,62.8,673.7,40.4,19.5,44.4,31.0,72.1,3.6,1007.0
2026-07-01T19:06:51,Ogun (Ode-Remo),6.85,3.6167,91,Moderate,31.3,54.1,620.1,35.3,12.7,28.8,31.0,78.8,4.7,1012.5
2026-07-01T20:06:51,Lagos,6.5244,3.3792,99,Moderate,35.1,50.1,779.5,39.5,20.7,37.5,26.5,67.0,1.3,1007.2
2026-07-01T20:06:51,Abuja,9.0765,7.3986,76,Moderate,24.1,43.7,602.5,32.6,13.3,45.7,27.5,59.5,3.3,1011.1
2026-07-01T20:06:51,Port Harcourt,4.8156,7.0498,142,Unhealthy for Sensitive Groups,52.0,82.3,796.7,49.1,15.4,52.4,30.4,57.0,3.3,1006.1
2026-07-01T20:06:51,Kano,12.0022,8.592,93,Moderate,32.1,50.5,722.4,38.0,20.6,23.1,28.3,77.0,2.9,1008.5
2026-07-01T20:06:51,Ibadan,7.3775,3.947,90,Moderate,30.5,53.7,706.1,30.4,16.6,56.7,27.6,69.5,5.1,1008.9
2026-07-01T20:06:51,Kaduna,10.5222,7.4383,96,Moderate,33.5,52.7,692.1,36.9,12.2,55.7,27.0,48.4,1.5,1013.5
2026-07-01T20:06:51,Ogun (Ode-Remo),6.85,3.6167,83,Moderate,27.3,39.7,545.1,33.2,13.0,47.3,30.7,54.3,2.6,1012.3
2026-07-01T21:06:51,Lagos,6.5244,3.3792,96,Moderate,33.5,63.5,591.8,42.9,17.8,53.3,27.1,63.3,3.3,1009.5
2026-07-01T21:06:51,Abuja,9.0765,7.3986,66,Moderate,19.0,31.6,484.1,30.3,10.9,61.1,27.6,45.1,4.9,1011.9
2026-07-01T21:06:51,Port Harcourt,4.8156,7.0498,144,Unhealthy for Sensitive Groups,52.8,86.5,725.3,53.0,20.2,29.0,26.0,58.1,3.1,1010.5
2026-07-01T21:06:51,Kano,12.0022,8.592,89,Moderate,30.2,42.7,642.2,41.1,13.8,50.2,28.5,49.7,4.6,1009.9
2026-07-01T21:06:51,Ibadan,7.3775,3.947,84,Moderate,27.9,45.8,592.8,29.4,18.9,60.5,30.1,45.6,2.8,1006.4
2026-07-01T21:06:51,Kaduna,10.5222,7.4383,88,Moderate,29.8,56.4,683.2,38.8,13.1,58.0,26.9,76.2,4.8,1009.4
2026-07-01T21:06:51,Ogun (Ode-Remo),6.85,3.6167,77,Moderate,24.3,34.5,621.7,35.7,10.2,37.6,29.0,63.4,1.8,1006.1
2026-07-01T22:06:51,Lagos,6.5244,3.3792,102,Unhealthy for Sensitive Groups,36.0,55.9,722.4,42.6,20.2,59.3,26.9,52.4,4.3,1007.3
2026-07-01T22:06:51,Abuja,9.0765,7.3986,65,Moderate,18.9,32.8,492.2,22.0,11.8,31.8,28.0,52.4,2.3,1012.6
2026-07-01T22:06:51,Port Harcourt,4.8156,7.0498,122,Unhealthy for Sensitive Groups,44.1,78.1,756.3,44.8,17.3,37.5,27.0,71.8,5.5,1012.5
2026-07-01T22:06:51,Kano,12.0022,8.592,84,Moderate,27.7,48.0,635.9,34.6,14.5,56.4,28.4,58.7,3.5,1013.8
2026-07-01T22:06:51,Ibadan,7.3775,3.947,76,Moderate,24.1,39.0,580.2,29.3,14.2,25.8,28.0,77.6,5.7,1013.9
2026-07-01T22:06:51,Kaduna,10.5222,7.4383,78,Moderate,25.1,36.6,628.6,26.0,15.8,46.7,30.0,77.3,2.6,1011.6
2026-07-01T22:06:51,Ogun (Ode-Remo),6.85,3.6167,64,Moderate,18.3,34.7,459.0,25.4,14.1,57.4,28.5,49.7,4.0,1011.1
2026-07-01T23:06:51,Lagos,6.5244,3.3792,87,Moderate,29.1,40.8,611.7,36.1,13.4,31.3,29.2,69.6,3.3,1011.5
2026-07-01T23:06:51,Abuja,9.0765,7.3986,65,Moderate,18.7,31.5,504.0,24.4,12.6,25.1,26.2,72.4,3.3,1007.0
2026-07-01T23:06:51,Port Harcourt,4.8156,7.0498,124,Unhealthy for Sensitive Groups,45.0,79.6,877.8,46.3,25.5,27.8,27.1,67.3,4.1,1008.2
2026-07-01T23:06:51,Kano,12.0022,8.592,82,Moderate,26.7,50.4,564.7,26.4,10.7,55.8,27.4,71.0,1.1,1013.1
2026-07-01T23:06:51,Ibadan,7.3775,3.947,85,Moderate,28.2,49.8,575.1,29.7,11.8,43.0,28.5,75.0,3.5,1007.0
2026-07-01T23:06:51,Kaduna,10.5222,7.4383,84,Moderate,27.6,46.6,554.2,30.1,14.2,33.7,26.7,50.7,5.1,1012.5
2026-07-01T23:06:51,Ogun (Ode-Remo),6.85,3.6167,67,Moderate,19.7,36.5,472.9,28.3,11.1,47.6,29.2,61.7,4.7,1012.8
2026-07-02T00:06:51,Lagos,6.5244,3.3792,99,Moderate,34.8,59.6,716.5,47.1,16.4,43.3,27.7,76.8,5.1,1006.6
2026-07-02T00:06:51,Abuja,9.0765,7.3986,65,Moderate,18.9,26.4,559.2,23.2,12.7,28.4,27.7,50.6,5.7,1008.2
2026-07-02T00:06:51,Port Harcourt,4.8156,7.0498,123,Unhealthy for Sensitive Groups,44.2,62.4,667.1,48.4,16.3,24.7,25.8,70.0,4.6,1007.9
2026-07-02T00:06:51,Kano,12.0022,8.592,78,Moderate,24.8,39.1,552.0,29.3,14.9,32.4,27.7,65.7,5.6,1006.5
2026-07-02T00:06:51,Ibadan,7.3775,3.947,78,Moderate,24.7,43.0,579.4,35.7,11.2,40.4,25.1,68.2,2.2,1007.7
2026-07-02T00:06:51,Kaduna,10.5222,7.4383,78,Moderate,24.8,42.5,597.8,27.4,16.0,58.3,26.3,59.3,3.7,1006.6
2026-07-02T00:06:51,Ogun (Ode-Remo),6.85,3.6167,62,Moderate,17.3,25.4,536.8,22.4,8.9,27.1,26.5,76.0,1.5,1007.8
2026-07-02T01:06:51,Lagos,6.5244,3.3792,90,Moderate,30.5,54.1,648.0,32.7,12.2,49.5,28.2,78.0,3.5,1010.0
2026-07-02T01:06:51,Abuja,9.0765,7.3986,63,Moderate,17.7,28.1,537.5,22.1,10.6,35.5,28.2,53.2,4.3,1011.6
2026-07-02T01:06:51,Port Harcourt,4.8156,7.0498,123,Unhealthy for Sensitive Groups,44.6,70.0,740.0,54.6,27.3,39.1,28.6,56.6,5.2,1013.6
2026-07-02T01:06:51,Kano,12.0022,8.592,80,Moderate,26.0,36.6,558.8,31.6,16.9,45.1,29.2,54.3,4.5,1010.7
2026-07-02T01:06:51,Ibadan,7.3775,3.947,82,Moderate,26.9,38.8,585.2,35.7,11.7,59.5,29.2,71.8,2.1,1008.1
2026-07-02T01:06:51,Kaduna,10.5222,7.4383,79,Moderate,25.4,47.2,601.2,31.6,16.4,45.3,27.0,57.3,4.1,1010.5
2026-07-02T01:06:51,Ogun (Ode-Remo),6.85,3.6167,66,Moderate,19.4,30.4,569.0,28.1,11.9,46.1,29.1,71.6,1.7,1009.4
2026-07-02T02:06:51,Lagos,6.5244,3.3792,84,Moderate,27.8,44.9,575.8,30.1,11.3,60.7,29.0,65.1,5.8,1014.0
2026-07-02T02:06:51,Abuja,9.0765,7.3986,61,Moderate,17.1,25.0,459.8,26.1,8.5,51.1,28.9,79.6,3.1,1007.1
2026-07-02T02:06:51,Port Harcourt,4.8156,7.0498,125,Unhealthy for Sensitive Groups,45.1,64.7,788.0,41.4,25.4,53.2,29.0,49.3,4.8,1008.0
2026-07-02T02:06:51,Kano,12.0022,8.592,85,Moderate,28.1,44.8,621.4,38.2,11.5,49.2,26.5,62.6,4.8,1008.7
2026-07-02T02:06:51,Ibadan,7.3775,3.947,83,Moderate,27.5,40.1,542.1,33.8,16.5,25.9,28.3,75.5,5.7,1012.1
2026-07-02T02:06:51,Kaduna,10.5222,7.4383,70,Moderate,21.1,34.1,516.8,23.4,9.7,54.2,26.3,49.1,2.2,1010.8
2026-07-02T02:06:51,Ogun (Ode-Remo),6.85,3.6167,68,Moderate,20.0,37.4,464.5,31.1,11.3,24.9,25.8,51.4,1.7,1006.3
2026-07-02T03:06:51,Lagos,6.5244,3.3792,89,Moderate,30.3,43.0,679.3,35.3,17.0,58.6,25.9,65.5,4.2,1009.9
2026-07-02T03:06:51,Abuja,9.0765,7.3986,58,Moderate,15.5,27.4,433.9,21.8,12.2,28.9,28.9,71.4,1.7,1013.9
2026-07-02T03:06:51,Port Harcourt,4.8156,7.0498,123,Unhealthy for Sensitive Groups,44.5,78.8,665.2,47.0,24.2,41.4,29.9,61.5,4.4,1008.5
2026-07-02T03:06:51,Kano,12.0022,8.592,84,Moderate,28.0,45.3,607.8,38.7,17.2,55.8,27.7,55.1,1.2,1014.0
2026-07-02T03:06:51,Ibadan,7.3775,3.947,80,Moderate,25.8,41.0,617.6,35.0,13.1,48.1,27.8,75.0,5.0,1007.8
2026-07-02T03:06:51,Kaduna,10.5222,7.4383,73,Moderate,22.5,42.0,604.2,26.3,14.2,25.5,29.4,78.9,1.4,1010.6
2026-07-02T03:06:51,Ogun (Ode-Remo),6.85,3.6167,65,Moderate,18.6,29.0,512.6,25.7,10.6,48.3,29.1,65.2,3.3,1007.7
2026-07-02T04:06:51,Lagos,6.5244,3.3792,88,Moderate,29.6,46.4,656.3,40.5,13.9,49.8,26.6,78.1,5.1,1010.4
2026-07-02T04:06:51,Abuja,9.0765,7.3986,59,Moderate,16.1,22.5,491.1,23.2,11.7,48.5,25.9,59.4,4.4,1012.9
2026-07-02T04:06:51,Port Harcourt,4.8156,7.0498,125,Unhealthy for Sensitive Groups,45.2,64.2,915.4,48.9,17.5,46.0,26.2,76.1,5.3,1007.7
2026-07-02T04:06:51,Kano,12.0022,8.592,81,Moderate,26.6,47.1,527.2,37.2,11.1,35.8,25.5,73.0,3.4,1007.7
2026-07-02T04:06:51,Ibadan,7.3775,3.947,70,Moderate,20.9,30.3,560.6,32.4,13.9,27.5,27.0,74.9,5.8,1010.6
2026-07-02T04:06:51,Kaduna,10.5222,7.4383,86,Moderate,28.5,47.1,596.6,27.9,16.7,26.6,27.5,77.1,2.3,1006.2
2026-07-02T04:06:51,Ogun (Ode-Remo),6.85,3.6167,70,Moderate,21.0,30.7,503.3,30.7,15.0,36.4,29.6,53.9,5.0,1009.9
2026-07-02T05:06:51,Lagos,6.5244,3.3792,88,Moderate,29.9,46.7,713.0,34.0,15.6,61.5,28.6,64.0,3.1,1007.5
2026-07-02T05:06:51,Abuja,9.0765,7.3986,53,Moderate,13.1,23.2,451.0,20.4,11.4,36.3,26.0,54.7,1.4,1010.4
2026-07-02T05:06:51,Port Harcourt,4.8156,7.0498,123,Unhealthy for Sensitive Groups,44.3,69.2,698.7,42.7,15.4,52.1,25.4,46.5,4.9,1009.8
2026-07-02T05:06:51,Kano,12.0022,8.592,88,Moderate,29.9,46.4,683.8,34.4,15.8,30.0,27.3,66.9,3.3,1012.1
2026-07-02T05:06:51,Ibadan,7.3775,3.947,67,Moderate,19.5,32.6,555.5,31.3,10.8,37.6,28.7,72.9,3.6,1010.8
2026-07-02T05:06:51,Kaduna,10.5222,7.4383,76,Moderate,24.0,37.7,602.7,26.1,13.8,52.0,30.0,68.2,5.4,1007.9
2026-07-02T05:06:51,Ogun (Ode-Remo),6.85,3.6167,71,Moderate,21.6,37.4,516.9,28.5,9.7,37.5,28.5,78.8,1.6,1007.8
2026-07-02T06:06:51,Lagos,6.5244,3.3792,100,Moderate,35.2,60.3,742.0,34.7,17.8,58.6,27.7,69.4,1.6,1013.8
2026-07-02T06:06:51,Abuja,9.0765,7.3986,68,Moderate,20.1,36.0,544.1,30.6,13.0,35.1,28.1,62.8,4.7,1008.4
2026-07-02T06:06:51,Port Harcourt,4.8156,7.0498,128,Unhealthy for Sensitive Groups,46.3,66.8,713.9,39.9,22.8,57.6,30.5,66.9,1.3,1011.2
2026-07-02T06:06:51,Kano,12.0022,8.592,83,Moderate,27.4,48.0,661.4,34.4,12.2,60.7,29.2,61.4,5.7,1010.3
2026-07-02T06:06:51,Ibadan,7.3775,3.947,76,Moderate,24.1,40.2,559.4,26.2,16.6,56.1,28.0,61.0,4.0,1007.2
2026-07-02T06:06:51,Kaduna,10.5222,7.4383,88,Moderate,29.8,55.1,663.6,39.2,11.3,61.3,30.2,65.9,4.1,1006.6
2026-07-02T06:06:51,Ogun (Ode-Remo),6.85,3.6167,69,Moderate,20.6,34.4,501.0,31.3,11.0,40.4,30.4,47.9,5.3,1010.0
2026-07-02T07:06:51,Lagos,6.5244,3.3792,49,Good,35.5,52.5,701.2,41.1,13.1,61.1,30.2,61.2,1.6,1012.7
2026-07-02T07:06:51,Abuja,9.0765,7.3986,75,Moderate,23.7,44.4,559.5,25.5,13.3,46.4,28.3,79.2,5.9,1013.5
2026-07-02T07:06:51,Port Harcourt,4.8156,7.0498,142,Unhealthy for Sensitive Groups,52.3,76.5,791.5,67.1,27.8,50.0,29.7,60.4,2.0,1011.5
2026-07-02T07:06:51,Kano,12.0022,8.592,99,Moderate,35.1,56.7,699.8,42.0,17.5,36.1,26.4,50.3,4.4,1008.4
2026-07-02T07:06:51,Ibadan,7.3775,3.947,90,Moderate,30.5,53.4,653.3,33.0,20.1,26.9,30.7,69.7,3.4,1012.6
2026-07-02T07:06:51,Kaduna,10.5222,7.4383,95,Moderate,33.2,51.0,574.0,30.5,16.7,47.7,27.8,55.6,5.2,1013.8
2026-07-02T07:06:51,Ogun (Ode-Remo),6.85,3.6167,84,Moderate,27.8,52.8,555.0,38.4,12.4,22.9,29.3,57.4,4.0,1007.2
2026-07-02T08:06:51,Lagos,6.5244,3.3792,115,Unhealthy for Sensitive Groups,41.1,68.0,696.5,51.8,25.3,30.6,28.6,58.4,5.6,1010.1
2026-07-02T08:06:51,Abuja,9.0765,7.3986,80,Moderate,25.8,43.5,563.2,34.3,16.1,60.6,29.7,45.6,1.3,1008.1
2026-07-02T08:06:51,Port Harcourt,4.8156,7.0498,138,Unhealthy for Sensitive Groups,50.5,93.4,851.3,51.4,19.6,47.8,26.8,51.5,2.7,1011.9
2026-07-02T08:06:51,Kano,12.0022,8.592,99,Moderate,34.8,63.2,591.8,34.4,16.3,54.5,29.1,54.0,4.0,1009.2
2026-07-02T08:06:51,Ibadan,7.3775,3.947,95,Moderate,32.8,52.1,755.6,35.2,19.7,30.1,29.5,73.4,4.5,1006.4
2026-07-02T08:06:51,Kaduna,10.5222,7.4383,87,Moderate,29.4,52.6,678.5,35.5,18.5,49.3,29.5,64.3,1.3,1012.1
2026-07-02T08:06:51,Ogun (Ode-Remo),6.85,3.6167,87,Moderate,29.1,52.4,596.4,30.8,19.1,43.3,27.7,48.5,1.8,1011.1
2026-07-02T09:06:51,Lagos,6.5244,3.3792,113,Unhealthy for Sensitive Groups,40.6,62.4,816.6,42.7,24.5,41.3,30.1,54.9,2.5,1010.7
2026-07-02T09:06:51,Abuja,9.0765,7.3986,63,Moderate,17.9,32.1,497.7,26.4,11.3,39.8,29.5,47.9,3.7,1010.9
2026-07-02T09:06:51,Port Harcourt,4.8156,7.0498,140,Unhealthy for Sensitive Groups,51.5,95.6,883.1,42.7,17.7,31.7,27.3,57.8,1.0,1011.1
2026-07-02T09:06:51,Kano,12.0022,8.592,89,Moderate,30.3,46.1,692.2,35.2,16.1,39.4,29.2,46.3,1.8,1007.1
2026-07-02T09:06:51,Ibadan,7.3775,3.947,85,Moderate,28.3,46.4,592.5,40.9,16.2,56.1,31.0,64.2,2.7,1011.4
2026-07-02T09:06:51,Kaduna,10.5222,7.4383,89,Moderate,30.3,49.0,567.9,34.9,19.2,61.3,27.8,51.8,3.2,1006.5
2026-07-02T09:06:51,Ogun (Ode-Remo),6.85,3.6167,85,Moderate,28.3,50.3,552.5,40.3,15.8,56.5,27.4,78.6,5.7,1008.4
2026-07-02T10:06:51,Lagos,6.5244,3.3792,104,Unhealthy for Sensitive Groups,36.7,54.1,712.4,38.4,18.4,43.1,28.4,56.3,1.9,1011.6
2026-07-02T10:06:51,Abuja,9.0765,7.3986,62,Moderate,17.2,28.5,458.5,27.3,11.2,38.9,29.3,74.2,4.4,1006.5
2026-07-02T10:06:51,Port Harcourt,4.8156,7.0498,124,Unhealthy for Sensitive Groups,44.9,63.3,890.1,54.4,17.2,49.3,29.5,63.9,2.9,1010.2
2026-07-02T10:06:51,Kano,12.0022,8.592,91,Moderate,31.0,53.7,581.0,41.8,20.2,41.3,26.3,75.1,1.4,1010.8
2026-07-02T10:06:51,Ibadan,7.3775,3.947,89,Moderate,30.2,48.2,637.2,32.4,17.3,29.8,30.4,58.8,1.7,1012.0
2026-07-02T10:06:51,Kaduna,10.5222,7.4383,85,Moderate,28.1,42.5,650.3,39.3,17.3,44.9,31.1,45.5,4.6,1012.5
2026-07-02T10:06:51,Ogun (Ode-Remo),6.85,3.6167,83,Moderate,27.3,50.4,594.7,28.2,18.1,22.3,27.4,64.5,2.6,1013.4
2026-07-02T11:06:51,Lagos,6.5244,3.3792,93,Moderate,31.9,57.0,563.4,41.0,18.1,54.3,28.3,68.2,5.1,1013.8
2026-07-02T11:06:51,Abuja,9.0765,7.3986,65,Moderate,18.6,33.9,455.0,21.9,11.1,41.3,29.4,55.8,4.7,1011.9
2026-07-02T11:06:51,Port Harcourt,4.8156,7.0498,124,Unhealthy for Sensitive Groups,44.8,76.4,744.9,51.2,15.4,41.5,26.7,74.2,1.6,1013.0
2026-07-02T11:06:51,Kano,12.0022,8.592,90,Moderate,30.6,49.1,611.8,38.4,12.0,59.7,30.0,49.9,1.6,1011.9
2026-07-02T11:06:51,Ibadan,7.3775,3.947,83,Moderate,27.3,49.7,634.1,32.6,11.8,27.8,29.8,55.2,1.7,1007.7
2026-07-02T11:06:51,Kaduna,10.5222,7.4383,71,Moderate,21.8,32.5,480.2,26.9,13.6,32.6,27.8,66.2,3.4,1007.0
2026-07-02T11:06:51,Ogun (Ode-Remo),6.85,3.6167,76,Moderate,24.2,34.5,552.7,26.2,15.8,53.2,30.4,78.3,2.2,1012.3
2026-07-02T12:06:51,Lagos,6.5244,3.3792,89,Moderate,30.1,49.7,647.4,41.1,18.9,39.6,29.1,61.0,4.6,1009.3
2026-07-02T12:06:51,Abuja,9.0765,7.3986,63,Moderate,17.6,30.9,458.3,29.0,11.3,54.6,30.1,50.8,1.6,1012.2
2026-07-02T12:06:51,Port Harcourt,4.8156,7.0498,121,Unhealthy for Sensitive Groups,43.7,63.3,799.3,54.5,22.4,41.7,30.0,54.0,2.8,1010.8
2026-07-02T12:06:51,Kano,12.0022,8.592,88,Moderate,29.6,53.6,705.0,41.5,13.1,57.4,27.7,49.3,5.0,1008.6
2026-07-02T12:06:51,Ibadan,7.3775,3.947,82,Moderate,27.0,37.9,633.8,34.0,15.9,61.8,27.2,78.3,3.1,1012.7
2026-07-02T12:06:51,Kaduna,10.5222,7.4383,72,Moderate,22.1,36.9,542.0,31.3,11.8,59.4,27.6,70.0,5.7,1012.2
2026-07-02T12:06:51,Ogun (Ode-Remo),6.85,3.6167,69,Moderate,20.6,30.9,568.2,23.1,15.1,34.0,31.0,49.3,4.7,1013.6
2026-07-02T13:06:51,Lagos,6.5244,3.3792,91,Moderate,30.9,50.5,727.1,33.8,17.6,47.9,30.9,74.8,5.3,1009.0
2026-07-02T13:06:51,Abuja,9.0765,7.3986,65,Moderate,18.6,33.3,452.5,28.7,10.3,25.7,30.2,65.2,1.4,1009.6
2026-07-02T13:06:51,Port Harcourt,4.8156,7.0498,126,Unhealthy for Sensitive Groups,45.6,68.5,798.9,57.6,15.2,52.5,27.0,64.5,5.7,1009.3
2026-07-02T13:06:51,Kano,12.0022,8.592,85,Moderate,28.5,50.5,567.9,33.1,11.9,29.2,31.5,60.4,2.3,1010.7
2026-07-02T13:06:51,Ibadan,7.3775,3.947,76,Moderate,23.8,44.9,516.2,24.9,16.8,48.6,29.6,78.9,4.1,1009.2
2026-07-02T13:06:51,Kaduna,10.5222,7.4383,78,Moderate,24.8,41.3,538.5,33.6,13.7,24.7,31.2,69.7,4.1,1008.2
2026-07-02T13:06:51,Ogun (Ode-Remo),6.85,3.6167,66,Moderate,19.4,33.7,543.5,21.7,9.6,35.5,27.2,67.0,3.4,1011.3
2026-07-02T14:06:51,Lagos,6.5244,3.3792,96,Moderate,33.4,59.4,741.5,30.6,12.4,46.9,31.4,79.9,4.7,1009.5
2026-07-02T14:06:51,Abuja,9.0765,7.3986,60,Moderate,16.6,27.9,469.2,22.1,8.8,46.3,30.4,53.0,3.5,1006.4
2026-07-02T14:06:51,Port Harcourt,4.8156,7.0498,124,Unhealthy for Sensitive Groups,44.6,80.9,728.4,37.7,14.9,32.7,31.6,78.6,1.5,1011.8
2026-07-02T14:06:51,Kano,12.0022,8.592,84,Moderate,27.9,52.3,576.1,32.6,16.3,60.7,31.2,77.8,2.8,1011.7
2026-07-02T14:06:51,Ibadan,7.3775,3.947,73,Moderate,22.4,36.8,571.6,34.1,13.9,37.8,30.3,72.8,4.3,1012.2
2026-07-02T14:06:51,Kaduna,10.5222,7.4383,71,Moderate,21.7,40.9,503.4,31.1,10.7,37.7,30.9,50.0,5.9,1011.6
2026-07-02T14:06:51,Ogun (Ode-Remo),6.85,3.6167,61,Moderate,17.0,30.1,482.1,20.8,13.4,59.7,28.5,54.5,5.9,1009.1
2026-07-02T15:06:51,Lagos,6.5244,3.3792,92,Moderate,31.6,58.1,637.2,39.9,19.9,23.7,31.0,55.3,2.9,1007.2
2026-07-02T15:06:51,Abuja,9.0765,7.3986,61,Moderate,16.7,27.3,472.0,21.3,13.0,57.6,29.8,77.0,4.7,1009.4
2026-07-02T15:06:51,Port Harcourt,4.8156,7.0498,118,Unhealthy for Sensitive Groups,42.3,70.3,701.3,48.6,15.7,50.7,29.1,48.7,4.2,1008.9
2026-07-02T15:06:51,Kano,12.0022,8.592,81,Moderate,26.5,49.9,608.0,37.0,15.6,60.0,30.5,72.6,2.2,1010.4
2026-07-02T15:06:51,Ibadan,7.3775,3.947,80,Moderate,26.0,39.9,609.5,30.3,11.1,25.7,29.4,68.4,3.5,1006.2
2026-07-02T15:06:51,Kaduna,10.5222,7.4383,78,Moderate,24.9,36.3,573.6,25.4,12.1,37.9,31.1,48.0,2.4,1010.9
2026-07-02T15:06:51,Ogun (Ode-Remo),6.85,3.6167,64,Moderate,18.4,30.0,511.6,29.1,12.5,54.9,30.8,52.9,1.5,1014.0
2026-07-02T16:06:51,Lagos,6.5244,3.3792,92,Moderate,31.8,57.1,586.7,30.3,19.7,46.6,28.0,76.9,1.7,1009.7
2026-07-02T16:06:51,Abuja,9.0765,7.3986,62,Moderate,17.1,30.1,464.7,20.9,10.3,43.4,31.3,51.3,5.0,1013.9
2026-07-02T16:06:51,Port Harcourt,4.8156,7.0498,125,Unhealthy for Sensitive Groups,45.3,83.5,708.2,41.3,19.5,34.0,27.6,79.9,3.2,1008.8
2026-07-02T16:06:51,Kano,12.0022,8.592,91,Moderate,31.0,49.0,698.9,30.5,19.3,56.2,28.8,76.8,3.0,1013.8
2026-07-02T16:06:51,Ibadan,7.3775,3.947,79,Moderate,25.3,38.9,615.4,35.2,11.4,41.8,30.1,60.2,3.9,1006.8
2026-07-02T16:06:51,Kaduna,10.5222,7.4383,84,Moderate,27.7,44.0,528.7,29.4,12.1,39.5,27.1,55.7,3.7,1008.8
2026-07-02T16:06:51,Ogun (Ode-Remo),6.85,3.6167,70,Moderate,21.3,33.7,581.9,29.9,14.6,61.4,28.9,67.3,5.3,1008.2
2026-07-02T17:06:51,Lagos,6.5244,3.3792,93,Moderate,32.1,45.1,711.7,43.7,17.9,28.1,28.9,57.1,3.9,1011.1
2026-07-02T17:06:51,Abuja,9.0765,7.3986,66,Moderate,19.2,31.4,486.2,29.6,10.7,45.2,26.7,52.0,3.8,1008.4
2026-07-02T17:06:51,Port Harcourt,4.8156,7.0498,136,Unhealthy for Sensitive Groups,49.7,77.6,808.2,58.8,21.4,49.1,29.7,64.7,2.1,1012.1
2026-07-02T17:06:51,Kano,12.0022,8.592,84,Moderate,27.6,50.0,559.9,29.5,17.9,58.9,29.8,75.8,4.8,1009.3
2026-07-02T17:06:51,Ibadan,7.3775,3.947,85,Moderate,28.3,50.9,558.0,38.5,10.8,44.4,29.3,73.4,3.4,1010.2
2026-07-02T17:06:51,Kaduna,10.5222,7.4383,84,Moderate,27.6,50.9,673.4,39.1,17.2,45.9,30.5,56.9,5.1,1009.5
2026-07-02T17:06:51,Ogun (Ode-Remo),6.85,3.6167,73,Moderate,22.4,34.2,547.8,28.2,15.1,62.1,27.1,48.5,5.0,1007.9
2026-07-02T18:06:51,Lagos,6.5244,3.3792,99,Moderate,34.9,63.7,621.3,37.7,17.1,31.0,29.4,65.1,6.0,1008.4
2026-07-02T18:06:51,Abuja,9.0765,7.3986,76,Moderate,24.2,41.0,564.8,33.8,11.2,58.6,30.3,53.6,1.0,1009.3
2026-07-02T18:06:51,Port Harcourt,4.8156,7.0498,136,Unhealthy for Sensitive Groups,49.6,93.2,829.7,49.6,25.7,59.4,29.5,63.1,6.0,1008.4
2026-07-02T18:06:51,Kano,12.0022,8.592,97,Moderate,33.8,61.2,760.8,38.2,15.9,55.3,30.1,75.7,5.1,1012.6
2026-07-02T18:06:51,Ibadan,7.3775,3.947,89,Moderate,30.4,54.6,565.8,39.7,19.9,57.9,27.4,66.0,1.9,1010.4
2026-07-02T18:06:51,Kaduna,10.5222,7.4383,92,Moderate,31.5,55.6,562.4,30.6,15.0,50.7,29.9,75.0,5.7,1009.7
2026-07-02T18:06:51,Ogun (Ode-Remo),6.85,3.6167,81,Moderate,26.5,46.0,528.8,36.3,15.9,44.8,30.7,58.2,3.6,1013.4
2026-07-02T19:06:51,Lagos,6.5244,3.3792,117,Unhealthy for Sensitive Groups,41.8,64.3,776.9,49.5,22.7,22.8,29.4,62.4,5.5,1008.3
2026-07-02T19:06:51,Abuja,9.0765,7.3986,78,Moderate,24.9,45.3,630.3,36.8,10.0,48.8,30.6,70.5,1.5,1010.2
2026-07-02T19:06:51,Port Harcourt,4.8156,7.0498,140,Unhealthy for Sensitive Groups,51.2,93.5,715.9,61.7,25.8,30.9,29.1,64.5,5.6,1007.2
2026-07-02T19:06:51,Kano,12.0022,8.592,101,Unhealthy for Sensitive Groups,35.6,56.1,713.2,45.8,20.0,39.6,26.5,46.8,4.2,1011.0
2026-07-02T19:06:51,Ibadan,7.3775,3.947,90,Moderate,30.5,44.7,581.8,30.8,16.2,56.0,26.5,79.3,3.5,1008.9
2026-07-02T19:06:51,Kaduna,10.5222,7.4383,97,Moderate,33.9,56.2,604.0,36.8,19.4,58.6,27.0,45.5,5.0,1013.6
2026-07-02T19:06:51,Ogun (Ode-Remo),6.85,3.6167,86,Moderate,28.6,48.6,665.6,40.9,15.7,26.8,30.2,57.6,4.4,1013.2
2026-07-02T20:06:51,Lagos,6.5244,3.3792,111,Unhealthy for Sensitive Groups,39.4,62.1,765.8,45.9,20.9,49.9,29.5,74.3,4.1,1013.2
2026-07-02T20:06:51,Abuja,9.0765,7.3986,73,Moderate,22.4,32.0,613.1,31.4,10.1,59.6,30.7,63.2,4.5,1009.0
2026-07-02T20:06:51,Port Harcourt,4.8156,7.0498,132,Unhealthy for Sensitive Groups,48.0,70.5,789.5,52.8,17.9,52.6,26.6,59.0,5.6,1011.9
2026-07-02T20:06:51,Kano,12.0022,8.592,92,Moderate,31.7,50.8,673.7,34.0,12.1,28.1,28.7,78.9,5.2,1012.1
2026-07-02T20:06:51,Ibadan,7.3775,3.947,88,Moderate,29.5,55.2,535.7,32.1,19.3,42.8,30.1,68.1,3.2,1010.6
2026-07-02T20:06:51,Kaduna,10.5222,7.4383,85,Moderate,28.3,47.2,583.4,32.5,15.9,36.6,29.5,72.4,5.1,1010.9
2026-07-02T20:06:51,Ogun (Ode-Remo),6.85,3.6167,77,Moderate,24.5,43.4,546.9,34.3,16.2,45.5,28.8,77.9,5.1,1011.0
2026-07-02T21:06:51,Lagos,6.5244,3.3792,99,Moderate,34.8,56.4,699.7,43.6,12.9,33.3,29.7,51.1,1.7,1010.3
2026-07-02T21:06:51,Abuja,9.0765,7.3986,66,Moderate,19.1,27.6,467.8,29.3,9.2,45.8,28.2,78.7,2.2,1008.1
2026-07-02T21:06:51,Port Harcourt,4.8156,7.0498,135,Unhealthy for Sensitive Groups,49.2,73.1,937.4,56.5,23.3,56.4,29.0,55.5,4.7,1010.6
2026-07-02T21:06:51,Kano,12.0022,8.592,95,Moderate,33.2,59.6,629.0,37.8,19.0,32.1,29.4,73.9,5.0,1007.6
2026-07-02T21:06:51,Ibadan,7.3775,3.947,84,Moderate,27.7,52.5,580.6,34.1,12.3,26.2,30.1,53.3,1.9,1008.4
2026-07-02T21:06:51,Kaduna,10.5222,7.4383,82,Moderate,27.0,42.2,559.0,28.6,14.2,39.9,28.3,78.8,3.4,1012.8
2026-07-02T21:06:51,Ogun (Ode-Remo),6.85,3.6167,77,Moderate,24.4,34.5,578.1,24.9,16.8,26.5,30.6,73.1,4.6,1012.8
2026-07-02T22:06:51,Lagos,6.5244,3.3792,98,Moderate,34.4,63.8,746.4,35.0,20.4,40.8,29.9,71.1,2.7,1006.9
2026-07-02T22:06:51,Abuja,9.0765,7.3986,67,Moderate,19.8,34.6,545.6,25.0,10.6,26.0,26.8,72.3,3.9,1007.2
2026-07-02T22:06:51,Port Harcourt,4.8156,7.0498,114,Unhealthy for Sensitive Groups,40.9,73.1,713.0,51.3,18.3,55.6,30.2,52.9,4.3,1010.8
2026-07-02T22:06:51,Kano,12.0022,8.592,82,Moderate,26.7,49.0,664.6,37.8,12.1,60.3,30.4,67.6,4.1,1013.3
2026-07-02T22:06:51,Ibadan,7.3775,3.947,85,Moderate,28.3,48.2,563.2,32.1,11.8,47.1,26.2,53.9,2.9,1013.2
2026-07-02T22:06:51,Kaduna,10.5222,7.4383,70,Moderate,21.3,39.8,505.4,29.2,11.3,25.4,26.7,71.8,2.4,1013.0
2026-07-02T22:06:51,Ogun (Ode-Remo),6.85,3.6167,71,Moderate,21.6,33.9,598.9,25.6,12.2,24.8,28.1,79.7,2.3,1012.3
2026-07-02T23:06:51,Lagos,6.5244,3.3792,94,Moderate,32.6,61.3,728.4,41.3,21.1,60.4,29.7,57.8,5.0,1006.1
2026-07-02T23:06:51,Abuja,9.0765,7.3986,61,Moderate,16.8,26.9,488.2,28.2,9.4,35.7,27.0,49.2,1.8,1011.5
2026-07-02T23:06:51,Port Harcourt,4.8156,7.0498,123,Unhealthy for Sensitive Groups,44.4,70.6,736.0,37.5,21.1,26.5,28.2,52.7,1.3,1011.9
2026-07-02T23:06:51,Kano,12.0022,8.592,84,Moderate,28.0,49.0,552.0,32.4,14.2,32.6,26.1,57.9,5.7,1006.9
2026-07-02T23:06:51,Ibadan,7.3775,3.947,72,Moderate,22.1,33.8,533.6,31.0,13.0,25.6,29.3,79.8,4.5,1007.5
2026-07-02T23:06:51,Kaduna,10.5222,7.4383,77,Moderate,24.4,36.0,585.8,25.3,10.7,24.1,29.1,75.1,3.9,1006.3
2026-07-02T23:06:51,Ogun (Ode-Remo),6.85,3.6167,69,Moderate,20.6,34.4,504.2,26.5,11.3,55.6,29.9,75.0,2.7,1010.9
2026-07-03T00:06:51,Lagos,6.5244,3.3792,96,Moderate,33.5,58.1,702.7,39.9,19.9,59.3,25.0,53.2,1.1,1013.1
2026-07-03T00:06:51,Abuja,9.0765,7.3986,67,Moderate,19.5,27.8,554.4,24.9,9.4,33.0,26.3,63.0,4.4,1008.1
2026-07-03T00:06:51,Port Harcourt,4.8156,7.0498,119,Unhealthy for Sensitive Groups,43.0,72.9,773.9,40.6,17.3,36.5,25.2,47.9,3.9,1006.4
2026-07-03T00:06:51,Kano,12.0022,8.592,87,Moderate,29.3,54.6,614.5,37.5,11.9,50.6,25.5,75.2,4.9,1008.3
2026-07-03T00:06:51,Ibadan,7.3775,3.947,78,Moderate,24.9,45.2,590.1,30.2,11.1,62.2,26.7,45.9,4.0,1006.6
2026-07-03T00:06:51,Kaduna,10.5222,7.4383,73,Moderate,22.6,39.7,515.9,26.5,14.1,57.0,26.3,70.1,4.0,1008.8
2026-07-03T00:06:51,Ogun (Ode-Remo),6.85,3.6167,72,Moderate,22.1,33.5,586.7,24.4,14.2,48.4,26.1,62.4,1.9,1009.1
2026-07-03T01:06:51,Lagos,6.5244,3.3792,102,Unhealthy for Sensitive Groups,35.7,54.0,599.3,46.1,21.9,33.5,26.7,49.9,5.7,1008.4
2026-07-03T01:06:51,Abuja,9.0765,7.3986,61,Moderate,16.9,27.0,480.8,26.4,9.6,41.8,28.7,49.9,1.1,1012.6
2026-07-03T01:06:51,Port Harcourt,4.8156,7.0498,115,Unhealthy for Sensitive Groups,41.2,68.0,820.7,37.4,14.9,43.3,27.1,67.8,2.0,1010.9
2026-07-03T01:06:51,Kano,12.0022,8.592,82,Moderate,26.8,49.0,610.8,39.4,12.6,49.4,26.8,59.3,1.7,1008.3
2026-07-03T01:06:51,Ibadan,7.3775,3.947,69,Moderate,20.5,34.4,472.4,28.9,11.3,36.3,26.0,75.4,2.1,1006.1
2026-07-03T01:06:51,Kaduna,10.5222,7.4383,76,Moderate,23.9,39.6,525.5,28.3,12.5,55.5,26.7,67.5,5.4,1007.1
2026-07-03T01:06:51,Ogun (Ode-Remo),6.85,3.6167,69,Moderate,20.6,32.4,564.3,31.6,13.8,61.3,26.3,48.9,3.9,1013.3
2026-07-03T02:06:51,Lagos,6.5244,3.3792,89,Moderate,30.3,55.9,567.0,35.0,17.2,51.7,29.6,59.7,4.7,1007.2
2026-07-03T02:06:51,Abuja,9.0765,7.3986,64,Moderate,18.2,33.1,486.7,26.7,12.2,46.5,26.1,73.4,1.1,1006.5
2026-07-03T02:06:51,Port Harcourt,4.8156,7.0498,120,Unhealthy for Sensitive Groups,43.4,62.3,849.3,43.1,25.7,24.2,28.2,59.8,2.7,1008.6
2026-07-03T02:06:51,Kano,12.0022,8.592,86,Moderate,28.6,53.0,592.2,36.9,14.7,22.6,25.5,56.3,4.5,1011.5
2026-07-03T02:06:51,Ibadan,7.3775,3.947,80,Moderate,25.8,41.0,522.4,37.4,11.5,51.6,26.4,73.7,3.4,1010.2
2026-07-03T02:06:51,Kaduna,10.5222,7.4383,81,Moderate,26.2,41.0,573.5,34.2,13.9,61.3,27.9,50.6,1.2,1013.4
2026-07-03T02:06:51,Ogun (Ode-Remo),6.85,3.6167,69,Moderate,20.6,36.6,531.0,26.4,13.4,30.9,25.3,65.9,5.4,1009.2
2026-07-03T03:06:51,Lagos,6.5244,3.3792,88,Moderate,29.8,49.0,611.0,42.0,11.2,36.8,27.2,78.3,5.3,1006.8
2026-07-03T03:06:51,Abuja,9.0765,7.3986,68,Moderate,20.3,29.8,573.3,30.6,11.1,24.7,27.3,50.9,3.9,1012.6
2026-07-03T03:06:51,Port Harcourt,4.8156,7.0498,118,Unhealthy for Sensitive Groups,42.4,65.8,890.1,48.5,26.1,38.5,25.7,46.6,5.1,1007.6
2026-07-03T03:06:51,Kano,12.0022,8.592,88,Moderate,29.8,52.7,584.5,29.3,11.5,35.3,26.2,76.8,6.0,1013.5
2026-07-03T03:06:51,Ibadan,7.3775,3.947,81,Moderate,26.2,43.8,604.7,37.4,11.6,60.2,26.9,57.1,4.7,1013.7
2026-07-03T03:06:51,Kaduna,10.5222,7.4383,75,Moderate,23.5,40.0,601.3,30.1,15.2,43.0,27.9,57.0,2.1,1012.6
2026-07-03T03:06:51,Ogun (Ode-Remo),6.85,3.6167,69,Moderate,20.7,34.5,515.0,32.0,9.8,61.2,29.1,76.1,2.5,1010.6
2026-07-03T04:06:51,Lagos,6.5244,3.3792,95,Moderate,32.9,62.2,634.3,36.3,13.5,26.6,29.4,60.9,4.3,1011.1
2026-07-03T04:06:51,Abuja,9.0765,7.3986,60,Moderate,16.5,28.7,448.9,21.7,9.2,34.5,29.6,46.2,4.1,1008.0
2026-07-03T04:06:51,Port Harcourt,4.8156,7.0498,128,Unhealthy for Sensitive Groups,46.3,84.6,701.7,39.0,27.4,57.4,29.5,73.7,1.1,1011.6
2026-07-03T04:06:51,Kano,12.0022,8.592,89,Moderate,30.3,53.8,551.0,32.0,16.7,34.1,27.1,58.0,5.8,1010.5
2026-07-03T04:06:51,Ibadan,7.3775,3.947,77,Moderate,24.6,45.0,567.7,26.4,10.0,43.1,25.9,49.4,2.9,1011.9
2026-07-03T04:06:51,Kaduna,10.5222,7.4383,81,Moderate,26.1,41.6,665.6,26.7,10.8,59.8,26.3,62.6,3.9,1010.4
2026-07-03T04:06:51,Ogun (Ode-Remo),6.85,3.6167,71,Moderate,21.4,34.7,476.4,28.7,13.6,33.8,27.6,74.2,5.9,1008.0
2026-07-03T05:06:51,Lagos,6.5244,3.3792,88,Moderate,29.8,53.5,582.1,29.8,16.0,24.8,29.2,52.3,2.1,1013.0
2026-07-03T05:06:51,Abuja,9.0765,7.3986,63,Moderate,17.6,29.5,447.5,23.0,9.3,31.2,29.8,63.4,4.2,1012.4
2026-07-03T05:06:51,Port Harcourt,4.8156,7.0498,120,Unhealthy for Sensitive Groups,43.4,61.2,701.5,47.7,16.3,41.6,26.6,61.9,4.6,1007.1
2026-07-03T05:06:51,Kano,12.0022,8.592,84,Moderate,27.9,46.0,678.3,38.9,11.7,34.9,28.0,50.0,1.6,1006.4
2026-07-03T05:06:51,Ibadan,7.3775,3.947,76,Moderate,24.1,45.4,594.6,27.4,14.2,50.9,26.2,79.5,5.0,1010.0
2026-07-03T05:06:51,Kaduna,10.5222,7.4383,81,Moderate,26.4,48.2,595.0,26.5,14.0,43.3,27.5,54.4,5.2,1008.3
2026-07-03T05:06:51,Ogun (Ode-Remo),6.85,3.6167,66,Moderate,19.1,28.8,454.2,23.8,8.9,47.6,29.5,59.5,3.8,1010.5
2026-07-03T06:06:51,Lagos,6.5244,3.3792,94,Moderate,32.5,60.0,560.2,43.4,12.9,27.0,26.8,51.1,4.3,1006.2
2026-07-03T06:06:51,Abuja,9.0765,7.3986,77,Moderate,24.6,44.0,549.7,31.4,13.5,59.0,28.0,58.6,1.9,1008.6
2026-07-03T06:06:51,Port Harcourt,4.8156,7.0498,123,Unhealthy for Sensitive Groups,44.6,75.4,834.2,37.7,16.2,31.9,29.4,66.6,1.3,1011.2
2026-07-03T06:06:51,Kano,12.0022,8.592,94,Moderate,32.6,59.2,706.5,44.6,14.3,56.8,28.6,71.7,2.3,1008.5
2026-07-03T06:06:51,Ibadan,7.3775,3.947,78,Moderate,24.8,46.4,629.3,35.0,12.2,56.8,30.2,59.2,2.6,1006.7
2026-07-03T06:06:51,Kaduna,10.5222,7.4383,80,Moderate,25.8,46.0,562.1,31.3,15.9,27.0,26.7,70.6,5.4,1008.9
2026-07-03T06:06:51,Ogun (Ode-Remo),6.85,3.6167,75,Moderate,23.4,39.6,575.5,34.5,16.6,52.5,29.0,79.4,5.0,1008.1
2026-07-03T07:06:51,Lagos,6.5244,3.3792,106,Unhealthy for Sensitive Groups,37.6,57.0,673.4,35.8,13.1,50.9,28.3,71.1,3.4,1012.2
2026-07-03T07:06:51,Abuja,9.0765,7.3986,79,Moderate,25.5,45.5,512.6,37.9,14.1,53.1,30.7,79.1,1.5,1011.3
2026-07-03T07:06:51,Port Harcourt,4.8156,7.0498,132,Unhealthy for Sensitive Groups,48.1,73.8,930.4,54.7,27.1,21.0,30.0,67.7,2.2,1009.0
2026-07-03T07:06:51,Kano,12.0022,8.592,95,Moderate,33.2,63.0,717.7,32.4,20.1,48.0,29.7,46.9,1.7,1007.8
2026-07-03T07:06:51,Ibadan,7.3775,3.947,86,Moderate,28.6,53.5,557.0,28.0,17.1,44.3,28.1,75.6,5.8,1009.4
2026-07-03T07:06:51,Kaduna,10.5222,7.4383,89,Moderate,30.1,55.9,658.9,37.2,15.1,38.7,28.5,73.9,1.6,1010.3
2026-07-03T07:06:51,Ogun (Ode-Remo),6.85,3.6167,81,Moderate,26.5,49.6,563.3,30.7,17.9,27.7,30.0,79.5,2.2,1010.3
2026-07-03T08:06:51,Lagos,6.5244,3.3792,104,Unhealthy for Sensitive Groups,36.8,60.8,802.9,32.9,21.0,56.0,28.4,61.0,5.8,1006.5
2026-07-03T08:06:51,Abuja,9.0765,7.3986,82,Moderate,27.0,50.3,525.4,39.7,12.2,56.2,29.8,57.4,5.2,1012.8
2026-07-03T08:06:51,Port Harcourt,4.8156,7.0498,139,Unhealthy for Sensitive Groups,51.1,79.6,974.2,54.2,18.1,39.9,28.1,77.4,1.1,1008.0
2026-07-03T08:06:51,Kano,12.0022,8.592,97,Moderate,33.8,59.2,658.4,47.0,21.1,23.3,27.6,69.8,3.4,1009.9
2026-07-03T08:06:51,Ibadan,7.3775,3.947,93,Moderate,32.1,52.7,656.4,45.3,20.0,49.7,27.9,66.6,5.6,1012.0
2026-07-03T08:06:51,Kaduna,10.5222,7.4383,96,Moderate,33.5,56.7,595.9,34.5,14.6,34.2,26.2,59.7,5.9,1010.6
2026-07-03T08:06:51,Ogun (Ode-Remo),6.85,3.6167,87,Moderate,29.1,52.1,620.9,34.3,13.5,54.4,28.9,70.2,4.6,1011.2
2026-07-03T09:06:51,Lagos,6.5244,3.3792,103,Unhealthy for Sensitive Groups,36.2,63.0,695.6,48.1,13.0,24.6,29.0,47.3,2.4,1011.1
2026-07-03T09:06:51,Abuja,9.0765,7.3986,73,Moderate,22.4,40.4,573.0,33.7,9.7,50.8,30.7,64.7,3.8,1007.5
2026-07-03T09:06:51,Port Harcourt,4.8156,7.0498,136,Unhealthy for Sensitive Groups,49.7,79.4,744.5,48.4,20.2,45.0,27.2,79.2,3.5,1012.5
2026-07-03T09:06:51,Kano,12.0022,8.592,102,Unhealthy for Sensitive Groups,36.1,52.8,609.0,47.3,14.2,28.1,28.5,54.5,5.5,1010.7
2026-07-03T09:06:51,Ibadan,7.3775,3.947,90,Moderate,30.4,54.0,588.1,39.5,19.8,54.9,30.4,63.5,4.0,1010.9
2026-07-03T09:06:51,Kaduna,10.5222,7.4383,96,Moderate,33.4,61.8,743.0,30.3,12.9,32.2,28.8,77.6,4.7,1007.0
2026-07-03T09:06:51,Ogun (Ode-Remo),6.85,3.6167,83,Moderate,27.3,44.6,612.6,27.1,15.5,42.2,28.2,78.4,1.9,1010.5
2026-07-03T10:06:51,Lagos,6.5244,3.3792,96,Moderate,33.4,63.4,673.7,37.6,17.8,25.6,29.7,74.8,4.3,1012.2
2026-07-03T10:06:51,Abuja,9.0765,7.3986,75,Moderate,23.5,38.7,531.9,29.9,10.3,32.0,27.3,63.4,1.0,1013.3
2026-07-03T10:06:51,Port Harcourt,4.8156,7.0498,138,Unhealthy for Sensitive Groups,50.5,93.3,951.4,41.1,23.5,31.2,26.9,76.4,4.3,1006.7
2026-07-03T10:06:51,Kano,12.0022,8.592,97,Moderate,34.1,56.7,689.3,37.5,12.6,52.3,29.6,76.1,1.1,1011.5
2026-07-03T10:06:51,Ibadan,7.3775,3.947,87,Moderate,29.0,53.5,623.6,30.7,11.5,55.7,28.7,78.3,3.1,1009.0
2026-07-03T10:06:51,Kaduna,10.5222,7.4383,83,Moderate,27.1,47.3,678.1,28.1,17.5,59.0,30.7,57.4,3.0,1010.5
2026-07-03T10:06:51,Ogun (Ode-Remo),6.85,3.6167,67,Moderate,19.6,30.9,559.2,23.2,12.9,25.7,29.8,64.9,5.7,1011.8
2026-07-03T11:06:51,Lagos,6.5244,3.3792,90,Moderate,30.8,50.1,588.9,33.7,15.4,38.6,26.8,59.9,4.3,1009.0
2026-07-03T11:06:51,Abuja,9.0765,7.3986,58,Moderate,15.2,26.8,505.8,25.6,9.5,24.4,29.3,77.1,4.9,1012.8
2026-07-03T11:06:51,Port Harcourt,4.8156,7.0498,131,Unhealthy for Sensitive Groups,47.8,81.5,861.5,44.1,18.0,26.3,31.2,76.8,2.6,1010.3
2026-07-03T11:06:51,Kano,12.0022,8.592,85,Moderate,28.3,47.9,687.3,38.8,12.0,25.4,30.5,68.1,3.3,1013.6
2026-07-03T11:06:51,Ibadan,7.3775,3.947,72,Moderate,22.1,41.0,509.9,29.2,14.5,27.5,27.8,55.3,2.1,1011.9
2026-07-03T11:06:51,Kaduna,10.5222,7.4383,75,Moderate,23.7,43.8,617.0,31.2,14.1,62.4,26.6,70.9,2.8,1009.6
2026-07-03T11:06:51,Ogun (Ode-Remo),6.85,3.6167,68,Moderate,20.4,35.7,578.0,32.3,10.4,41.0,29.0,68.6,2.7,1010.6
2026-07-03T12:06:51,Lagos,6.5244,3.3792,97,Moderate,33.8,48.5,739.3,31.9,12.7,51.2,30.6,64.5,3.9,1010.5
2026-07-03T12:06:51,Abuja,9.0765,7.3986,71,Moderate,21.5,34.1,593.7,27.2,10.0,34.9,27.2,50.5,5.7,1012.3
2026-07-03T12:06:51,Port Harcourt,4.8156,7.0498,117,Unhealthy for Sensitive Groups,42.0,70.1,837.1,53.3,17.3,49.0,29.1,49.7,6.0,1013.8
2026-07-03T12:06:51,Kano,12.0022,8.592,80,Moderate,25.9,48.7,608.6,37.8,12.7,51.7,30.2,78.5,3.8,1007.7
2026-07-03T12:06:51,Ibadan,7.3775,3.947,73,Moderate,22.8,35.3,609.5,31.0,15.2,24.1,28.8,66.6,3.4,1008.8
2026-07-03T12:06:51,Kaduna,10.5222,7.4383,79,Moderate,25.4,46.2,547.3,31.3,11.1,29.8,30.3,77.1,5.7,1006.7
2026-07-03T12:06:51,Ogun (Ode-Remo),6.85,3.6167,76,Moderate,24.1,35.4,570.3,32.6,12.1,22.9,29.5,69.9,2.8,1007.0
2026-07-03T13:06:51,Lagos,6.5244,3.3792,86,Moderate,28.8,45.4,645.3,38.1,18.3,51.0,31.5,66.0,2.8,1010.6
2026-07-03T13:06:51,Abuja,9.0765,7.3986,69,Moderate,20.7,30.8,586.3,29.6,14.9,54.4,27.8,65.6,1.9,1008.5
2026-07-03T13:06:51,Port Harcourt,4.8156,7.0498,127,Unhealthy for Sensitive Groups,46.0,85.5,755.7,50.4,27.3,25.1,28.3,75.8,4.6,1012.1
2026-07-03T13:06:51,Kano,12.0022,8.592,84,Moderate,28.0,43.7,533.3,27.8,18.6,37.5,28.7,51.2,5.8,1012.9
2026-07-03T13:06:51,Ibadan,7.3775,3.947,75,Moderate,23.6,37.2,489.5,34.7,11.0,36.8,27.2,62.2,1.4,1010.1
2026-07-03T13:06:51,Kaduna,10.5222,7.4383,84,Moderate,27.6,43.7,628.0,31.8,14.1,42.6,29.6,78.1,1.5,1008.4
2026-07-03T13:06:51,Ogun (Ode-Remo),6.85,3.6167,74,Moderate,22.9,38.2,584.0,32.2,11.3,46.8,30.5,51.3,1.9,1011.2
2026-07-03T14:06:51,Lagos,6.5244,3.3792,92,Moderate,31.5,47.7,572.6,42.2,14.8,52.4,29.7,73.3,5.2,1013.8
2026-07-03T14:06:51,Abuja,9.0765,7.3986,62,Moderate,17.4,30.8,538.7,28.7,10.5,63.0,31.7,46.1,4.0,1013.4
2026-07-03T14:06:51,Port Harcourt,4.8156,7.0498,124,Unhealthy for Sensitive Groups,44.7,71.7,776.1,57.7,25.9,57.9,28.2,72.3,1.5,1007.5
2026-07-03T14:06:51,Kano,12.0022,8.592,85,Moderate,28.4,42.0,659.6,31.1,17.1,48.3,27.4,62.2,3.2,1012.5
2026-07-03T14:06:51,Ibadan,7.3775,3.947,70,Moderate,21.1,34.6,488.3,29.6,10.6,38.7,28.3,60.0,1.9,1012.5
2026-07-03T14:06:51,Kaduna,10.5222,7.4383,81,Moderate,26.5,49.0,604.3,37.1,13.7,35.3,28.4,51.2,1.7,1012.5
2026-07-03T14:06:51,Ogun (Ode-Remo),6.85,3.6167,66,Moderate,19.1,27.5,560.6,26.9,14.2,38.6,28.9,69.4,1.7,1008.7
2026-07-03T15:06:51,Lagos,6.5244,3.3792,94,Moderate,32.8,56.4,567.4,44.9,19.7,32.4,27.9,69.6,2.5,1008.7
2026-07-03T15:06:51,Abuja,9.0765,7.3986,65,Moderate,18.7,31.5,555.1,22.6,12.9,32.6,31.9,50.9,5.4,1006.7
2026-07-03T15:06:51,Port Harcourt,4.8156,7.0498,128,Unhealthy for Sensitive Groups,46.6,71.4,831.0,43.3,17.6,47.8,28.8,69.1,3.4,1010.0
2026-07-03T15:06:51,Kano,12.0022,8.592,83,Moderate,27.5,40.3,629.7,37.9,14.7,41.8,31.4,61.7,3.8,1009.4
2026-07-03T15:06:51,Ibadan,7.3775,3.947,72,Moderate,22.1,40.1,497.9,27.1,12.3,37.2,31.4,51.9,1.9,1006.3
2026-07-03T15:06:51,Kaduna,10.5222,7.4383,88,Moderate,29.7,44.7,630.3,36.4,16.4,26.0,28.4,49.1,2.4,1009.5
2026-07-03T15:06:51,Ogun (Ode-Remo),6.85,3.6167,65,Moderate,18.7,32.8,548.5,25.9,9.8,39.2,28.1,79.5,4.2,1008.7
2026-07-03T16:06:51,Lagos,6.5244,3.3792,95,Moderate,32.8,55.2,641.2,32.0,17.8,22.9,30.6,52.5,3.1,1008.7
2026-07-03T16:06:51,Abuja,9.0765,7.3986,70,Moderate,20.9,38.5,523.2,25.3,10.7,25.6,28.1,48.8,1.0,1009.1
2026-07-03T16:06:51,Port Harcourt,4.8156,7.0498,130,Unhealthy for Sensitive Groups,47.1,74.8,918.0,49.9,16.4,28.0,27.0,71.8,1.1,1008.2
2026-07-03T16:06:51,Kano,12.0022,8.592,88,Moderate,29.7,50.6,614.6,34.1,11.3,35.7,29.2,52.8,4.4,1007.2
2026-07-03T16:06:51,Ibadan,7.3775,3.947,76,Moderate,24.2,44.8,516.9,26.9,13.3,49.2,28.2,59.7,3.8,1012.4
2026-07-03T16:06:51,Kaduna,10.5222,7.4383,81,Moderate,26.4,49.0,667.2,35.7,17.6,49.0,27.5,52.2,5.2,1012.0
2026-07-03T16:06:51,Ogun (Ode-Remo),6.85,3.6167,69,Moderate,20.7,29.1,540.3,32.5,9.5,37.9,27.7,78.7,3.6,1006.0
2026-07-03T17:06:51,Lagos,6.5244,3.3792,99,Moderate,34.8,62.2,696.4,32.3,12.5,27.8,29.8,68.6,2.4,1011.3
2026-07-03T17:06:51,Abuja,9.0765,7.3986,79,Moderate,25.4,46.8,578.6,30.1,14.2,26.5,29.1,75.2,4.3,1011.5
2026-07-03T17:06:51,Port Harcourt,4.8156,7.0498,135,Unhealthy for Sensitive Groups,49.4,93.5,919.5,41.3,28.6,59.5,31.0,62.1,2.6,1009.7
2026-07-03T17:06:51,Kano,12.0022,8.592,91,Moderate,31.3,52.0,605.1,35.6,19.8,41.0,27.4,49.5,5.5,1012.7
2026-07-03T17:06:51,Ibadan,7.3775,3.947,79,Moderate,25.5,45.5,638.9,31.7,17.2,56.2,28.6,48.8,1.5,1006.2
2026-07-03T17:06:51,Kaduna,10.5222,7.4383,90,Moderate,30.6,57.6,644.3,40.6,11.2,55.2,26.8,52.1,5.7,1010.6
2026-07-03T17:06:51,Ogun (Ode-Remo),6.85,3.6167,67,Moderate,19.8,36.7,525.2,30.4,14.6,30.6,29.8,51.4,2.1,1008.8
2026-07-03T18:06:51,Lagos,6.5244,3.3792,103,Unhealthy for Sensitive Groups,36.2,55.6,753.5,33.8,16.9,32.7,29.9,62.0,4.3,1006.4
2026-07-03T18:06:51,Abuja,9.0765,7.3986,70,Moderate,20.9,38.1,504.4,25.9,15.2,25.9,27.4,58.1,4.7,1010.4
2026-07-03T18:06:51,Port Harcourt,4.8156,7.0498,135,Unhealthy for Sensitive Groups,49.2,69.8,910.1,48.8,19.4,44.5,30.2,65.8,3.6,1013.0
2026-07-03T18:06:51,Kano,12.0022,8.592,93,Moderate,32.1,45.7,571.5,30.0,12.5,38.8,27.0,68.1,3.8,1008.0
2026-07-03T18:06:51,Ibadan,7.3775,3.947,85,Moderate,28.2,50.4,565.9,36.5,13.5,61.2,30.2,60.2,2.4,1009.9
2026-07-03T18:06:51,Kaduna,10.5222,7.4383,93,Moderate,31.9,57.9,611.5,30.9,18.1,55.6,28.7,60.1,2.3,1012.9
2026-07-03T18:06:51,Ogun (Ode-Remo),6.85,3.6167,86,Moderate,28.9,49.1,630.7,40.2,16.9,57.3,27.4,50.2,5.1,1006.2
2026-07-03T19:06:51,Lagos,6.5244,3.3792,112,Unhealthy for Sensitive Groups,39.8,55.9,690.5,38.1,14.6,31.2,28.0,45.3,4.7,1007.4
2026-07-03T19:06:51,Abuja,9.0765,7.3986,78,Moderate,24.8,42.2,590.2,30.9,10.2,60.2,27.2,76.1,1.8,1006.8
2026-07-03T19:06:51,Port Harcourt,4.8156,7.0498,146,Unhealthy for Sensitive Groups,53.6,87.2,995.0,43.3,31.7,40.4,28.3,70.7,3.8,1010.1
2026-07-03T19:06:51,Kano,12.0022,8.592,94,Moderate,32.7,54.1,584.4,40.5,13.3,29.0,28.3,47.9,5.4,1008.4
2026-07-03T19:06:51,Ibadan,7.3775,3.947,90,Moderate,30.6,45.2,638.8,32.2,18.2,56.5,31.3,53.7,5.1,1007.6
2026-07-03T19:06:51,Kaduna,10.5222,7.4383,105,Unhealthy for Sensitive Groups,37.1,54.1,675.8,33.7,21.3,50.4,28.0,62.7,2.4,1011.0
2026-07-03T19:06:51,Ogun (Ode-Remo),6.85,3.6167,83,Moderate,27.5,51.7,675.2,37.6,13.1,33.9,28.1,51.3,3.6,1013.2
2026-07-03T20:06:51,Lagos,6.5244,3.3792,106,Unhealthy for Sensitive Groups,37.7,62.2,790.4,47.8,13.4,55.7,26.4,45.7,5.6,1012.9
2026-07-03T20:06:51,Abuja,9.0765,7.3986,70,Moderate,21.4,37.4,563.4,30.6,11.0,34.1,27.4,46.7,3.9,1012.7
2026-07-03T20:06:51,Port Harcourt,4.8156,7.0498,133,Unhealthy for Sensitive Groups,48.3,74.7,801.9,46.3,26.7,38.6,28.3,66.5,1.3,1010.1
2026-07-03T20:06:51,Kano,12.0022,8.592,95,Moderate,32.9,57.0,686.1,34.1,21.1,56.6,27.1,51.5,4.7,1010.8
2026-07-03T20:06:51,Ibadan,7.3775,3.947,93,Moderate,31.9,55.8,651.2,32.0,20.9,45.5,29.3,53.0,1.7,1006.3
2026-07-03T20:06:51,Kaduna,10.5222,7.4383,97,Moderate,34.1,59.8,637.0,46.2,16.2,58.9,30.1,56.1,5.2,1011.3
2026-07-03T20:06:51,Ogun (Ode-Remo),6.85,3.6167,79,Moderate,25.5,48.4,644.9,37.3,17.2,44.4,28.1,60.7,1.6,1010.4
2026-07-03T21:06:51,Lagos,6.5244,3.3792,99,Moderate,34.8,61.1,666.0,32.9,12.2,34.5,30.0,66.6,5.2,1013.4
2026-07-03T21:06:51,Abuja,9.0765,7.3986,65,Moderate,18.7,30.2,482.9,27.4,12.1,31.1,26.1,51.0,2.5,1006.7
2026-07-03T21:06:51,Port Harcourt,4.8156,7.0498,134,Unhealthy for Sensitive Groups,49.0,79.6,904.3,42.2,26.2,57.6,29.5,49.7,3.1,1009.6
2026-07-03T21:06:51,Kano,12.0022,8.592,87,Moderate,29.3,48.9,535.5,29.3,12.4,41.2,29.5,75.4,5.8,1010.8
2026-07-03T21:06:51,Ibadan,7.3775,3.947,91,Moderate,31.1,50.2,664.2,30.1,11.7,38.2,27.5,67.2,2.2,1008.7
2026-07-03T21:06:51,Kaduna,10.5222,7.4383,84,Moderate,27.7,47.5,522.6,28.5,13.7,60.0,29.4,54.3,1.8,1012.5
2026-07-03T21:06:51,Ogun (Ode-Remo),6.85,3.6167,70,Moderate,21.1,32.1,572.4,24.7,11.8,37.2,30.6,77.2,5.1,1013.3
2026-07-03T22:06:51,Lagos,6.5244,3.3792,94,Moderate,32.7,49.7,676.8,38.2,15.4,34.1,27.5,56.7,1.8,1010.1
2026-07-03T22:06:51,Abuja,9.0765,7.3986,62,Moderate,17.2,27.5,488.3,26.0,8.9,45.0,26.8,76.0,2.8,1009.6
2026-07-03T22:06:51,Port Harcourt,4.8156,7.0498,122,Unhealthy for Sensitive Groups,44.2,77.6,707.0,46.6,17.2,48.3,30.4,72.9,4.6,1007.0
2026-07-03T22:06:51,Kano,12.0022,8.592,87,Moderate,29.3,55.2,597.6,37.4,16.9,37.9,27.3,49.4,1.1,1006.9
2026-07-03T22:06:51,Ibadan,7.3775,3.947,78,Moderate,25.1,43.3,546.9,28.5,12.1,36.5,27.9,56.2,1.2,1006.3
2026-07-03T22:06:51,Kaduna,10.5222,7.4383,81,Moderate,26.5,39.7,650.8,38.5,17.1,52.3,25.8,47.4,3.8,1007.7
2026-07-03T22:06:51,Ogun (Ode-Remo),6.85,3.6167,72,Moderate,22.2,32.2,546.9,30.7,11.6,43.9,28.7,63.6,3.0,1010.4
2026-07-03T23:06:51,Lagos,6.5244,3.3792,89,Moderate,30.1,55.7,603.5,39.0,18.4,54.6,26.8,50.1,2.0,1010.8
2026-07-03T23:06:51,Abuja,9.0765,7.3986,62,Moderate,17.3,26.2,466.3,20.9,12.4,50.0,26.1,57.0,3.7,1013.8
2026-07-03T23:06:51,Port Harcourt,4.8156,7.0498,119,Unhealthy for Sensitive Groups,42.7,67.6,776.1,43.8,23.7,41.2,30.4,58.3,2.9,1012.1
2026-07-03T23:06:51,Kano,12.0022,8.592,88,Moderate,29.7,54.4,575.0,37.5,16.7,39.5,28.8,72.7,2.0,1008.4
2026-07-03T23:06:51,Ibadan,7.3775,3.947,78,Moderate,24.8,37.3,568.3,36.1,10.7,29.9,30.4,57.7,2.5,1006.8
2026-07-03T23:06:51,Kaduna,10.5222,7.4383,79,Moderate,25.6,39.2,563.3,32.8,15.0,41.8,29.0,51.3,2.5,1007.9
2026-07-03T23:06:51,Ogun (Ode-Remo),6.85,3.6167,64,Moderate,18.1,29.4,466.6,29.4,10.9,40.6,26.1,45.8,1.5,1010.5
2026-07-04T00:06:51,Lagos,6.5244,3.3792,94,Moderate,32.5,48.4,710.9,37.5,18.9,52.1,26.7,77.3,3.8,1011.1
2026-07-04T00:06:51,Abuja,9.0765,7.3986,64,Moderate,18.3,33.3,536.2,24.8,11.6,57.8,26.9,75.9,3.4,1006.6
2026-07-04T00:06:51,Port Harcourt,4.8156,7.0498,125,Unhealthy for Sensitive Groups,45.4,78.6,704.5,57.0,16.5,48.9,26.6,55.8,4.8,1009.6
2026-07-04T00:06:51,Kano,12.0022,8.592,82,Moderate,27.1,38.2,543.5,28.3,16.1,60.8,26.9,75.1,3.9,1007.6
2026-07-04T00:06:51,Ibadan,7.3775,3.947,73,Moderate,22.4,41.1,524.0,31.8,11.9,53.9,27.1,58.0,4.3,1007.7
2026-07-04T00:06:51,Kaduna,10.5222,7.4383,79,Moderate,25.3,45.6,562.4,29.7,13.7,26.3,25.1,75.8,4.8,1008.3
2026-07-04T00:06:51,Ogun (Ode-Remo),6.85,3.6167,65,Moderate,18.7,35.4,535.9,28.4,12.7,44.2,24.7,78.1,2.5,1010.7
2026-07-04T01:06:51,Lagos,6.5244,3.3792,98,Moderate,34.3,58.8,605.5,31.8,16.4,33.7,26.0,47.0,3.5,1008.5
2026-07-04T01:06:51,Abuja,9.0765,7.3986,69,Moderate,20.5,33.8,574.5,30.5,13.3,47.8,25.3,71.5,1.9,1013.9
2026-07-04T01:06:51,Port Harcourt,4.8156,7.0498,120,Unhealthy for Sensitive Groups,43.1,63.2,697.4,49.3,16.9,39.0,28.9,64.0,1.0,1013.1
2026-07-04T01:06:51,Kano,12.0022,8.592,88,Moderate,29.7,42.4,539.4,37.2,17.3,61.2,28.9,70.8,4.0,1010.4
2026-07-04T01:06:51,Ibadan,7.3775,3.947,78,Moderate,24.8,36.4,609.5,26.4,14.3,59.0,27.9,51.7,4.5,1013.4
2026-07-04T01:06:51,Kaduna,10.5222,7.4383,80,Moderate,26.0,45.0,526.2,31.7,12.7,26.9,28.2,69.7,4.9,1009.9
2026-07-04T01:06:51,Ogun (Ode-Remo),6.85,3.6167,70,Moderate,21.4,36.8,565.7,28.5,9.6,35.0,25.6,78.7,1.3,1012.6
2026-07-04T02:06:51,Lagos,6.5244,3.3792,87,Moderate,29.3,53.2,547.6,40.2,18.4,46.7,27.4,61.2,3.8,1012.3
2026-07-04T02:06:51,Abuja,9.0765,7.3986,72,Moderate,22.0,32.2,531.7,34.1,12.3,62.7,28.0,74.2,2.3,1013.3
2026-07-04T02:06:51,Port Harcourt,4.8156,7.0498,124,Unhealthy for Sensitive Groups,45.0,73.7,770.7,38.8,22.1,30.3,27.6,66.7,3.8,1012.6
2026-07-04T02:06:51,Kano,12.0022,8.592,83,Moderate,27.1,44.6,613.4,34.6,16.0,55.0,27.3,70.0,3.6,1009.4
2026-07-04T02:06:51,Ibadan,7.3775,3.947,72,Moderate,22.1,34.8,573.2,34.2,10.8,51.6,25.1,51.7,3.8,1008.0
2026-07-04T02:06:51,Kaduna,10.5222,7.4383,83,Moderate,27.5,44.1,558.7,30.5,14.7,57.8,28.7,47.1,4.9,1008.1
2026-07-04T02:06:51,Ogun (Ode-Remo),6.85,3.6167,74,Moderate,23.2,38.6,510.6,28.2,14.5,59.1,25.3,78.2,5.5,1011.7
2026-07-04T03:06:51,Lagos,6.5244,3.3792,95,Moderate,32.8,59.3,691.2,35.0,16.3,27.8,25.3,48.6,5.5,1008.7
2026-07-04T03:06:51,Abuja,9.0765,7.3986,63,Moderate,17.9,28.6,486.1,23.7,10.1,41.5,29.4,72.5,4.1,1010.2
2026-07-04T03:06:51,Port Harcourt,4.8156,7.0498,115,Unhealthy for Sensitive Groups,41.2,71.2,638.8,52.3,21.5,54.4,26.5,77.2,1.2,1009.3
2026-07-04T03:06:51,Kano,12.0022,8.592,77,Moderate,24.4,45.0,555.8,30.4,13.5,60.1,26.7,69.4,1.1,1008.3
2026-07-04T03:06:51,Ibadan,7.3775,3.947,80,Moderate,26.0,48.1,659.5,37.2,13.7,51.1,29.6,47.4,3.1,1013.5
2026-07-04T03:06:51,Kaduna,10.5222,7.4383,80,Moderate,25.7,41.7,567.4,37.2,12.2,51.6,26.7,73.6,2.5,1009.3
2026-07-04T03:06:51,Ogun (Ode-Remo),6.85,3.6167,63,Moderate,18.0,27.1,513.3,20.9,13.6,31.4,28.4,77.4,1.0,1007.9
2026-07-04T04:06:51,Lagos,6.5244,3.3792,96,Moderate,33.4,49.6,616.4,37.3,16.1,42.6,26.0,58.0,2.4,1009.3
2026-07-04T04:06:51,Abuja,9.0765,7.3986,65,Moderate,18.8,27.7,516.2,28.4,14.0,60.1,28.0,48.5,2.4,1010.3
2026-07-04T04:06:51,Port Harcourt,4.8156,7.0498,122,Unhealthy for Sensitive Groups,44.1,75.1,835.3,49.5,24.2,27.7,27.4,65.3,5.7,1006.7
2026-07-04T04:06:51,Kano,12.0022,8.592,79,Moderate,25.5,38.7,537.9,36.9,12.7,46.5,29.4,68.0,1.7,1008.3
2026-07-04T04:06:51,Ibadan,7.3775,3.947,70,Moderate,21.0,35.8,556.3,24.0,9.5,45.5,29.1,69.3,4.7,1009.2
2026-07-04T04:06:51,Kaduna,10.5222,7.4383,77,Moderate,24.4,36.7,587.3,36.3,14.4,35.7,28.2,45.7,4.6,1012.4
2026-07-04T04:06:51,Ogun (Ode-Remo),6.85,3.6167,74,Moderate,22.8,43.1,617.5,33.1,12.1,56.2,25.4,50.0,2.2,1011.3
2026-07-04T05:06:51,Lagos,6.5244,3.3792,95,Moderate,32.9,59.0,691.0,30.8,12.5,48.8,26.8,70.3,4.3,1013.3
2026-07-04T05:06:51,Abuja,9.0765,7.3986,63,Moderate,17.8,28.3,493.8,26.1,8.8,34.2,26.1,66.3,4.5,1006.3
2026-07-04T05:06:51,Port Harcourt,4.8156,7.0498,118,Unhealthy for Sensitive Groups,42.4,67.4,656.6,44.5,20.5,32.5,26.0,69.3,2.4,1010.2
2026-07-04T05:06:51,Kano,12.0022,8.592,90,Moderate,30.5,55.4,666.8,39.5,18.4,53.9,29.6,66.8,2.4,1012.0
2026-07-04T05:06:51,Ibadan,7.3775,3.947,82,Moderate,26.7,50.4,540.3,36.1,13.4,53.5,27.3,54.5,1.9,1007.3
2026-07-04T05:06:51,Kaduna,10.5222,7.4383,81,Moderate,26.3,48.8,631.0,33.0,15.4,43.1,27.1,51.9,1.8,1010.3
2026-07-04T05:06:51,Ogun (Ode-Remo),6.85,3.6167,70,Moderate,21.2,35.7,579.1,29.3,10.5,58.0,29.0,54.5,4.5,1009.3
2026-07-04T06:06:51,Lagos,6.5244,3.3792,99,Moderate,35.0,59.2,609.5,37.1,22.1,49.4,27.5,65.8,5.7,1008.5
2026-07-04T06:06:51,Abuja,9.0765,7.3986,70,Moderate,21.0,31.9,562.0,32.3,14.9,23.7,29.6,55.6,2.4,1009.9
2026-07-04T06:06:51,Port Harcourt,4.8156,7.0498,131,Unhealthy for Sensitive Groups,47.8,81.6,714.1,56.2,23.6,59.7,27.9,69.1,5.7,1013.9
2026-07-04T06:06:51,Kano,12.0022,8.592,86,Moderate,28.8,43.1,634.7,28.7,14.3,61.9,27.0,52.3,1.2,1006.1
2026-07-04T06:06:51,Ibadan,7.3775,3.947,83,Moderate,27.3,50.2,647.9,32.6,16.3,43.3,27.0,52.7,4.5,1010.4
2026-07-04T06:06:51,Kaduna,10.5222,7.4383,83,Moderate,27.5,49.6,670.9,31.1,12.3,51.6,30.2,46.3,1.1,1013.5
2026-07-04T06:06:51,Ogun (Ode-Remo),6.85,3.6167,72,Moderate,22.1,40.8,584.5,28.6,13.4,47.9,27.5,69.4,3.2,1011.3
2026-07-04T07:06:51,Lagos,6.5244,3.3792,111,Unhealthy for Sensitive Groups,39.5,71.4,774.8,50.1,21.7,48.5,28.3,67.6,3.1,1008.9
2026-07-04T07:06:51,Abuja,9.0765,7.3986,72,Moderate,22.3,40.9,496.5,34.3,12.4,55.8,27.0,59.6,4.2,1007.5
2026-07-04T07:06:51,Port Harcourt,4.8156,7.0498,136,Unhealthy for Sensitive Groups,49.7,77.5,854.8,64.6,20.2,25.2,28.5,63.2,4.2,1009.9
2026-07-04T07:06:51,Kano,12.0022,8.592,97,Moderate,33.8,50.0,738.5,45.4,12.1,24.2,27.8,66.6,1.6,1007.8
2026-07-04T07:06:51,Ibadan,7.3775,3.947,79,Moderate,25.3,38.4,508.3,27.0,16.8,59.6,27.0,72.7,4.2,1008.0
2026-07-04T07:06:51,Kaduna,10.5222,7.4383,88,Moderate,29.8,49.0,566.7,32.4,13.0,52.9,26.9,54.5,1.6,1012.3
2026-07-04T07:06:51,Ogun (Ode-Remo),6.85,3.6167,80,Moderate,25.8,37.6,645.5,31.7,11.6,35.5,30.4,54.0,4.4,1013.4
2026-07-04T08:06:51,Lagos,6.5244,3.3792,107,Unhealthy for Sensitive Groups,37.9,57.1,818.9,42.0,15.2,26.7,26.2,74.6,1.5,1012.2
2026-07-04T08:06:51,Abuja,9.0765,7.3986,84,Moderate,27.9,49.4,650.5,38.9,17.5,42.8,26.6,55.9,3.5,1007.1
2026-07-04T08:06:51,Port Harcourt,4.8156,7.0498,142,Unhealthy for Sensitive Groups,52.0,91.1,1020.9,41.2,15.8,44.8,26.4,74.7,5.0,1014.0
2026-07-04T08:06:51,Kano,12.0022,8.592,99,Moderate,35.1,55.4,590.8,46.5,14.8,27.5,29.3,63.0,4.3,1011.7
2026-07-04T08:06:51,Ibadan,7.3775,3.947,94,Moderate,32.4,45.4,626.6,39.2,15.1,25.1,29.4,64.2,4.6,1009.3
2026-07-04T08:06:51,Kaduna,10.5222,7.4383,92,Moderate,31.7,56.2,605.1,30.4,12.0,50.7,29.6,59.5,1.1,1012.6
2026-07-04T08:06:51,Ogun (Ode-Remo),6.85,3.6167,84,Moderate,27.7,42.7,616.0,28.1,11.5,55.1,30.3,78.3,3.8,1010.0
2026-07-04T09:06:51,Lagos,6.5244,3.3792,113,Unhealthy for Sensitive Groups,40.5,57.5,706.3,49.9,14.7,36.0,26.8,74.1,4.9,1012.5
2026-07-04T09:06:51,Abuja,9.0765,7.3986,82,Moderate,26.6,37.7,544.0,37.1,17.0,32.3,28.3,77.1,4.5,1008.2
2026-07-04T09:06:51,Port Harcourt,4.8156,7.0498,132,Unhealthy for Sensitive Groups,48.1,80.7,868.3,39.1,17.5,31.5,30.0,55.8,3.5,1008.6
2026-07-04T09:06:51,Kano,12.0022,8.592,98,Moderate,34.3,55.8,747.4,32.5,12.9,46.0,29.9,78.2,5.1,1006.3
2026-07-04T09:06:51,Ibadan,7.3775,3.947,86,Moderate,28.7,41.0,670.4,39.1,12.6,60.7,26.9,79.0,3.7,1013.8
2026-07-04T09:06:51,Kaduna,10.5222,7.4383,88,Moderate,29.5,52.2,676.5,30.6,16.3,34.5,27.6,62.9,1.1,1008.2
2026-07-04T09:06:51,Ogun (Ode-Remo),6.85,3.6167,82,Moderate,26.9,43.9,532.5,29.2,17.1,29.7,29.8,73.2,2.2,1010.9
2026-07-04T10:06:51,Lagos,6.5244,3.3792,97,Moderate,33.8,54.3,708.0,34.3,16.3,33.0,29.9,60.7,3.7,1008.5
2026-07-04T10:06:51,Abuja,9.0765,7.3986,72,Moderate,22.3,38.3,494.9,23.7,11.9,46.5,27.1,75.5,3.9,1008.8
2026-07-04T10:06:51,Port Harcourt,4.8156,7.0498,128,Unhealthy for Sensitive Groups,46.5,73.1,874.5,52.3,14.7,27.4,27.8,56.8,4.4,1013.3
2026-07-04T10:06:51,Kano,12.0022,8.592,91,Moderate,31.1,57.0,718.2,31.1,13.9,39.6,28.7,70.6,1.5,1011.2
2026-07-04T10:06:51,Ibadan,7.3775,3.947,87,Moderate,29.5,42.8,667.4,33.3,16.7,56.9,29.3,64.3,5.1,1007.8
2026-07-04T10:06:51,Kaduna,10.5222,7.4383,81,Moderate,26.5,45.8,587.2,29.8,11.0,61.0,29.0,61.9,5.5,1010.3
2026-07-04T10:06:51,Ogun (Ode-Remo),6.85,3.6167,67,Moderate,19.5,33.1,460.6,30.8,13.4,30.6,27.2,56.1,3.8,1013.6
2026-07-04T11:06:51,Lagos,6.5244,3.3792,94,Moderate,32.5,59.0,631.4,44.9,21.1,40.2,27.7,58.4,3.6,1013.7
2026-07-04T11:06:51,Abuja,9.0765,7.3986,68,Moderate,20.3,36.0,546.5,25.1,11.4,29.5,29.2,78.8,5.3,1011.2
2026-07-04T11:06:51,Port Harcourt,4.8156,7.0498,125,Unhealthy for Sensitive Groups,45.4,74.5,834.2,57.5,21.4,33.9,30.3,59.5,4.7,1012.7
2026-07-04T11:06:51,Kano,12.0022,8.592,78,Moderate,25.1,45.8,566.9,30.3,15.8,32.3,30.4,56.9,3.5,1006.7
2026-07-04T11:06:51,Ibadan,7.3775,3.947,77,Moderate,24.5,44.1,606.1,26.6,11.6,51.6,28.2,76.6,1.5,1007.5
2026-07-04T11:06:51,Kaduna,10.5222,7.4383,72,Moderate,21.9,36.1,526.9,27.2,13.0,27.1,27.5,79.1,3.0,1007.9
2026-07-04T11:06:51,Ogun (Ode-Remo),6.85,3.6167,71,Moderate,21.6,40.2,518.1,25.1,13.5,38.5,27.1,55.2,1.3,1007.5
2026-07-04T12:06:51,Lagos,6.5244,3.3792,99,Moderate,35.1,51.6,633.9,42.4,21.2,43.7,27.0,74.6,5.3,1008.3
2026-07-04T12:06:51,Abuja,9.0765,7.3986,62,Moderate,17.1,27.5,439.0,26.9,12.4,23.6,31.1,67.7,4.0,1006.1
2026-07-04T12:06:51,Port Harcourt,4.8156,7.0498,126,Unhealthy for Sensitive Groups,45.5,70.8,810.0,42.0,23.4,52.4,30.9,57.4,5.8,1008.2
2026-07-04T12:06:51,Kano,12.0022,8.592,86,Moderate,28.7,45.4,644.2,29.4,17.2,39.0,27.6,73.1,3.1,1009.3
2026-07-04T12:06:51,Ibadan,7.3775,3.947,79,Moderate,25.2,37.7,575.9,34.3,14.9,23.3,27.3,51.2,3.0,1010.9
2026-07-04T12:06:51,Kaduna,10.5222,7.4383,79,Moderate,25.3,43.5,552.5,35.4,17.5,26.3,27.3,75.3,3.4,1008.0
2026-07-04T12:06:51,Ogun (Ode-Remo),6.85,3.6167,66,Moderate,19.4,31.4,556.2,22.3,10.3,44.2,29.3,50.0,5.8,1006.5
2026-07-04T13:06:51,Lagos,6.5244,3.3792,93,Moderate,32.2,59.7,586.3,36.4,20.6,30.7,28.9,57.2,1.1,1006.4
2026-07-04T13:06:51,Abuja,9.0765,7.3986,66,Moderate,19.4,30.1,567.6,27.9,11.3,38.1,28.4,53.8,3.3,1011.4
2026-07-04T13:06:51,Port Harcourt,4.8156,7.0498,127,Unhealthy for Sensitive Groups,46.0,78.8,900.1,50.7,19.6,44.2,31.0,71.3,4.5,1008.5
2026-07-04T13:06:51,Kano,12.0022,8.592,88,Moderate,29.5,53.0,600.0,28.1,12.2,22.4,30.7,78.0,1.4,1008.5
2026-07-04T13:06:51,Ibadan,7.3775,3.947,67,Moderate,19.6,29.8,563.2,31.2,9.5,44.1,30.3,73.3,4.0,1009.0
2026-07-04T13:06:51,Kaduna,10.5222,7.4383,78,Moderate,25.0,40.8,607.9,32.0,11.7,53.2,27.9,55.9,2.7,1007.2
2026-07-04T13:06:51,Ogun (Ode-Remo),6.85,3.6167,66,Moderate,19.1,31.8,523.3,23.1,14.1,37.9,27.4,48.6,2.2,1009.0
2026-07-04T14:06:51,Lagos,6.5244,3.3792,92,Moderate,31.4,59.5,621.6,29.3,20.0,55.4,30.1,72.7,1.7,1008.3
2026-07-04T14:06:51,Abuja,9.0765,7.3986,64,Moderate,18.1,26.3,500.2,26.8,13.2,38.2,30.1,66.3,2.5,1006.9
2026-07-04T14:06:51,Port Harcourt,4.8156,7.0498,117,Unhealthy for Sensitive Groups,41.9,69.1,695.1,44.6,25.3,29.5,28.3,48.9,4.9,1012.2
2026-07-04T14:06:51,Kano,12.0022,8.592,82,Moderate,27.1,38.7,639.8,35.2,15.6,58.4,27.1,67.1,4.6,1011.3
2026-07-04T14:06:51,Ibadan,7.3775,3.947,75,Moderate,23.4,41.7,577.7,24.6,11.4,26.0,27.5,67.0,1.1,1013.7
2026-07-04T14:06:51,Kaduna,10.5222,7.4383,78,Moderate,24.8,39.8,499.3,33.5,15.6,54.3,29.6,56.0,4.3,1008.6
2026-07-04T14:06:51,Ogun (Ode-Remo),6.85,3.6167,71,Moderate,21.8,39.0,490.3,25.6,13.5,45.4,27.2,67.7,5.6,1013.5
2026-07-04T15:06:51,Lagos,6.5244,3.3792,99,Moderate,34.7,51.1,725.0,38.6,12.0,24.7,28.3,74.2,3.7,1011.8
2026-07-04T15:06:51,Abuja,9.0765,7.3986,68,Moderate,20.0,34.5,564.0,24.6,13.3,58.7,28.5,50.2,4.8,1013.2
2026-07-04T15:06:51,Port Harcourt,4.8156,7.0498,123,Unhealthy for Sensitive Groups,44.4,62.7,783.4,47.7,16.4,57.5,30.7,63.3,4.9,1007.1
2026-07-04T15:06:51,Kano,12.0022,8.592,83,Moderate,27.5,44.0,632.1,34.1,13.0,52.0,31.5,45.3,2.4,1010.2
2026-07-04T15:06:51,Ibadan,7.3775,3.947,71,Moderate,21.5,38.0,515.4,30.5,10.6,42.1,29.8,60.6,1.8,1008.7
2026-07-04T15:06:51,Kaduna,10.5222,7.4383,80,Moderate,25.8,47.1,659.6,26.5,11.0,50.4,28.9,71.5,1.8,1012.0
2026-07-04T15:06:51,Ogun (Ode-Remo),6.85,3.6167,66,Moderate,19.1,32.6,504.3,28.6,12.7,47.6,28.7,79.6,3.3,1013.4
2026-07-04T16:06:51,Lagos,6.5244,3.3792,90,Moderate,30.7,47.4,601.0,29.1,15.0,53.7,29.1,48.9,5.5,1010.8
2026-07-04T16:06:51,Abuja,9.0765,7.3986,68,Moderate,20.2,34.3,541.7,29.0,13.4,49.2,31.8,54.1,3.1,1009.1
2026-07-04T16:06:51,Port Harcourt,4.8156,7.0498,131,Unhealthy for Sensitive Groups,47.9,89.5,877.3,41.9,25.0,38.6,30.4,63.3,1.0,1013.5
2026-07-04T16:06:51,Kano,12.0022,8.592,91,Moderate,30.9,50.1,585.1,36.9,18.5,48.0,30.3,76.1,4.9,1009.2
2026-07-04T16:06:51,Ibadan,7.3775,3.947,68,Moderate,20.2,35.3,537.7,23.4,14.0,27.1,28.3,62.9,5.2,1007.1
2026-07-04T16:06:51,Kaduna,10.5222,7.4383,77,Moderate,24.4,46.1,501.2,29.8,11.1,54.7,29.3,71.2,3.7,1009.2
2026-07-04T16:06:51,Ogun (Ode-Remo),6.85,3.6167,66,Moderate,19.4,30.7,472.2,27.8,9.9,61.8,31.8,75.9,2.8,1006.2
2026-07-04T17:06:51,Lagos,6.5244,3.3792,97,Moderate,33.9,51.6,600.6,37.6,18.0,31.2,28.7,68.3,1.4,1013.8
2026-07-04T17:06:51,Abuja,9.0765,7.3986,69,Moderate,20.8,35.0,489.7,30.0,10.5,44.3,30.6,76.7,4.4,1010.1
2026-07-04T17:06:51,Port Harcourt,4.8156,7.0498,135,Unhealthy for Sensitive Groups,49.4,71.2,833.1,40.8,22.6,46.4,28.2,65.2,2.6,1013.1
2026-07-04T17:06:51,Kano,12.0022,8.592,88,Moderate,29.6,42.0,596.0,38.5,17.5,27.1,31.6,54.9,1.5,1010.4
2026-07-04T17:06:51,Ibadan,7.3775,3.947,77,Moderate,24.4,39.3,516.5,32.6,11.5,57.7,28.6,75.9,5.1,1006.9
2026-07-04T17:06:51,Kaduna,10.5222,7.4383,82,Moderate,27.0,41.7,664.7,35.3,14.6,46.9,28.5,67.8,1.7,1010.2
2026-07-04T17:06:51,Ogun (Ode-Remo),6.85,3.6167,70,Moderate,21.0,34.2,557.2,28.3,10.6,39.0,30.9,57.4,5.7,1009.4
2026-07-04T18:06:51,Lagos,6.5244,3.3792,101,Unhealthy for Sensitive Groups,35.7,59.0,797.2,41.3,16.3,40.2,29.7,79.3,2.3,1006.1
2026-07-04T18:06:51,Abuja,9.0765,7.3986,80,Moderate,25.7,47.3,533.7,26.7,11.1,32.8,30.5,71.7,1.9,1011.4
2026-07-04T18:06:51,Port Harcourt,4.8156,7.0498,133,Unhealthy for Sensitive Groups,48.6,74.8,782.1,49.9,16.4,26.1,27.9,45.5,4.1,1010.1
2026-07-04T18:06:51,Kano,12.0022,8.592,99,Moderate,35.0,51.8,585.9,44.9,18.2,31.2,30.4,70.4,5.9,1006.9
2026-07-04T18:06:51,Ibadan,7.3775,3.947,81,Moderate,26.3,38.2,661.7,30.5,15.1,27.1,31.1,77.2,5.5,1010.8
2026-07-04T18:06:51,Kaduna,10.5222,7.4383,89,Moderate,30.3,53.3,637.2,32.0,15.3,59.4,31.1,70.2,5.3,1007.1
2026-07-04T18:06:51,Ogun (Ode-Remo),6.85,3.6167,82,Moderate,26.7,43.4,576.3,30.9,13.0,38.3,30.1,52.2,2.1,1007.5
2026-07-04T19:06:51,Lagos,6.5244,3.3792,109,Unhealthy for Sensitive Groups,38.9,68.6,757.3,48.3,21.3,34.4,26.6,64.1,5.1,1007.4
2026-07-04T19:06:51,Abuja,9.0765,7.3986,74,Moderate,23.2,36.7,589.8,27.5,15.1,35.9,27.6,55.3,5.3,1009.8
2026-07-04T19:06:51,Port Harcourt,4.8156,7.0498,140,Unhealthy for Sensitive Groups,51.3,80.0,754.0,58.8,19.6,29.7,26.7,66.5,2.7,1009.5
2026-07-04T19:06:51,Kano,12.0022,8.592,97,Moderate,34.0,58.2,644.2,31.2,18.4,26.6,27.8,70.8,3.3,1013.9
2026-07-04T19:06:51,Ibadan,7.3775,3.947,90,Moderate,30.8,52.4,672.2,30.8,17.3,34.0,30.4,57.2,1.5,1013.3
2026-07-04T19:06:51,Kaduna,10.5222,7.4383,99,Moderate,35.0,49.2,667.8,33.7,12.7,60.6,27.9,51.6,4.5,1010.3
2026-07-04T19:06:51,Ogun (Ode-Remo),6.85,3.6167,87,Moderate,29.3,50.7,643.6,40.8,15.7,52.6,28.4,67.5,2.1,1007.1
2026-07-04T20:06:51,Lagos,6.5244,3.3792,107,Unhealthy for Sensitive Groups,37.8,66.1,746.0,48.0,13.3,52.3,28.5,55.3,1.2,1007.6
2026-07-04T20:06:51,Abuja,9.0765,7.3986,78,Moderate,24.8,46.4,508.7,35.9,13.7,57.2,28.1,55.4,1.3,1012.8
2026-07-04T20:06:51,Port Harcourt,4.8156,7.0498,133,Unhealthy for Sensitive Groups,48.6,84.4,719.4,40.4,20.9,27.3,29.1,65.7,5.2,1011.6
2026-07-04T20:06:51,Kano,12.0022,8.592,103,Unhealthy for Sensitive Groups,36.4,61.3,787.0,43.3,18.1,45.2,27.9,55.0,4.9,1011.7
2026-07-04T20:06:51,Ibadan,7.3775,3.947,92,Moderate,31.6,57.0,687.7,30.2,11.3,59.2,26.9,68.0,2.6,1009.1
2026-07-04T20:06:51,Kaduna,10.5222,7.4383,84,Moderate,27.6,45.2,547.0,31.4,15.2,31.3,29.3,77.5,2.4,1012.6
2026-07-04T20:06:51,Ogun (Ode-Remo),6.85,3.6167,77,Moderate,24.5,38.0,618.8,34.2,14.5,24.6,27.3,64.3,1.8,1009.1
2026-07-04T21:06:51,Lagos,6.5244,3.3792,103,Unhealthy for Sensitive Groups,36.3,60.2,806.1,41.7,15.0,51.5,27.0,57.5,4.9,1012.9
2026-07-04T21:06:51,Abuja,9.0765,7.3986,64,Moderate,18.3,29.4,509.3,29.3,11.2,35.8,29.6,72.3,3.4,1011.0
2026-07-04T21:06:51,Port Harcourt,4.8156,7.0498,127,Unhealthy for Sensitive Groups,45.9,83.1,864.0,53.0,21.5,59.4,29.8,61.3,1.7,1012.5
2026-07-04T21:06:51,Kano,12.0022,8.592,94,Moderate,32.6,54.1,609.0,34.9,17.2,54.7,27.8,48.4,4.6,1012.6
2026-07-04T21:06:51,Ibadan,7.3775,3.947,86,Moderate,28.8,47.3,542.4,35.6,19.1,33.3,26.5,79.8,1.9,1009.1
2026-07-04T21:06:51,Kaduna,10.5222,7.4383,88,Moderate,29.6,46.0,648.1,33.8,13.2,43.7,29.3,47.7,1.8,1011.8
2026-07-04T21:06:51,Ogun (Ode-Remo),6.85,3.6167,67,Moderate,19.8,32.1,540.5,25.7,12.9,34.0,29.7,64.7,1.8,1009.2
2026-07-04T22:06:51,Lagos,6.5244,3.3792,86,Moderate,28.7,45.4,682.4,37.9,18.4,37.6,30.7,62.4,3.5,1013.4
2026-07-04T22:06:51,Abuja,9.0765,7.3986,62,Moderate,17.5,24.6,468.9,27.2,9.4,53.8,28.3,71.7,1.4,1010.9
2026-07-04T22:06:51,Port Harcourt,4.8156,7.0498,126,Unhealthy for Sensitive Groups,45.7,74.4,853.4,53.7,20.5,29.7,27.0,75.1,4.1,1013.3
2026-07-04T22:06:51,Kano,12.0022,8.592,77,Moderate,24.5,45.2,565.9,30.2,12.6,43.6,28.8,63.2,3.0,1008.1
2026-07-04T22:06:51,Ibadan,7.3775,3.947,75,Moderate,23.3,40.7,544.1,33.2,12.0,54.8,29.1,53.6,3.1,1010.0
2026-07-04T22:06:51,Kaduna,10.5222,7.4383,76,Moderate,24.2,35.1,609.2,31.6,15.4,35.8,29.7,65.7,2.4,1012.5
2026-07-04T22:06:51,Ogun (Ode-Remo),6.85,3.6167,64,Moderate,18.4,29.6,499.4,29.1,9.4,60.4,27.4,77.7,4.1,1011.9
2026-07-04T23:06:51,Lagos,6.5244,3.3792,95,Moderate,33.2,58.6,581.5,39.9,19.8,43.5,27.3,47.8,4.3,1008.5
2026-07-04T23:06:51,Abuja,9.0765,7.3986,61,Moderate,17.0,32.1,475.6,20.5,9.4,38.2,25.7,56.3,5.2,1007.5
2026-07-04T23:06:51,Port Harcourt,4.8156,7.0498,128,Unhealthy for Sensitive Groups,46.4,80.4,890.9,58.3,20.6,21.6,28.0,57.3,3.3,1007.4
2026-07-04T23:06:51,Kano,12.0022,8.592,82,Moderate,27.0,43.8,666.9,32.8,18.3,55.3,26.4,49.4,4.6,1007.0
2026-07-04T23:06:51,Ibadan,7.3775,3.947,76,Moderate,24.1,43.7,548.8,31.5,12.9,45.7,29.1,71.2,4.5,1007.9
2026-07-04T23:06:51,Kaduna,10.5222,7.4383,84,Moderate,27.9,45.7,551.3,37.7,18.9,25.9,29.7,50.1,1.8,1013.0
2026-07-04T23:06:51,Ogun (Ode-Remo),6.85,3.6167,73,Moderate,22.3,40.1,490.2,23.5,15.2,24.9,29.9,56.0,5.5,1007.6
2026-07-05T00:06:51,Lagos,6.5244,3.3792,92,Moderate,31.5,55.0,618.6,29.6,19.5,36.0,29.5,54.6,5.9,1013.6
2026-07-05T00:06:51,Abuja,9.0765,7.3986,66,Moderate,19.1,29.1,531.9,24.7,9.6,38.4,27.4,50.8,5.1,1008.4
2026-07-05T00:06:51,Port Harcourt,4.8156,7.0498,128,Unhealthy for Sensitive Groups,46.6,68.1,701.2,57.0,25.4,33.4,27.7,72.7,3.7,1009.2
2026-07-05T00:06:51,Kano,12.0022,8.592,90,Moderate,30.5,44.5,582.7,35.5,17.9,59.7,26.3,78.3,4.0,1009.3
2026-07-05T00:06:51,Ibadan,7.3775,3.947,79,Moderate,25.4,35.8,588.7,37.4,17.1,24.8,26.2,74.7,5.3,1012.6
2026-07-05T00:06:51,Kaduna,10.5222,7.4383,85,Moderate,28.4,40.5,614.1,33.3,16.3,35.2,27.0,49.1,3.8,1009.0
2026-07-05T00:06:51,Ogun (Ode-Remo),6.85,3.6167,63,Moderate,18.0,32.8,483.2,29.0,11.8,56.3,26.9,69.6,2.4,1006.8
2026-07-05T01:06:51,Lagos,6.5244,3.3792,92,Moderate,31.5,49.9,703.7,39.6,20.3,27.6,27.7,72.3,1.2,1006.5
2026-07-05T01:06:51,Abuja,9.0765,7.3986,65,Moderate,18.9,32.1,489.7,29.8,14.4,36.8,29.2,57.6,1.9,1013.6
2026-07-05T01:06:51,Port Harcourt,4.8156,7.0498,127,Unhealthy for Sensitive Groups,46.0,77.0,937.1,46.4,18.9,53.0,27.6,72.5,3.2,1012.3
2026-07-05T01:06:51,Kano,12.0022,8.592,83,Moderate,27.5,39.0,545.0,31.6,18.7,34.4,27.1,72.7,1.7,1010.7
2026-07-05T01:06:51,Ibadan,7.3775,3.947,68,Moderate,20.3,37.1,581.2,31.5,10.5,56.1,24.9,49.8,5.8,1011.6
2026-07-05T01:06:51,Kaduna,10.5222,7.4383,79,Moderate,25.5,39.7,583.9,32.1,16.9,56.1,29.4,78.1,5.2,1011.7
2026-07-05T01:06:51,Ogun (Ode-Remo),6.85,3.6167,73,Moderate,22.4,33.1,535.2,29.4,13.6,29.1,27.4,61.4,5.9,1011.5
2026-07-05T02:06:51,Lagos,6.5244,3.3792,91,Moderate,31.3,49.7,656.4,38.2,17.6,59.8,26.7,71.7,3.9,1010.2
2026-07-05T02:06:51,Abuja,9.0765,7.3986,64,Moderate,18.4,27.9,527.6,22.3,12.7,46.7,25.7,57.8,4.3,1006.3
2026-07-05T02:06:51,Port Harcourt,4.8156,7.0498,121,Unhealthy for Sensitive Groups,43.7,75.7,670.3,56.6,21.3,40.1,27.8,61.2,3.8,1012.6
2026-07-05T02:06:51,Kano,12.0022,8.592,85,Moderate,28.4,52.4,564.3,38.7,14.9,27.0,26.6,75.5,3.1,1010.6
2026-07-05T02:06:51,Ibadan,7.3775,3.947,67,Moderate,19.9,37.4,503.3,28.9,12.9,26.0,29.0,75.5,1.2,1008.9
2026-07-05T02:06:51,Kaduna,10.5222,7.4383,83,Moderate,27.2,44.7,646.1,35.6,15.0,39.7,26.6,45.9,2.8,1009.7
2026-07-05T02:06:51,Ogun (Ode-Remo),6.85,3.6167,76,Moderate,24.1,41.7,513.8,29.8,15.3,28.0,26.7,58.3,1.9,1006.2
2026-07-05T03:06:51,Lagos,6.5244,3.3792,94,Moderate,32.6,49.7,583.2,41.6,16.4,37.2,27.8,54.2,2.3,1009.6
2026-07-05T03:06:51,Abuja,9.0765,7.3986,64,Moderate,18.3,30.4,451.4,30.0,12.3,49.3,25.1,69.1,3.1,1009.0
2026-07-05T03:06:51,Port Harcourt,4.8156,7.0498,129,Unhealthy for Sensitive Groups,47.0,67.4,706.2,57.3,25.3,35.5,27.5,68.1,1.5,1012.5
2026-07-05T03:06:51,Kano,12.0022,8.592,87,Moderate,29.4,52.7,619.5,38.3,16.2,52.5,27.5,61.1,3.2,1009.6
2026-07-05T03:06:51,Ibadan,7.3775,3.947,66,Moderate,19.4,32.7,550.3,23.1,9.9,52.8,28.7,69.4,2.5,1009.3
2026-07-05T03:06:51,Kaduna,10.5222,7.4383,85,Moderate,28.4,42.7,622.2,41.2,18.7,37.5,25.9,71.2,1.1,1009.5
2026-07-05T03:06:51,Ogun (Ode-Remo),6.85,3.6167,74,Moderate,23.2,43.3,567.1,26.0,15.9,61.5,29.7,64.8,5.4,1013.9
2026-07-05T04:06:51,Lagos,6.5244,3.3792,93,Moderate,32.0,59.5,650.7,31.2,19.6,39.9,29.7,60.6,1.4,1011.5
2026-07-05T04:06:51,Abuja,9.0765,7.3986,66,Moderate,19.0,28.1,531.5,27.4,10.5,49.6,28.5,54.4,4.0,1007.1
2026-07-05T04:06:51,Port Harcourt,4.8156,7.0498,132,Unhealthy for Sensitive Groups,48.1,82.7,684.9,42.4,16.8,41.4,27.1,65.2,2.0,1011.5
2026-07-05T04:06:51,Kano,12.0022,8.592,83,Moderate,27.5,49.4,629.3,32.1,12.4,38.1,27.9,78.5,5.5,1011.9
2026-07-05T04:06:51,Ibadan,7.3775,3.947,76,Moderate,24.0,41.9,533.1,26.3,16.1,23.9,28.9,62.6,1.1,1012.7
2026-07-05T04:06:51,Kaduna,10.5222,7.4383,75,Moderate,23.7,36.9,503.1,28.6,11.5,59.5,28.2,46.2,2.4,1009.8
2026-07-05T04:06:51,Ogun (Ode-Remo),6.85,3.6167,66,Moderate,19.4,28.4,489.7,25.4,9.7,62.8,29.1,68.4,5.8,1008.6
2026-07-05T05:06:51,Lagos,6.5244,3.3792,94,Moderate,32.7,51.5,574.8,38.5,20.3,55.8,28.9,77.5,4.2,1012.3
2026-07-05T05:06:51,Abuja,9.0765,7.3986,62,Moderate,17.3,30.5,450.9,21.4,9.0,31.2,26.3,54.2,3.6,1007.6
2026-07-05T05:06:51,Port Harcourt,4.8156,7.0498,125,Unhealthy for Sensitive Groups,45.3,84.1,745.0,58.5,20.0,59.8,27.1,48.1,1.0,1013.9
2026-07-05T05:06:51,Kano,12.0022,8.592,91,Moderate,30.9,54.3,653.8,40.9,17.8,44.3,26.0,64.6,2.0,1010.9
2026-07-05T05:06:51,Ibadan,7.3775,3.947,80,Moderate,25.8,43.2,634.4,37.3,14.0,50.8,27.5,50.5,5.9,1010.2
2026-07-05T05:06:51,Kaduna,10.5222,7.4383,81,Moderate,26.2,40.0,608.0,38.5,16.7,56.9,30.0,79.9,4.2,1009.9
2026-07-05T05:06:51,Ogun (Ode-Remo),6.85,3.6167,77,Moderate,24.5,35.3,584.5,34.5,10.0,58.2,27.4,50.9,5.3,1007.5
2026-07-05T06:06:51,Lagos,6.5244,3.3792,96,Moderate,33.5,50.3,596.1,43.4,12.0,43.8,27.3,73.1,3.8,1010.9
2026-07-05T06:06:51,Abuja,9.0765,7.3986,70,Moderate,21.1,29.9,531.3,24.8,15.1,36.1,25.5,68.5,5.5,1012.7
2026-07-05T06:06:51,Port Harcourt,4.8156,7.0498,125,Unhealthy for Sensitive Groups,45.1,69.7,760.3,49.4,14.7,48.6,29.6,57.6,5.3,1012.9
2026-07-05T06:06:51,Kano,12.0022,8.592,86,Moderate,28.7,48.3,561.9,34.0,18.4,26.9,30.2,51.3,1.1,1012.3
2026-07-05T06:06:51,Ibadan,7.3775,3.947,79,Moderate,25.6,38.5,599.4,28.1,11.5,52.3,28.3,74.5,5.1,1009.7
2026-07-05T06:06:51,Kaduna,10.5222,7.4383,89,Moderate,30.3,53.7,688.7,28.7,11.3,57.7,26.3,70.8,5.4,1007.1
2026-07-05T06:06:51,Ogun (Ode-Remo),6.85,3.6167,74,Moderate,23.2,43.1,553.8,34.4,10.0,32.2,27.0,60.7,3.2,1006.3
2026-07-05T07:06:51,Lagos,6.5244,3.3792,101,Unhealthy for Sensitive Groups,35.6,67.7,738.6,40.7,20.3,54.4,26.0,79.0,4.2,1009.6
2026-07-05T07:06:51,Abuja,9.0765,7.3986,73,Moderate,22.7,32.8,551.4,31.8,10.2,33.0,26.8,79.6,2.5,1009.7
2026-07-05T07:06:51,Port Harcourt,4.8156,7.0498,138,Unhealthy for Sensitive Groups,50.5,80.7,800.7,50.0,20.9,41.8,29.0,61.6,1.9,1009.1
2026-07-05T07:06:51,Kano,12.0022,8.592,98,Moderate,34.2,63.1,664.9,44.3,18.1,37.7,25.9,75.2,1.1,1009.5
2026-07-05T07:06:51,Ibadan,7.3775,3.947,89,Moderate,30.3,55.0,572.5,40.4,16.9,29.8,26.2,47.7,4.0,1012.8
2026-07-05T07:06:51,Kaduna,10.5222,7.4383,94,Moderate,32.8,46.8,687.5,30.7,12.5,43.5,30.6,51.8,4.1,1006.1
2026-07-05T07:06:51,Ogun (Ode-Remo),6.85,3.6167,84,Moderate,27.9,45.4,536.6,34.4,11.7,61.3,28.8,70.7,1.1,1009.0
2026-07-05T08:06:51,Lagos,6.5244,3.3792,110,Unhealthy for Sensitive Groups,39.3,72.2,798.0,46.1,15.0,59.7,28.0,76.9,1.3,1007.0
2026-07-05T08:06:51,Abuja,9.0765,7.3986,75,Moderate,23.7,33.7,531.3,33.8,12.0,52.2,26.3,71.5,1.2,1012.8
2026-07-05T08:06:51,Port Harcourt,4.8156,7.0498,151,Unhealthy,55.7,82.3,1079.0,62.1,18.4,22.3,25.9,70.2,3.4,1009.5
2026-07-05T08:06:51,Kano,12.0022,8.592,106,Unhealthy for Sensitive Groups,37.7,58.7,659.7,34.8,13.7,28.0,26.6,53.9,1.4,1008.5
2026-07-05T08:06:51,Ibadan,7.3775,3.947,87,Moderate,29.4,49.0,546.3,36.4,17.5,34.4,28.6,67.3,1.2,1008.2
2026-07-05T08:06:51,Kaduna,10.5222,7.4383,104,Unhealthy for Sensitive Groups,36.7,57.2,750.0,48.7,18.8,59.1,28.4,77.9,3.0,1012.7
2026-07-05T08:06:51,Ogun (Ode-Remo),6.85,3.6167,87,Moderate,29.1,41.3,650.0,37.6,13.7,54.2,30.1,72.4,3.0,1008.7
2026-07-05T09:06:51,Lagos,6.5244,3.3792,98,Moderate,34.4,53.7,721.6,36.6,21.6,57.4,30.2,53.8,4.2,1010.4
2026-07-05T09:06:51,Abuja,9.0765,7.3986,71,Moderate,21.7,34.2,530.2,29.7,15.0,26.6,30.1,51.4,3.0,1013.7
2026-07-05T09:06:51,Port Harcourt,4.8156,7.0498,136,Unhealthy for Sensitive Groups,49.7,85.6,821.7,51.2,26.7,44.2,28.1,51.3,3.5,1010.4
2026-07-05T09:06:51,Kano,12.0022,8.592,90,Moderate,30.8,52.6,606.4,28.9,11.7,37.5,27.6,59.4,2.6,1009.0
2026-07-05T09:06:51,Ibadan,7.3775,3.947,89,Moderate,30.3,51.0,686.7,28.9,13.9,59.7,26.0,57.5,2.4,1009.2
2026-07-05T09:06:51,Kaduna,10.5222,7.4383,88,Moderate,29.6,53.7,626.0,38.6,11.7,39.8,27.4,52.0,3.5,1007.4
2026-07-05T09:06:51,Ogun (Ode-Remo),6.85,3.6167,87,Moderate,29.1,48.7,617.8,31.3,18.8,58.8,26.4,68.3,2.6,1010.1
2026-07-05T10:06:51,Lagos,6.5244,3.3792,92,Moderate,31.8,53.0,650.4,31.8,20.3,28.0,29.5,70.2,4.0,1012.7
2026-07-05T10:06:51,Abuja,9.0765,7.3986,67,Moderate,19.5,35.6,549.3,28.0,13.6,27.6,29.6,47.1,5.7,1007.3
2026-07-05T10:06:51,Port Harcourt,4.8156,7.0498,131,Unhealthy for Sensitive Groups,47.8,71.3,855.4,52.5,26.7,29.7,28.7,59.4,3.7,1008.9
2026-07-05T10:06:51,Kano,12.0022,8.592,87,Moderate,29.0,43.6,663.4,35.9,15.1,52.2,28.1,49.0,1.3,1009.7
2026-07-05T10:06:51,Ibadan,7.3775,3.947,84,Moderate,27.6,48.7,682.6,36.3,11.3,38.5,29.9,48.5,5.0,1007.2
2026-07-05T10:06:51,Kaduna,10.5222,7.4383,93,Moderate,32.0,44.8,608.2,34.8,14.7,44.5,29.6,64.8,3.3,1006.9
2026-07-05T10:06:51,Ogun (Ode-Remo),6.85,3.6167,78,Moderate,24.8,44.8,514.5,25.8,12.7,28.7,30.2,72.3,5.3,1006.1
2026-07-05T11:06:51,Lagos,6.5244,3.3792,95,Moderate,33.1,46.9,574.1,40.5,17.4,47.7,30.2,59.6,4.2,1010.0
2026-07-05T11:06:51,Abuja,9.0765,7.3986,63,Moderate,18.0,32.4,517.2,22.4,10.6,37.5,26.5,69.0,5.2,1013.8
2026-07-05T11:06:51,Port Harcourt,4.8156,7.0498,130,Unhealthy for Sensitive Groups,47.4,83.1,711.6,49.9,24.3,25.9,30.0,79.4,5.9,1012.2
2026-07-05T11:06:51,Kano,12.0022,8.592,84,Moderate,28.0,44.9,563.4,39.2,12.9,60.7,29.7,53.6,3.8,1012.3
2026-07-05T11:06:51,Ibadan,7.3775,3.947,74,Moderate,23.2,39.3,604.6,27.3,10.7,41.2,30.8,48.3,4.6,1013.1
2026-07-05T11:06:51,Kaduna,10.5222,7.4383,82,Moderate,26.9,40.2,610.8,39.1,16.6,53.9,27.4,58.1,1.4,1011.8
2026-07-05T11:06:51,Ogun (Ode-Remo),6.85,3.6167,69,Moderate,20.6,37.7,540.6,23.9,13.0,57.8,28.6,75.6,4.9,1006.8
2026-07-05T12:06:51,Lagos,6.5244,3.3792,90,Moderate,30.6,57.5,633.8,40.7,17.4,33.8,26.9,47.1,3.2,1009.9
2026-07-05T12:06:51,Abuja,9.0765,7.3986,66,Moderate,19.1,27.8,499.7,21.9,10.3,35.7,30.0,68.7,4.8,1010.6
2026-07-05T12:06:51,Port Harcourt,4.8156,7.0498,121,Unhealthy for Sensitive Groups,43.6,80.4,671.7,46.4,23.4,59.1,26.9,67.2,5.0,1008.5
2026-07-05T12:06:51,Kano,12.0022,8.592,82,Moderate,26.9,38.8,618.1,28.9,18.2,37.2,31.4,72.4,3.7,1009.4
2026-07-05T12:06:51,Ibadan,7.3775,3.947,80,Moderate,25.8,46.1,531.4,37.9,14.2,51.6,29.8,77.6,2.7,1012.3
2026-07-05T12:06:51,Kaduna,10.5222,7.4383,82,Moderate,27.0,46.4,661.8,28.8,16.5,27.6,26.8,69.7,1.9,1007.1
2026-07-05T12:06:51,Ogun (Ode-Remo),6.85,3.6167,66,Moderate,19.3,29.0,541.0,22.4,9.4,61.1,26.5,72.7,2.2,1006.4
2026-07-05T13:06:51,Lagos,6.5244,3.3792,92,Moderate,31.7,49.3,690.1,40.6,19.5,60.8,27.3,58.0,3.8,1008.6
2026-07-05T13:06:51,Abuja,9.0765,7.3986,68,Moderate,20.2,35.0,502.6,27.4,13.3,26.8,30.0,53.7,2.7,1011.4
2026-07-05T13:06:51,Port Harcourt,4.8156,7.0498,120,Unhealthy for Sensitive Groups,43.4,77.6,769.1,47.2,19.8,50.0,28.8,78.6,5.0,1008.3
2026-07-05T13:06:51,Kano,12.0022,8.592,86,Moderate,28.6,40.1,608.9,39.1,13.2,61.0,26.7,77.7,3.4,1010.8
2026-07-05T13:06:51,Ibadan,7.3775,3.947,74,Moderate,23.2,42.4,545.7,34.3,15.0,38.2,27.7,66.4,1.4,1007.2
2026-07-05T13:06:51,Kaduna,10.5222,7.4383,74,Moderate,23.2,34.6,608.3,26.0,11.7,50.6,28.0,62.1,3.9,1008.8
2026-07-05T13:06:51,Ogun (Ode-Remo),6.85,3.6167,60,Moderate,16.5,27.5,479.3,21.5,13.2,47.6,27.6,55.1,4.4,1012.9
2026-07-05T14:06:51,Lagos,6.5244,3.3792,89,Moderate,29.9,45.6,556.8,32.3,14.4,46.6,28.1,75.3,1.8,1008.6
2026-07-05T14:06:51,Abuja,9.0765,7.3986,66,Moderate,19.3,32.4,568.6,22.1,12.6,29.3,31.1,74.8,5.3,1006.6
2026-07-05T14:06:51,Port Harcourt,4.8156,7.0498,126,Unhealthy for Sensitive Groups,45.7,81.2,865.4,50.3,15.0,39.4,27.7,46.8,6.0,1012.5
2026-07-05T14:06:51,Kano,12.0022,8.592,86,Moderate,28.9,45.5,640.3,35.8,15.2,23.9,30.5,64.7,2.5,1009.2
2026-07-05T14:06:51,Ibadan,7.3775,3.947,77,Moderate,24.4,44.0,516.1,35.3,13.9,61.3,30.7,48.1,1.5,1008.5
2026-07-05T14:06:51,Kaduna,10.5222,7.4383,79,Moderate,25.4,43.6,630.2,25.7,16.4,37.9,29.5,52.4,4.5,1008.8
2026-07-05T14:06:51,Ogun (Ode-Remo),6.85,3.6167,58,Moderate,15.4,21.5,439.0,20.7,8.7,45.1,31.7,69.5,4.5,1006.6
2026-07-05T15:06:51,Lagos,6.5244,3.3792,90,Moderate,30.7,54.7,637.4,36.3,15.7,34.3,27.1,78.1,3.5,1013.7
2026-07-05T15:06:51,Abuja,9.0765,7.3986,59,Moderate,16.0,30.1,432.6,21.4,11.3,39.5,28.2,61.1,5.0,1009.6
2026-07-05T15:06:51,Port Harcourt,4.8156,7.0498,119,Unhealthy for Sensitive Groups,43.0,62.0,774.6,54.1,17.2,26.0,28.4,75.0,1.1,1006.9
2026-07-05T15:06:51,Kano,12.0022,8.592,79,Moderate,25.6,43.0,548.2,30.9,14.8,60.7,28.6,68.9,2.7,1008.1
2026-07-05T15:06:51,Ibadan,7.3775,3.947,75,Moderate,23.5,36.2,539.4,25.2,11.0,53.5,28.3,61.6,2.3,1013.0
2026-07-05T15:06:51,Kaduna,10.5222,7.4383,86,Moderate,28.5,42.9,648.2,34.3,17.8,53.9,27.5,72.1,2.3,1009.7
2026-07-05T15:06:51,Ogun (Ode-Remo),6.85,3.6167,60,Moderate,16.3,31.0,446.6,25.0,11.2,47.4,29.5,55.0,3.1,1012.6
2026-07-05T16:06:51,Lagos,6.5244,3.3792,89,Moderate,30.2,43.0,630.8,41.4,17.0,40.8,29.5,74.7,3.2,1013.1
2026-07-05T16:06:51,Abuja,9.0765,7.3986,64,Moderate,18.5,27.0,502.9,27.1,9.3,39.6,29.6,45.0,1.5,1010.8
2026-07-05T16:06:51,Port Harcourt,4.8156,7.0498,122,Unhealthy for Sensitive Groups,44.1,65.1,771.5,54.3,17.3,48.6,29.3,73.0,5.3,1008.7
2026-07-05T16:06:51,Kano,12.0022,8.592,85,Moderate,28.4,43.2,694.2,31.9,14.6,46.1,26.9,69.2,4.2,1006.0
2026-07-05T16:06:51,Ibadan,7.3775,3.947,74,Moderate,23.2,34.0,565.0,24.4,15.6,38.7,31.1,77.1,1.6,1008.9
2026-07-05T16:06:51,Kaduna,10.5222,7.4383,73,Moderate,22.7,39.3,507.4,25.2,13.6,37.6,28.7,65.6,1.2,1011.6
2026-07-05T16:06:51,Ogun (Ode-Remo),6.85,3.6167,66,Moderate,19.3,33.4,567.0,24.0,13.2,25.7,27.1,57.0,4.7,1011.0
2026-07-05T17:06:51,Lagos,6.5244,3.3792,103,Unhealthy for Sensitive Groups,36.4,57.6,678.3,42.2,14.4,43.5,27.0,62.6,4.8,1008.2
2026-07-05T17:06:51,Abuja,9.0765,7.3986,68,Moderate,20.3,33.6,487.8,29.0,14.9,37.5,26.9,52.8,3.3,1010.5
2026-07-05T17:06:51,Port Harcourt,4.8156,7.0498,121,Unhealthy for Sensitive Groups,43.4,81.1,687.8,46.8,26.6,51.5,27.9,60.4,4.2,1007.7
2026-07-05T17:06:51,Kano,12.0022,8.592,96,Moderate,33.4,58.0,649.9,45.0,18.7,52.2,29.4,72.6,4.2,1006.6
2026-07-05T17:06:51,Ibadan,7.3775,3.947,91,Moderate,31.2,49.6,677.8,36.6,13.7,56.9,30.1,66.7,4.2,1011.9
2026-07-05T17:06:51,Kaduna,10.5222,7.4383,90,Moderate,30.7,43.1,623.3,33.6,17.1,25.9,31.2,55.7,3.3,1007.5
2026-07-05T17:06:51,Ogun (Ode-Remo),6.85,3.6167,69,Moderate,20.6,36.7,553.2,22.5,13.7,26.5,29.6,77.1,2.8,1011.4
2026-07-05T18:06:51,Lagos,6.5244,3.3792,112,Unhealthy for Sensitive Groups,39.9,58.3,853.3,41.8,22.5,34.6,31.2,71.4,2.0,1010.1
2026-07-05T18:06:51,Abuja,9.0765,7.3986,76,Moderate,24.0,41.5,595.4,25.8,15.3,31.5,28.2,74.0,5.8,1008.3
2026-07-05T18:06:51,Port Harcourt,4.8156,7.0498,134,Unhealthy for Sensitive Groups,48.9,84.1,912.3,42.1,17.2,36.1,28.0,71.1,4.8,1010.3
2026-07-05T18:06:51,Kano,12.0022,8.592,97,Moderate,34.1,59.2,710.4,36.5,20.1,54.7,28.3,51.2,4.8,1011.6
2026-07-05T18:06:51,Ibadan,7.3775,3.947,92,Moderate,31.6,44.4,714.7,33.6,12.8,37.8,26.9,58.6,3.3,1006.7
2026-07-05T18:06:51,Kaduna,10.5222,7.4383,92,Moderate,31.6,51.5,662.5,35.9,15.1,55.2,27.8,58.1,2.7,1011.4
2026-07-05T18:06:51,Ogun (Ode-Remo),6.85,3.6167,75,Moderate,23.5,36.0,606.8,29.4,14.9,41.9,29.0,71.7,2.6,1014.0
2026-07-05T19:06:51,Lagos,6.5244,3.3792,108,Unhealthy for Sensitive Groups,38.2,56.1,681.8,42.0,17.9,45.4,28.9,56.5,4.1,1007.3
2026-07-05T19:06:51,Abuja,9.0765,7.3986,84,Moderate,27.8,39.5,549.7,28.6,16.5,51.1,26.9,66.4,1.9,1013.4
2026-07-05T19:06:51,Port Harcourt,4.8156,7.0498,145,Unhealthy for Sensitive Groups,53.5,87.7,775.0,65.4,15.9,56.7,28.6,68.7,5.8,1011.5
2026-07-05T19:06:51,Kano,12.0022,8.592,96,Moderate,33.6,62.7,658.1,33.9,11.9,32.9,30.9,57.5,1.4,1010.9
2026-07-05T19:06:51,Ibadan,7.3775,3.947,95,Moderate,33.0,61.0,655.7,31.2,18.8,58.4,30.9,71.9,2.0,1008.6
2026-07-05T19:06:51,Kaduna,10.5222,7.4383,100,Moderate,35.3,64.9,744.0,47.1,17.4,38.3,30.2,78.4,3.0,1006.2
2026-07-05T19:06:51,Ogun (Ode-Remo),6.85,3.6167,85,Moderate,28.1,39.9,584.0,33.4,14.5,59.1,30.6,79.0,3.3,1013.2
2026-07-05T20:06:51,Lagos,6.5244,3.3792,114,Unhealthy for Sensitive Groups,40.8,63.2,708.7,51.4,19.7,49.3,27.7,73.6,2.8,1011.4
2026-07-05T20:06:51,Abuja,9.0765,7.3986,74,Moderate,23.1,41.4,584.2,25.1,12.5,59.8,30.4,65.6,4.9,1009.6
2026-07-05T20:06:51,Port Harcourt,4.8156,7.0498,139,Unhealthy for Sensitive Groups,51.0,87.7,1001.3,51.7,29.3,54.2,27.8,54.3,1.5,1011.2
2026-07-05T20:06:51,Kano,12.0022,8.592,94,Moderate,32.7,49.7,658.8,35.6,14.3,57.9,29.7,52.3,2.0,1012.6
2026-07-05T20:06:51,Ibadan,7.3775,3.947,92,Moderate,31.8,52.3,688.8,36.7,14.0,23.3,26.9,61.4,4.2,1008.6
2026-07-05T20:06:51,Kaduna,10.5222,7.4383,95,Moderate,33.0,60.8,755.0,45.3,13.6,60.6,29.9,49.5,2.7,1013.7
2026-07-05T20:06:51,Ogun (Ode-Remo),6.85,3.6167,73,Moderate,22.8,40.4,539.5,23.9,10.5,35.4,31.1,67.1,3.0,1006.1
2026-07-05T21:06:51,Lagos,6.5244,3.3792,107,Unhealthy for Sensitive Groups,37.8,68.0,767.2,45.7,12.9,40.2,30.8,72.4,4.9,1010.6
2026-07-05T21:06:51,Abuja,9.0765,7.3986,76,Moderate,23.9,35.1,562.7,30.7,10.1,60.0,30.2,61.9,3.5,1013.4
2026-07-05T21:06:51,Port Harcourt,4.8156,7.0498,132,Unhealthy for Sensitive Groups,47.9,85.0,894.3,52.8,17.4,33.7,29.5,51.3,3.7,1011.4
2026-07-05T21:06:51,Kano,12.0022,8.592,92,Moderate,31.4,52.9,644.6,37.5,17.5,44.5,29.4,64.8,1.3,1007.0
2026-07-05T21:06:51,Ibadan,7.3775,3.947,79,Moderate,25.6,40.7,648.3,30.0,13.4,41.4,26.3,75.4,5.8,1011.5
2026-07-05T21:06:51,Kaduna,10.5222,7.4383,85,Moderate,28.4,50.6,663.9,33.6,12.1,22.2,26.7,75.9,2.5,1006.6
2026-07-05T21:06:51,Ogun (Ode-Remo),6.85,3.6167,77,Moderate,24.3,36.1,580.4,26.8,10.5,38.2,26.7,56.8,1.1,1009.1
2026-07-05T22:06:51,Lagos,6.5244,3.3792,99,Moderate,34.8,51.6,709.2,41.6,20.7,27.4,29.2,46.1,5.7,1006.9
2026-07-05T22:06:51,Abuja,9.0765,7.3986,63,Moderate,17.8,31.4,456.1,24.1,11.8,58.5,28.4,58.5,5.9,1013.3
2026-07-05T22:06:51,Port Harcourt,4.8156,7.0498,118,Unhealthy for Sensitive Groups,42.2,61.2,664.1,44.8,16.2,32.1,26.8,45.8,1.5,1013.5
2026-07-05T22:06:51,Kano,12.0022,8.592,77,Moderate,24.4,41.1,528.4,31.0,15.6,30.2,29.2,79.7,4.5,1010.3
2026-07-05T22:06:51,Ibadan,7.3775,3.947,74,Moderate,23.1,33.3,494.5,28.5,11.7,51.2,30.2,63.4,4.3,1008.1
2026-07-05T22:06:51,Kaduna,10.5222,7.4383,76,Moderate,24.0,34.6,526.9,32.6,15.9,37.6,28.2,57.1,3.4,1011.5
2026-07-05T22:06:51,Ogun (Ode-Remo),6.85,3.6167,73,Moderate,22.5,37.7,510.9,29.0,14.4,40.1,30.6,50.6,5.8,1006.5
2026-07-05T23:06:51,Lagos,6.5244,3.3792,90,Moderate,30.8,45.4,673.9,34.8,18.3,58.7,30.0,70.8,1.3,1007.1
2026-07-05T23:06:51,Abuja,9.0765,7.3986,61,Moderate,17.0,32.0,535.3,24.1,9.1,39.8,29.2,71.2,2.5,1011.6
2026-07-05T23:06:51,Port Harcourt,4.8156,7.0498,131,Unhealthy for Sensitive Groups,47.6,89.2,862.7,55.4,16.2,54.5,26.3,68.0,5.5,1010.5
2026-07-05T23:06:51,Kano,12.0022,8.592,81,Moderate,26.3,42.8,658.5,34.2,17.7,24.4,30.4,60.1,6.0,1008.2
2026-07-05T23:06:51,Ibadan,7.3775,3.947,71,Moderate,21.5,39.8,516.3,31.0,10.4,36.8,27.8,61.6,4.4,1007.3
2026-07-05T23:06:51,Kaduna,10.5222,7.4383,86,Moderate,28.9,50.1,675.6,37.6,17.4,25.9,26.3,71.7,1.7,1012.2
2026-07-05T23:06:51,Ogun (Ode-Remo),6.85,3.6167,65,Moderate,18.7,29.1,502.6,23.9,10.0,60.9,29.7,59.6,1.1,1008.5
2026-07-06T00:06:51,Lagos,6.5244,3.3792,89,Moderate,30.0,52.0,634.8,32.7,12.6,58.5,26.2,57.4,4.9,1011.8
2026-07-06T00:06:51,Abuja,9.0765,7.3986,69,Moderate,20.6,38.4,542.8,24.4,13.0,34.6,26.2,68.5,5.9,1011.2
2026-07-06T00:06:51,Port Harcourt,4.8156,7.0498,135,Unhealthy for Sensitive Groups,49.1,85.8,767.6,50.9,28.6,45.6,29.1,54.7,3.1,1013.2
2026-07-06T00:06:51,Kano,12.0022,8.592,83,Moderate,27.1,42.9,640.3,38.2,12.2,33.4,26.6,60.7,1.0,1007.6
2026-07-06T00:06:51,Ibadan,7.3775,3.947,75,Moderate,23.7,41.4,544.9,24.3,15.3,46.5,24.9,68.4,4.1,1008.6
2026-07-06T00:06:51,Kaduna,10.5222,7.4383,87,Moderate,29.4,51.9,609.9,33.4,11.5,41.6,28.2,65.5,2.1,1010.9
2026-07-06T00:06:51,Ogun (Ode-Remo),6.85,3.6167,69,Moderate,20.5,35.7,516.9,23.6,9.9,34.2,28.1,73.2,5.3,1009.0
2026-07-06T01:06:51,Lagos,6.5244,3.3792,95,Moderate,33.0,56.3,602.4,33.9,17.1,30.7,29.5,55.4,2.4,1007.7
2026-07-06T01:06:51,Abuja,9.0765,7.3986,68,Moderate,20.2,35.3,500.5,23.3,11.2,42.2,27.5,68.4,3.1,1012.0
2026-07-06T01:06:51,Port Harcourt,4.8156,7.0498,126,Unhealthy for Sensitive Groups,45.8,67.8,686.7,55.3,19.4,33.7,25.0,78.4,2.3,1009.5
2026-07-06T01:06:51,Kano,12.0022,8.592,82,Moderate,26.8,37.8,632.5,39.1,13.8,25.3,25.9,50.8,2.6,1011.0
2026-07-06T01:06:51,Ibadan,7.3775,3.947,85,Moderate,28.4,50.4,653.2,31.6,12.0,40.5,25.4,75.3,1.6,1013.8
2026-07-06T01:06:51,Kaduna,10.5222,7.4383,82,Moderate,26.9,42.2,648.0,34.3,16.4,58.9,27.9,49.8,1.9,1007.7
2026-07-06T01:06:51,Ogun (Ode-Remo),6.85,3.6167,65,Moderate,18.6,30.2,495.6,23.1,10.5,32.5,29.0,55.9,5.6,1013.8
2026-07-06T02:06:51,Lagos,6.5244,3.3792,92,Moderate,31.4,49.5,727.7,41.4,13.9,26.7,28.2,58.3,5.9,1012.5
2026-07-06T02:06:51,Abuja,9.0765,7.3986,66,Moderate,19.0,34.7,544.6,26.4,9.0,28.9,28.2,52.0,4.8,1007.3
2026-07-06T02:06:51,Port Harcourt,4.8156,7.0498,133,Unhealthy for Sensitive Groups,48.7,83.0,741.4,51.2,16.8,50.9,25.9,67.5,5.6,1011.7
2026-07-06T02:06:51,Kano,12.0022,8.592,80,Moderate,25.7,46.3,596.6,33.4,12.7,32.4,25.4,53.3,2.7,1006.4
2026-07-06T02:06:51,Ibadan,7.3775,3.947,78,Moderate,24.9,34.9,566.8,35.3,10.9,40.5,29.7,48.4,2.1,1013.8
2026-07-06T02:06:51,Kaduna,10.5222,7.4383,80,Moderate,25.9,44.6,572.8,29.2,13.2,55.3,25.0,78.5,3.1,1007.3
2026-07-06T02:06:51,Ogun (Ode-Remo),6.85,3.6167,72,Moderate,21.9,37.0,519.1,25.3,10.2,35.7,28.0,79.0,2.1,1010.7
2026-07-06T03:06:51,Lagos,6.5244,3.3792,101,Unhealthy for Sensitive Groups,35.5,54.9,645.4,44.0,15.8,39.1,26.3,61.8,2.0,1010.3
2026-07-06T03:06:51,Abuja,9.0765,7.3986,62,Moderate,17.3,31.4,509.6,22.9,12.4,24.6,29.1,48.6,5.3,1011.9
2026-07-06T03:06:51,Port Harcourt,4.8156,7.0498,117,Unhealthy for Sensitive Groups,41.9,70.6,698.2,44.5,24.6,26.8,28.2,77.7,4.3,1008.1
2026-07-06T03:06:51,Kano,12.0022,8.592,84,Moderate,27.9,52.3,653.6,35.4,17.0,47.2,27.9,48.0,1.3,1006.3
2026-07-06T03:06:51,Ibadan,7.3775,3.947,77,Moderate,24.5,36.4,551.7,29.0,16.9,61.4,27.9,45.5,5.1,1006.1
2026-07-06T03:06:51,Kaduna,10.5222,7.4383,87,Moderate,29.0,47.4,546.7,37.4,11.7,56.6,29.0,45.4,2.6,1010.6
2026-07-06T03:06:51,Ogun (Ode-Remo),6.85,3.6167,72,Moderate,22.1,36.3,539.0,23.5,12.8,26.6,28.8,66.8,1.4,1009.9
2026-07-06T04:06:51,Lagos,6.5244,3.3792,48,Good,35.5,52.1,715.0,41.7,14.7,48.2,27.8,67.3,1.3,1009.3
2026-07-06T04:06:51,Abuja,9.0765,7.3986,70,Moderate,21.0,35.3,497.9,30.8,14.2,34.4,28.5,77.4,2.9,1013.7
2026-07-06T04:06:51,Port Harcourt,4.8156,7.0498,131,Unhealthy for Sensitive Groups,47.7,80.5,829.2,61.0,21.6,37.7,29.4,72.3,4.9,1010.3
2026-07-06T04:06:51,Kano,12.0022,8.592,85,Moderate,28.4,40.7,549.2,40.1,14.5,34.2,28.3,47.3,4.4,1010.5
2026-07-06T04:06:51,Ibadan,7.3775,3.947,79,Moderate,25.3,46.5,609.1,33.4,13.5,38.9,26.9,64.0,3.6,1012.1
2026-07-06T04:06:51,Kaduna,10.5222,7.4383,80,Moderate,26.0,42.7,657.8,30.8,16.2,34.5,26.5,67.2,4.0,1012.4
2026-07-06T04:06:51,Ogun (Ode-Remo),6.85,3.6167,73,Moderate,22.8,42.8,518.4,28.8,14.9,54.4,26.5,50.0,5.2,1006.5
2026-07-06T05:06:51,Lagos,6.5244,3.3792,92,Moderate,31.6,56.5,554.1,37.7,20.1,38.1,30.0,75.7,3.4,1007.6
2026-07-06T05:06:51,Abuja,9.0765,7.3986,66,Moderate,19.2,32.2,455.3,24.0,12.4,54.3,29.7,74.0,5.6,1011.6
2026-07-06T05:06:51,Port Harcourt,4.8156,7.0498,128,Unhealthy for Sensitive Groups,46.4,83.9,805.4,51.0,27.3,34.7,28.7,59.0,4.2,1013.7
2026-07-06T05:06:51,Kano,12.0022,8.592,80,Moderate,25.7,37.2,621.3,28.4,14.8,48.8,25.4,58.4,5.0,1013.0
2026-07-06T05:06:51,Ibadan,7.3775,3.947,71,Moderate,21.7,35.0,496.6,29.5,12.9,38.1,29.6,69.1,3.2,1008.3
2026-07-06T05:06:51,Kaduna,10.5222,7.4383,79,Moderate,25.3,41.3,552.8,31.9,12.8,53.9,30.2,63.6,2.9,1011.4
2026-07-06T05:06:51,Ogun (Ode-Remo),6.85,3.6167,68,Moderate,20.3,31.7,562.7,27.1,9.9,33.9,26.9,79.5,4.0,1010.3
2026-07-06T06:06:51,Lagos,6.5244,3.3792,103,Unhealthy for Sensitive Groups,36.2,62.4,786.9,33.3,18.5,42.8,29.1,77.8,5.6,1007.4
2026-07-06T06:06:51,Abuja,9.0765,7.3986,76,Moderate,24.1,40.2,579.5,33.8,16.8,34.4,26.4,68.9,1.9,1007.4
2026-07-06T06:06:51,Port Harcourt,4.8156,7.0498,126,Unhealthy for Sensitive Groups,45.9,86.2,689.0,48.0,24.7,46.3,26.4,46.4,2.9,1007.5
2026-07-06T06:06:51,Kano,12.0022,8.592,87,Moderate,29.1,54.4,669.5,34.1,13.7,29.8,26.0,65.8,1.3,1012.3
2026-07-06T06:06:51,Ibadan,7.3775,3.947,87,Moderate,29.4,53.7,710.3,39.5,11.8,48.0,28.6,59.4,3.5,1012.0
2026-07-06T06:06:51,Kaduna,10.5222,7.4383,82,Moderate,26.6,49.8,607.6,28.6,16.8,51.4,27.8,46.7,2.4,1007.0
2026-07-06T06:06:51,Ogun (Ode-Remo),6.85,3.6167,76,Moderate,24.2,45.5,580.5,26.0,15.2,52.0,26.5,73.0,2.4,1012.3
2026-07-06T07:06:51,Lagos,6.5244,3.3792,107,Unhealthy for Sensitive Groups,38.1,70.9,832.8,40.4,18.3,58.7,30.5,77.4,5.4,1006.1
2026-07-06T07:06:51,Abuja,9.0765,7.3986,76,Moderate,23.8,38.3,569.3,25.8,13.9,32.8,27.3,69.8,1.8,1007.2
2026-07-06T07:06:51,Port Harcourt,4.8156,7.0498,142,Unhealthy for Sensitive Groups,52.1,89.3,829.0,43.5,25.3,49.2,26.4,51.8,4.6,1010.7
2026-07-06T07:06:51,Kano,12.0022,8.592,94,Moderate,32.5,55.8,609.9,36.3,18.6,39.5,26.9,72.9,1.3,1008.5
2026-07-06T07:06:51,Ibadan,7.3775,3.947,85,Moderate,28.3,45.9,625.1,27.4,13.1,39.0,26.8,60.9,2.9,1007.6
2026-07-06T07:06:51,Kaduna,10.5222,7.4383,88,Moderate,29.9,55.1,662.1,31.7,14.0,33.9,29.8,64.0,1.9,1008.9
2026-07-06T07:06:51,Ogun (Ode-Remo),6.85,3.6167,83,Moderate,27.4,38.5,562.2,28.4,10.7,48.3,29.5,47.8,3.3,1013.3
2026-07-06T08:06:51,Lagos,6.5244,3.3792,111,Unhealthy for Sensitive Groups,39.5,74.7,683.2,53.2,19.3,40.8,30.5,74.8,3.3,1007.5
2026-07-06T08:06:51,Abuja,9.0765,7.3986,75,Moderate,23.5,43.8,574.4,31.8,13.1,45.6,27.6,72.4,2.6,1007.8
2026-07-06T08:06:51,Port Harcourt,4.8156,7.0498,137,Unhealthy for Sensitive Groups,50.0,83.5,792.0,53.3,27.5,38.0,30.8,46.3,1.3,1012.3
2026-07-06T08:06:51,Kano,12.0022,8.592,107,Unhealthy for Sensitive Groups,37.8,67.2,672.9,49.4,21.4,27.1,27.4,57.0,2.8,1006.1
2026-07-06T08:06:51,Ibadan,7.3775,3.947,90,Moderate,30.5,57.4,711.0,34.6,18.6,50.1,29.5,45.3,2.9,1007.8
2026-07-06T08:06:51,Kaduna,10.5222,7.4383,91,Moderate,31.1,53.4,660.1,34.2,11.6,51.4,27.1,47.9,1.5,1011.8
2026-07-06T08:06:51,Ogun (Ode-Remo),6.85,3.6167,84,Moderate,27.8,46.6,621.4,37.2,11.5,33.2,27.2,69.7,3.3,1007.3
2026-07-06T10:27:21,Lagos,6.5244,3.3792,25,Good,3.91,6.75,139.3,0.06,0.18,51.88,28.08,74,5.34,1015
2026-07-06T10:27:21,Abuja,9.0765,7.3986,19,Good,4.54,7.47,225.26,0.76,0.32,36.12,27.25,73,2.97,1015
2026-07-06T10:27:21,Port Harcourt,4.8156,7.0498,25,Good,4.08,9.86,167.51,0.17,0.28,52.52,28.18,75,3.61,1015
2026-07-06T10:27:22,Kano,12.0022,8.592,35,Good,8.33,12.05,419.83,1.42,0.66,41.56,33.97,37,5.81,1012
2026-07-06T10:27:22,Ibadan,7.3775,3.947,28,Good,6.83,13.49,256.77,1.24,0.77,47.03,27.52,77,2.65,1015
2026-07-06T10:27:23,Kaduna,10.5222,7.4383,36,Good,8.76,10.59,391.17,1.65,0.17,24.84,27.4,70,3.9,1015
2026-07-06T10:27:23,Ogun (Ode-Remo),6.85,3.6167,24,Good,3.28,6.3,144.61,0.05,0.12,50.26,28.04,78,3.02,1015
2026-07-06T13:41:39,Lagos,6.5244,3.3792,26,Good,2.94,4.63,116.93,0.04,0.15,54.51,28.18,73,6.25,1013
2026-07-06T13:41:40,Abuja,9.0765,7.3986,20,Good,3.54,6.14,191.53,0.43,0.27,42.11,28.24,69,2.68,1012
2026-07-06T13:41:40,Port Harcourt,4.8156,7.0498,28,Good,6.4,14.19,167.82,0.05,0.25,59.37,27.64,77,5.45,1013
2026-07-06T13:41:41,Kano,12.0022,8.592,60,Moderate,16.27,22.53,359.08,0.74,0.69,52.46,38.4,22,0.9,1008
2026-07-06T13:41:41,Ibadan,7.3775,3.947,24,Good,4.71,9.48,186.99,0.79,0.57,50.97,27.98,76,3.09,1013
2026-07-06T13:41:42,Kaduna,10.5222,7.4383,31,Good,7.48,9.22,294.04,0.63,0.14,41.74,30.46,57,3.87,1011
2026-07-06T13:41:42,Ogun (Ode-Remo),6.85,3.6167,25,Good,2.65,4.92,117.11,0.04,0.12,53.3,29.36,69,3.69,1013
2026-07-06T16:47:48,Lagos,6.5244,3.3792,27,Good,2.86,4.65,116.12,0.05,0.14,56.31,27.23,78,6.16,1013
2026-07-06T16:47:48,Abuja,9.0765,7.3986,26,Good,6.23,11.08,248.33,1.57,0.4,28.92,26.44,80,1.38,1012
2026-07-06T16:47:49,Port Harcourt,4.8156,7.0498,31,Good,7.44,14.53,170.01,0.08,0.24,63.27,26.01,83,4.63,1013
2026-07-06T16:47:49,Kano,12.0022,8.592,58,Moderate,15.52,23.3,394.23,2.26,0.96,44.26,38.13,19,1.13,1007
2026-07-06T16:47:50,Ibadan,7.3775,3.947,24,Good,4.68,9.72,178.28,1.07,0.56,51.39,26.11,85,2.63,1012
2026-07-06T16:47:50,Kaduna,10.5222,7.4383,37,Good,8.87,11.83,314.74,1.99,0.25,35.28,25.99,79,3.64,1012
2026-07-06T16:47:51,Ogun (Ode-Remo),6.85,3.6167,26,Good,2.84,5.38,113.45,0.05,0.13,54.18,27.4,78,3.4,1012
2026-07-06T18:50:00,Lagos,6.5244,3.3792,27,Good,3.28,5.67,117.73,0.07,0.17,57.11,26.63,81,5.85,1014
2026-07-06T18:50:01,Abuja,9.0765,7.3986,42,Good,10.13,18.67,323.9,2.85,0.59,21.79,24.78,84,0.59,1013
2026-07-06T18:50:01,Port Harcourt,4.8156,7.0498,30,Good,7.24,14.77,173.64,0.09,0.24,63.07,24.74,88,3.64,1015
2026-07-06T18:50:01,Kano,12.0022,8.592,66,Moderate,19.23,30.23,473.41,3.97,1.42,37.08,34.06,30,3.03,1010
2026-07-06T18:50:02,Ibadan,7.3775,3.947,24,Good,5.76,12.8,203.5,1.58,0.71,50,24.8,89,2.63,1014
2026-07-06T18:50:02,Kaduna,10.5222,7.4383,45,Good,10.85,16.12,359.21,3.58,0.41,27.49,23.17,93,1.8,1014
2026-07-06T18:50:03,Ogun (Ode-Remo),6.85,3.6167,26,Good,2.97,5.85,114.34,0.07,0.14,55.88,25.41,86,2.14,1014
2026-07-06T20:47:01,Lagos,6.5244,3.3792,27,Good,4.05,7.32,117,0.06,0.19,58.2,26.7,82,5.3,1015
2026-07-06T20:47:01,Abuja,9.0765,7.3986,53,Moderate,13.09,21.85,356.02,2.67,0.6,23.4,23.94,86,0.29,1015
2026-07-06T20:47:01,Port Harcourt,4.8156,7.0498,29,Good,6.9,15.09,177.44,0.09,0.24,62.26,24.96,89,3.13,1015
2026-07-06T20:47:02,Kano,12.0022,8.592,74,Moderate,22.89,36.35,540.74,4.64,1.64,31.87,29.5,53,6.5,1012
2026-07-06T20:47:02,Ibadan,7.3775,3.947,29,Good,7,15.9,228.69,1.69,0.81,49.93,23.16,96,1.94,1015
2026-07-06T20:47:02,Kaduna,10.5222,7.4383,54,Moderate,13.65,21.83,409.51,4.15,0.49,19.01,23.45,89,2.88,1014
2026-07-06T20:47:03,Ogun (Ode-Remo),6.85,3.6167,27,Good,3.12,5.97,115.13,0.06,0.14,57.47,24.87,90,1.82,1015
2026-07-06T22:05:56,Lagos,6.5244,3.3792,28,Good,4.47,8.28,115.29,0.06,0.2,58.76,26.56,83,4.96,1015
2026-07-06T22:05:57,Abuja,9.0765,7.3986,52,Moderate,12.57,19.24,334.2,2.26,0.54,27.35,23.8,86,0.44,1015
2026-07-06T22:05:57,Port Harcourt,4.8156,7.0498,29,Good,6.6,14.87,179.75,0.09,0.24,61.45,24.85,89,3.21,1016
2026-07-06T22:05:58,Kano,12.0022,8.592,75,Moderate,23.63,37.16,553.29,4.66,1.55,29.57,28.56,57,7.32,1013
2026-07-06T22:05:58,Ibadan,7.3775,3.947,31,Good,7.43,16.85,235.44,1.75,0.79,49.77,22.86,98,1.85,1016
2026-07-06T22:05:58,Kaduna,10.5222,7.4383,56,Moderate,14.3,22.96,417.85,4.16,0.44,16.36,23.18,90,2.68,1015
2026-07-06T22:05:59,Ogun (Ode-Remo),6.85,3.6167,27,Good,3.34,6.46,115.17,0.06,0.15,57.94,24.61,92,1.53,1015
2026-07-06T23:58:11,Lagos,6.5244,3.3792,28,Good,5.15,9.91,114.67,0.06,0.23,59.26,26.38,85,4.14,1015
2026-07-06T23:58:11,Abuja,9.0765,7.3986,16,Good,12.09,17.12,325.58,2.15,0.45,26.87,23.6,87,1.43,1014
2026-07-06T23:58:12,Port Harcourt,4.8156,7.0498,28,Good,5.87,13.86,186.65,0.08,0.22,59.93,24.53,91,3.43,1015
2026-07-06T23:58:13,Kano,12.0022,8.592,75,Moderate,23.59,35.5,547.46,4.15,1.1,25.42,30.62,43,3.7,1012
2026-07-06T23:58:14,Ibadan,7.3775,3.947,30,Good,7.09,15.86,215.19,1.44,0.6,49.32,22.68,99,1.38,1015
2026-07-06T23:58:14,Kaduna,10.5222,7.4383,54,Moderate,13.33,20.28,388.41,3.47,0.26,15.78,22.88,91,1.68,1015
2026-07-06T23:58:15,Ogun (Ode-Remo),6.85,3.6167,28,Good,4.15,8.24,115.23,0.06,0.19,58.35,24.37,95,1.41,1015
2026-07-07T02:50:35,Lagos,6.5244,3.3792,27,Good,4.5,8.55,124.28,0.05,0.2,57.77,25.81,85,3.97,1014
2026-07-07T02:50:35,Abuja,9.0765,7.3986,37,Good,8.92,12.76,285.54,1.93,0.35,24.01,22.27,94,1.45,1014
2026-07-07T02:50:36,Port Harcourt,4.8156,7.0498,27,Good,5.01,12.74,198.36,0.08,0.21,58.09,24.25,91,2.44,1015
2026-07-07T02:50:37,Kano,12.0022,8.592,70,Moderate,21.08,30.27,490.27,2.87,0.89,24.63,28.28,61,4.63,1011
2026-07-07T02:50:37,Ibadan,7.3775,3.947,36,Good,8.68,18.52,225.3,1.34,0.6,47.29,22.63,99,1.19,1015
2026-07-07T02:50:38,Kaduna,10.5222,7.4383,49,Good,11.65,16.99,330.31,2.08,0.22,19.42,22.32,92,1.81,1014
2026-07-07T02:50:39,Ogun (Ode-Remo),6.85,3.6167,27,Good,4.68,8.79,118.16,0.05,0.19,57.94,23.86,96,1.18,1014
2026-07-07T06:37:02,Lagos,6.5244,3.3792,26,Good,3.67,6.42,134.21,0.06,0.16,55.47,26.1,82,3.25,1017
2026-07-07T06:37:03,Abuja,9.0765,7.3986,27,Good,6.56,11.57,270.05,1.87,0.43,22.1,23.49,92,2.76,1017
2026-07-07T06:37:04,Port Harcourt,4.8156,7.0498,27,Good,4.7,9.49,200.99,0.11,0.19,56.59,25.12,86,1.67,1017
2026-07-07T06:37:04,Kano,12.0022,8.592,59,Moderate,15.72,24.57,399.7,2.58,1.28,27.64,28.62,60,5.53,1014
2026-07-07T06:37:05,Ibadan,7.3775,3.947,55,Moderate,14.23,29.6,364.53,3.61,1.14,44.86,23.59,94,2.1,1017
2026-07-07T06:37:06,Kaduna,10.5222,7.4383,17,Good,12.09,18.41,340.13,2.2,0.3,18.81,23.85,86,3.7,1016
2026-07-07T06:37:06,Ogun (Ode-Remo),6.85,3.6167,27,Good,3.54,6.29,128.69,0.05,0.13,56.21,25.13,90,1.43,1017
2026-07-07T10:18:54,Lagos,6.5244,3.3792,26,Good,3.78,6.71,135.74,0.03,0.17,54.61,27.78,74,4.74,1018
2026-07-07T10:18:54,Abuja,9.0765,7.3986,19,Good,4.45,7.98,209.13,0.83,0.37,40.21,26.45,80,2.5,1017
2026-07-07T10:18:55,Port Harcourt,4.8156,7.0498,27,Good,4.5,8.33,202.19,0.08,0.16,56.82,25.83,84,3.49,1017
2026-07-07T10:18:55,Kano,12.0022,8.592,55,Moderate,13.78,22.1,329.22,0.96,0.84,45.91,34.48,38,4.37,1014
2026-07-07T10:18:55,Ibadan,7.3775,3.947,36,Good,8.53,17.05,248.59,1.04,0.83,55.9,27.87,73,2.51,1017
2026-07-07T10:18:56,Kaduna,10.5222,7.4383,34,Good,8.1,11.96,284.66,1.21,0.22,32.52,27.96,68,4.02,1017
2026-07-07T10:18:57,Ogun (Ode-Remo),6.85,3.6167,26,Good,3.49,6.69,131.8,0.03,0.13,54.13,29.12,69,2.67,1017
2026-07-07T13:11:41,Lagos,6.5244,3.3792,25,Good,3.75,6.65,143.09,0.03,0.16,51.93,28.14,73,6.08,1015
2026-07-07T13:11:41,Abuja,9.0765,7.3986,20,Good,3.94,6.69,185.01,0.56,0.32,43.24,28.68,71,2.17,1015
2026-07-07T13:11:42,Port Harcourt,4.8156,7.0498,26,Good,5.72,11.22,193.85,0.09,0.2,55.74,25.98,82,2.77,1015
2026-07-07T13:11:42,Kano,12.0022,8.592,62,Moderate,17.26,30.82,300.73,0.69,0.68,51.93,37.7,26,1.38,1011
2026-07-07T13:11:42,Ibadan,7.3775,3.947,24,Good,5.4,11.17,186.7,0.65,0.58,51.82,28.27,75,2.71,1015
2026-07-07T13:11:43,Kaduna,10.5222,7.4383,27,Good,6.45,9.15,238.18,0.51,0.15,42.56,28.58,65,2.48,1015
2026-07-07T13:11:43,Ogun (Ode-Remo),6.85,3.6167,24,Good,3.56,7.29,135.47,0.03,0.13,50.14,29.23,69,3.26,1015
2026-07-07T16:18:02,Lagos,6.5244,3.3792,24,Good,4.17,7.77,141.22,0.04,0.16,50.47,27.95,73,5.89,1014
2026-07-07T16:18:03,Abuja,9.0765,7.3986,26,Good,6.16,9.47,213.15,0.97,0.36,41.47,28.53,72,1.71,1013
2026-07-07T16:18:04,Port Harcourt,4.8156,7.0498,26,Good,5.89,11.49,184.51,0.1,0.18,54.43,27.71,73,3.22,1013
2026-07-07T16:18:05,Kano,12.0022,8.592,75,Moderate,23.69,43.76,370.76,2.45,0.77,45.31,38.09,23,3.09,1009
2026-07-07T16:18:06,Ibadan,7.3775,3.947,23,Good,5.34,11.28,188.18,0.8,0.54,48.77,26.71,85,2.44,1013
2026-07-07T16:18:07,Kaduna,10.5222,7.4383,42,Good,10.06,14.93,266.17,1.37,0.23,36.42,28.3,68,2.46,1013
2026-07-07T16:18:07,Ogun (Ode-Remo),6.85,3.6167,23,Good,3.87,7.61,137.97,0.03,0.14,49.31,28.24,75,3.04,1013
2026-07-07T18:54:54,Lagos,6.5244,3.3792,24,Good,4.34,9.6,139.6,0.06,0.18,50.76,26.95,80,4.71,1015
2026-07-07T18:54:54,Abuja,9.0765,7.3986,41,Good,9.76,15.54,285.84,2.47,0.52,31.33,24.84,87,1.4,1014
2026-07-07T18:54:54,Port Harcourt,4.8156,7.0498,25,Good,5.96,12.61,183.14,0.1,0.17,53.22,25.2,88,2.59,1015
2026-07-07T18:54:55,Kano,12.0022,8.592,114,Unhealthy for Sensitive Groups,40.82,73.4,726.32,9.26,1.71,21.08,34.98,31,1.74,1011
2026-07-07T18:54:55,Ibadan,7.3775,3.947,32,Good,7.69,17.23,247.46,1.92,0.84,45.04,23.89,94,1.7,1015
2026-07-07T18:54:55,Kaduna,10.5222,7.4383,60,Moderate,16.18,26.45,418.24,5.06,0.66,18.76,24.93,81,2.23,1015
2026-07-07T18:54:56,Ogun (Ode-Remo),6.85,3.6167,24,Good,4.14,8.87,139.79,0.06,0.15,49.95,25.37,87,1.91,1015
2026-07-07T20:45:12,Lagos,6.5244,3.3792,24,Good,4.24,10.4,139.79,0.06,0.19,50.61,26.77,81,4.48,1016
2026-07-07T20:45:12,Abuja,9.0765,7.3986,52,Moderate,12.52,20.95,343.92,2.89,0.56,25.75,24.56,87,0.87,1016
2026-07-07T20:45:12,Port Harcourt,4.8156,7.0498,25,Good,6.11,13.35,184.08,0.11,0.18,53.36,24.38,92,2.38,1016
2026-07-07T20:45:13,Kano,12.0022,8.592,135,Unhealthy for Sensitive Groups,49.27,87.35,863.52,9.83,1.82,15.33,31.72,46,5.72,1013
2026-07-07T20:45:13,Ibadan,7.3775,3.947,43,Good,10.36,23.84,301.15,2.3,1.03,42.85,23.25,97,1.78,1016
2026-07-07T20:45:13,Kaduna,10.5222,7.4383,65,Moderate,18.94,31.13,466.58,5.18,0.66,15.02,24.93,80,1.58,1016
2026-07-07T20:45:14,Ogun (Ode-Remo),6.85,3.6167,24,Good,4.16,9.84,140.73,0.06,0.16,49.96,24.73,90,1.7,1016
2026-07-07T22:05:08,Lagos,6.5244,3.3792,24,Good,4.07,10.33,140.75,0.05,0.19,50.07,26.65,82,4.39,1016
2026-07-07T22:05:08,Abuja,9.0765,7.3986,54,Moderate,13.67,22,366.15,2.92,0.54,23.77,24.56,86,0.4,1016
2026-07-07T22:05:09,Port Harcourt,4.8156,7.0498,26,Good,6.14,13.13,184.03,0.11,0.18,53.37,24.21,93,2.19,1017
2026-07-07T22:05:09,Kano,12.0022,8.592,139,Unhealthy for Sensitive Groups,50.97,88.73,883.8,9.63,1.66,13.2,30.8,51,5.68,1014
2026-07-07T22:05:09,Ibadan,7.3775,3.947,44,Good,10.57,24.16,304.09,2.26,0.99,42.23,22.98,98,1.63,1017
2026-07-07T22:05:10,Kaduna,10.5222,7.4383,66,Moderate,19.36,31.16,471.19,5.05,0.55,13.08,24.88,79,2.09,1016
2026-07-07T22:05:10,Ogun (Ode-Remo),6.85,3.6167,23,Good,4.07,9.56,140.98,0.05,0.16,49.72,24.57,91,1.45,1017
2026-07-07T23:46:55,Lagos,6.5244,3.3792,23,Good,3.49,9.32,148.26,0.05,0.17,48.43,26.41,84,4.85,1016
2026-07-07T23:46:55,Abuja,9.0765,7.3986,55,Moderate,14.03,19.33,371.21,2.52,0.39,23.08,24.19,86,0.71,1014
2026-07-07T23:46:55,Port Harcourt,4.8156,7.0498,26,Good,6.2,12.34,185.29,0.11,0.18,53.65,23.95,94,1.8,1016
2026-07-07T23:46:55,Kano,12.0022,8.592,130,Unhealthy for Sensitive Groups,47.11,76.44,792.25,7.52,1.05,12.74,29.59,58,6.5,1012
2026-07-07T23:46:56,Ibadan,7.3775,3.947,34,Good,8.13,18.54,253.49,1.54,0.66,42.02,22.52,99,1.72,1016
2026-07-07T23:46:56,Kaduna,10.5222,7.4383,64,Moderate,18.23,27.01,454.46,4.67,0.3,12.6,24.64,79,1.26,1014
2026-07-07T23:46:56,Ogun (Ode-Remo),6.85,3.6167,23,Good,3.72,8.48,143.91,0.05,0.15,48.92,24.33,93,1.69,1016
2026-07-08T01:44:33,Lagos,6.5244,3.3792,22,Good,3.12,7.97,154.58,0.05,0.16,47.09,26.31,84,4.57,1015
2026-07-08T01:44:33,Abuja,9.0765,7.3986,52,Moderate,12.49,15.15,351.44,2.13,0.31,24.29,23.23,88,0.35,1015
2026-07-08T01:44:34,Port Harcourt,4.8156,7.0498,25,Good,6,10.27,186.64,0.11,0.16,53.7,24.26,93,1.84,1015
2026-07-08T01:44:35,Kano,12.0022,8.592,106,Unhealthy for Sensitive Groups,37.54,58.76,605.85,4.47,0.78,19.04,28.63,60,4.02,1012
2026-07-08T01:44:35,Ibadan,7.3775,3.947,29,Good,6.92,15.39,234.45,1.18,0.53,40.72,22.2,99,0.9,1015
2026-07-08T01:44:36,Kaduna,10.5222,7.4383,54,Moderate,13.6,17.43,361.36,3.01,0.18,20.66,23.87,82,1.72,1014
2026-07-08T01:44:36,Ogun (Ode-Remo),6.85,3.6167,22,Good,3.18,7.5,149.17,0.05,0.14,47.21,24.19,94,1.52,1015
2026-07-08T04:59:23,Lagos,6.5244,3.3792,22,Good,2.71,6.41,161.76,0.05,0.15,46.22,26.27,83,3.83,1015
2026-07-08T04:59:24,Abuja,9.0765,7.3986,44,Good,10.64,13.13,337.92,1.95,0.3,21.73,22.58,95,0.88,1015
2026-07-08T04:59:24,Port Harcourt,4.8156,7.0498,25,Good,5.62,8.78,186.9,0.12,0.14,53.46,23.85,95,1.61,1015
2026-07-08T04:59:24,Kano,12.0022,8.592,86,Moderate,28.83,43.68,456.66,2.51,0.93,26.63,27.61,62,2.85,1012
2026-07-08T04:59:25,Ibadan,7.3775,3.947,31,Good,7.54,15.29,264.79,1.54,0.63,38.28,22.81,98,1.06,1015
2026-07-08T04:59:25,Kaduna,10.5222,7.4383,48,Good,11.42,13.22,318.19,1.93,0.13,21.25,22.72,88,2.2,1014
2026-07-08T04:59:26,Ogun (Ode-Remo),6.85,3.6167,22,Good,2.83,5.74,155.08,0.05,0.14,46.15,24.45,94,1.19,1015
2026-07-08T07:29:46,Lagos,6.5244,3.3792,22,Good,2.55,6.02,162.88,0.06,0.14,46.44,26.48,84,3,1016
2026-07-08T07:29:46,Abuja,9.0765,7.3986,42,Good,10.04,13.95,341.77,2.28,0.41,21.22,23.82,92,1.24,1016
2026-07-08T07:29:47,Port Harcourt,4.8156,7.0498,25,Good,5.38,8.17,186.79,0.15,0.14,52.91,25.03,91,1.66,1016
2026-07-08T07:29:48,Kano,12.0022,8.592,76,Moderate,24.09,37.18,428.99,2.78,1.21,29.02,29.16,56,3.79,1014
2026-07-08T07:29:49,Ibadan,7.3775,3.947,56,Moderate,14.42,28.49,426.65,4.33,1.32,34.8,23.92,95,1.8,1016
2026-07-08T07:29:49,Kaduna,10.5222,7.4383,49,Good,11.74,14.29,336.74,2.3,0.21,20.18,24.42,83,2.5,1016
2026-07-08T07:29:50,Ogun (Ode-Remo),6.85,3.6167,22,Good,2.6,5.42,158.74,0.06,0.11,45.78,25.55,90,1.41,1016
2026-07-08T10:07:08,Lagos,6.5244,3.3792,22,Good,2.32,4.6,168.15,0.04,0.13,47.46,28.3,75,5.12,1016
2026-07-08T10:07:10,Abuja,9.0765,7.3986,29,Good,6.96,10.38,299.76,1.24,0.38,36.58,27.05,78,2.32,1016
2026-07-08T10:07:11,Port Harcourt,4.8156,7.0498,24,Good,5.18,7.97,188.89,0.17,0.17,51.13,28.77,74,2.41,1016
2026-07-08T10:07:12,Kano,12.0022,8.592,60,Moderate,16.19,25.45,359.01,1.52,0.84,43.84,34.18,37,2.51,1014
2026-07-08T10:07:12,Ibadan,7.3775,3.947,32,Good,7.58,17.3,298.78,1.83,0.98,41.61,27.82,75,2.81,1016
2026-07-08T10:07:13,Kaduna,10.5222,7.4383,38,Good,9.18,11.11,334.51,1.37,0.16,35.82,28.99,64,2.96,1015
2026-07-08T10:07:14,Ogun (Ode-Remo),6.85,3.6167,21,Good,2.4,5.35,160.83,0.05,0.1,45.5,29.23,72,2.16,1016
2026-07-08T12:13:52,Lagos,6.5244,3.3792,22,Good,2.18,4.13,173.58,0.03,0.12,46.98,28.26,75,6.15,1015
2026-07-08T12:13:52,Abuja,9.0765,7.3986,21,Good,5.09,7.59,271.33,0.9,0.32,41.59,29.26,67,2.25,1014
2026-07-08T12:13:53,Port Harcourt,4.8156,7.0498,24,Good,5.04,7.76,184.87,0.12,0.17,50.23,29.39,72,2.48,1015
2026-07-08T12:13:53,Kano,12.0022,8.592,41,Good,9.9,17.07,325.83,1.42,0.64,42.8,36.68,31,0.88,1012
2026-07-08T12:13:53,Ibadan,7.3775,3.947,20,Good,4.62,10.13,240.99,1.08,0.66,42.66,29.19,69,2.1,1015
2026-07-08T12:13:54,Kaduna,10.5222,7.4383,28,Good,6.68,7.98,311.42,0.96,0.11,42.92,31.58,53,2.54,1014
2026-07-08T12:13:54,Ogun (Ode-Remo),6.85,3.6167,22,Good,2.16,4.33,163.57,0.04,0.1,45.81,30.18,68,3.26,1015
2026-07-08T15:09:25,Lagos,6.5244,3.3792,25,Good,3.21,5.83,156.22,0.04,0.16,52.88,27.87,76,6.89,1013
2026-07-08T15:09:25,Abuja,9.0765,7.3986,21,Good,4.38,6.85,262.05,1.02,0.3,44.14,29.02,70,2.19,1012
2026-07-08T15:09:26,Port Harcourt,4.8156,7.0498,28,Good,6.82,11.56,181.8,0.07,0.22,54.82,27.73,79,4.91,1013
2026-07-08T15:09:26,Kano,12.0022,8.592,56,Moderate,14.45,21.28,349.79,1.52,0.63,49.02,37.93,24,2.06,1009
2026-07-08T15:09:26,Ibadan,7.3775,3.947,22,Good,4.43,8.47,228.97,1.09,0.56,45.89,27.65,81,2.21,1013
2026-07-08T15:09:27,Kaduna,10.5222,7.4383,30,Good,7.26,8.88,343.29,0.95,0.11,47.78,30.12,59,2.53,1011
2026-07-08T15:09:27,Ogun (Ode-Remo),6.85,3.6167,23,Good,2.81,5.41,159.28,0.05,0.13,49.74,28.14,79,3.53,1013
2026-07-08T17:19:10,Lagos,6.5244,3.3792,26,Good,3.41,7.01,159.59,0.05,0.18,54.42,27.28,79,6.69,1013
2026-07-08T17:19:10,Abuja,9.0765,7.3986,21,Good,5.15,7.97,294.31,1.62,0.37,39.91,26.49,85,1.64,1012
2026-07-08T17:19:11,Port Harcourt,4.8156,7.0498,27,Good,6.47,12.22,174.72,0.08,0.22,54.48,25.96,87,4.65,1013
2026-07-08T17:19:11,Kano,12.0022,8.592,68,Moderate,20.15,31.09,499.28,5.32,1,31.76,37.13,24,3.63,1008
2026-07-08T17:19:11,Ibadan,7.3775,3.947,22,Good,4.17,9.32,216.28,1.26,0.52,46.08,25.14,92,2.57,1013
2026-07-08T17:19:12,Kaduna,10.5222,7.4383,38,Good,9.01,12.05,395.66,2.66,0.25,34.97,28.56,68,2.59,1011
2026-07-08T17:19:12,Ogun (Ode-Remo),6.85,3.6167,24,Good,3.24,7.11,157.68,0.05,0.16,51.72,26.69,84,3.17,1013
2026-07-08T19:06:52,Lagos,6.5244,3.3792,26,Good,3.58,7.8,169.42,0.07,0.19,55.31,26.68,82,5.89,1014
2026-07-08T19:06:53,Abuja,9.0765,7.3986,29,Good,7.07,10.28,329.59,2.17,0.42,34.57,24.57,89,1.33,1014
2026-07-08T19:06:53,Port Harcourt,4.8156,7.0498,25,Good,5.88,12.92,169.5,0.09,0.23,52.59,24.95,91,3.71,1015
2026-07-08T19:06:54,Kano,12.0022,8.592,86,Moderate,28.88,45.33,688.42,8.05,1.44,22.47,34.91,30,1.51,1010
2026-07-08T19:06:54,Ibadan,7.3775,3.947,22,Good,5.16,12.23,240.21,1.45,0.66,46.73,23.69,97,1.87,1014
2026-07-08T19:06:55,Kaduna,10.5222,7.4383,50,Good,11.88,17.21,454.44,3.66,0.4,28.39,25.92,77,2.51,1013
2026-07-08T19:06:55,Ogun (Ode-Remo),6.85,3.6167,25,Good,3.15,7.42,161.49,0.06,0.16,52.83,25.03,91,2.11,1014
2026-07-08T20:56:38,Lagos,6.5244,3.3792,27,Good,3.98,9.74,182.13,0.07,0.21,56.12,26.56,83,5.3,1015
2026-07-08T20:56:38,Abuja,9.0765,7.3986,38,Good,9.2,12.62,357.41,2.47,0.43,28.7,24.13,92,1.52,1015
2026-07-08T20:56:39,Port Harcourt,4.8156,7.0498,24,Good,5.27,12.81,168.2,0.09,0.23,50.41,24.85,91,2.99,1016
2026-07-08T20:56:39,Kano,12.0022,8.592,97,Moderate,33.93,50.64,763.4,7.91,1.35,20.27,33.39,34,4.21,1011
2026-07-08T20:56:40,Ibadan,7.3775,3.947,24,Good,5.78,13.89,261.14,1.42,0.74,46.94,23.31,98,1.4,1016
2026-07-08T20:56:40,Kaduna,10.5222,7.4383,54,Moderate,13.74,19.45,474.99,3.37,0.36,26.46,24.71,83,2.26,1015
2026-07-08T20:56:40,Ogun (Ode-Remo),6.85,3.6167,25,Good,3.21,7.53,172.17,0.06,0.16,53.6,24.56,93,1.74,1015
2026-07-08T22:00:51,Lagos,6.5244,3.3792,27,Good,4.09,10.48,188.53,0.07,0.22,56.25,26.51,83,4.81,1016
2026-07-08T22:00:52,Abuja,9.0765,7.3986,40,Good,9.61,12.8,356.99,2.48,0.4,26.51,23.84,93,1.2,1015
2026-07-08T22:00:52,Port Harcourt,4.8156,7.0498,23,Good,4.99,11.93,168.44,0.09,0.23,49.38,24.83,92,2.66,1016
2026-07-08T22:00:53,Kano,12.0022,8.592,94,Moderate,32.47,45.78,738.21,7.29,1.13,19.56,29.99,52,5.51,1013
2026-07-08T22:00:54,Ibadan,7.3775,3.947,24,Good,5.87,14.11,263.6,1.39,0.72,47.13,23.12,98,1.57,1016
2026-07-08T22:00:55,Kaduna,10.5222,7.4383,53,Moderate,12.83,17.16,448.86,2.75,0.28,27.56,24.49,84,2.91,1015
2026-07-08T22:00:55,Ogun (Ode-Remo),6.85,3.6167,26,Good,3.38,7.65,177.14,0.06,0.16,54.1,24.34,94,1.19,1016
2026-07-08T23:59:43,Lagos,6.5244,3.3792,27,Good,4.13,11.22,197.35,0.06,0.23,56.1,26.01,86,4.84,1015
2026-07-08T23:59:43,Abuja,9.0765,7.3986,39,Good,9.29,11.72,345.41,2.43,0.33,23.71,23.12,95,1.4,1014
2026-07-08T23:59:44,Port Harcourt,4.8156,7.0498,23,Good,4.67,10.95,169.62,0.09,0.21,48.55,24.45,92,2.76,1015
2026-07-08T23:59:44,Kano,12.0022,8.592,81,Moderate,26.54,32.97,651.59,5.64,0.67,18.84,29.04,52,4.41,1012
2026-07-08T23:59:45,Ibadan,7.3775,3.947,23,Good,5.1,12.41,243.37,0.96,0.54,48.08,22.67,99,2.16,1015
2026-07-08T23:59:46,Kaduna,10.5222,7.4383,51,Moderate,12.16,14.88,445.76,2.62,0.17,25.3,23.96,88,2.52,1014
2026-07-08T23:59:46,Ogun (Ode-Remo),6.85,3.6167,26,Good,3.76,8.86,188.27,0.06,0.18,54.66,23.98,96,1.49,1015
2026-07-09T03:26:14,Lagos,6.5244,3.3792,26,Good,4.65,11.7,192.11,0.06,0.25,55.92,25.95,86,5.11,1013
2026-07-09T03:26:14,Abuja,9.0765,7.3986,40,Good,9.51,11.22,365.33,2.45,0.26,16.38,22.4,96,1.48,1013
2026-07-09T03:26:14,Port Harcourt,4.8156,7.0498,23,Good,4.58,8.2,172.65,0.08,0.18,49.72,24.36,94,2.97,1013
2026-07-09T03:26:14,Kano,12.0022,8.592,68,Moderate,20.08,24.12,519.94,3.56,0.55,19.75,27.78,63,4.96,1010
2026-07-09T03:26:14,Ibadan,7.3775,3.947,23,Good,5.15,12.51,251.24,0.79,0.53,48.17,22.55,99,1.81,1013
2026-07-09T03:26:15,Kaduna,10.5222,7.4383,40,Good,9.66,10.83,412.56,1.97,0.11,25.53,22.7,91,1.74,1013
2026-07-09T03:26:16,Ogun (Ode-Remo),6.85,3.6167,26,Good,3.95,9.2,199.8,0.06,0.2,54.6,23.79,97,1.59,1013
2026-07-09T07:33:58,Lagos,6.5244,3.3792,27,Good,4.13,6.7,197.46,0.07,0.17,58.03,26.36,84,4.72,1015
2026-07-09T07:33:58,Abuja,9.0765,7.3986,16,Good,12.04,17.37,457.69,2.96,0.44,11.46,23.85,90,1.06,1015
2026-07-09T07:33:59,Port Harcourt,4.8156,7.0498,25,Good,4.75,7.5,189.37,0.09,0.17,52.38,23.59,97,4.01,1015
2026-07-09T07:34:00,Kano,12.0022,8.592,60,Moderate,16.23,24.87,512.05,3.24,1.25,28.46,29.06,55,4.46,1012
2026-07-09T07:34:01,Ibadan,7.3775,3.947,48,Good,11.48,20.8,429.24,3.82,1.16,43.68,24.9,91,2.57,1015
2026-07-09T07:34:02,Kaduna,10.5222,7.4383,47,Good,11.26,13.45,451.85,2.75,0.21,16.18,23.52,84,2.43,1014
2026-07-09T07:34:03,Ogun (Ode-Remo),6.85,3.6167,26,Good,3.72,6.41,199.37,0.09,0.15,54.81,26.39,86,2.55,1015
2026-07-09T10:45:43,Lagos,6.5244,3.3792,29,Good,4.09,6.51,213.44,0.06,0.16,60.96,27.39,79,6.52,1014
2026-07-09T10:45:43,Abuja,9.0765,7.3986,34,Good,8.18,10.75,405.96,1.58,0.35,32.45,28.07,72,2.05,1014
2026-07-09T10:45:43,Port Harcourt,4.8156,7.0498,25,Good,5.8,9.94,190.52,0.07,0.2,53.91,24.29,94,3.46,1015
2026-07-09T10:45:44,Kano,12.0022,8.592,41,Good,9.78,15.45,408.45,1.26,0.8,45.45,30.89,48,3.66,1012
2026-07-09T10:45:44,Ibadan,7.3775,3.947,24,Good,5.86,11.04,316.6,1.48,0.73,49.96,25.65,89,2.4,1014
2026-07-09T10:45:44,Kaduna,10.5222,7.4383,40,Good,9.65,10.69,455.96,1.26,0.11,38.71,25.18,77,2.35,1014
2026-07-09T10:45:45,Ogun (Ode-Remo),6.85,3.6167,27,Good,3.43,5.89,211.49,0.09,0.14,56.44,27.16,84,3.18,1014
2026-07-09T13:42:54,Lagos,6.5244,3.3792,31,Good,4.7,8.11,215.34,0.07,0.19,64.81,27.04,81,6.42,1013
2026-07-09T13:42:55,Abuja,9.0765,7.3986,19,Good,2.94,4.05,238.4,0.69,0.19,39.54,25.82,84,2.87,1012
2026-07-09T13:42:55,Port Harcourt,4.8156,7.0498,31,Good,7.36,13.13,189.71,0.06,0.23,56.04,26.08,83,3.96,1013
2026-07-09T13:42:55,Kano,12.0022,8.592,41,Good,9.93,13.48,391.84,1.14,0.67,45.16,33.85,37,3.18,1009
2026-07-09T13:42:56,Ibadan,7.3775,3.947,27,Good,4.8,8.93,264.02,0.7,0.49,58.15,24.9,91,1.94,1013
2026-07-09T13:42:57,Kaduna,10.5222,7.4383,30,Good,7.29,8.69,367.7,2.35,0.18,30.83,28.2,66,3.33,1011
2026-07-09T13:42:57,Ogun (Ode-Remo),6.85,3.6167,30,Good,4.27,7.34,215.81,0.09,0.16,62.77,26.06,89,3.07,1013
2026-07-09T16:22:17,Lagos,6.5244,3.3792,31,Good,4.65,9.26,213.7,0.08,0.2,65.21,25.7,86,6.09,1012
2026-07-09T16:22:17,Abuja,9.0765,7.3986,17,Good,3.26,4.52,249.15,1.03,0.23,35.89,23.59,93,1.97,1012
2026-07-09T16:22:17,Port Harcourt,4.8156,7.0498,31,Good,7.45,13.6,195.64,0.07,0.23,55.04,25.39,86,3.6,1013
2026-07-09T16:22:18,Kano,12.0022,8.592,41,Good,9.88,13.57,412.2,1.84,0.67,42.18,34.48,34,3.04,1008
2026-07-09T16:22:18,Ibadan,7.3775,3.947,29,Good,5.24,9.78,262.64,0.85,0.47,60.85,24.64,93,2.56,1012
2026-07-09T16:22:18,Kaduna,10.5222,7.4383,32,Good,7.62,9.38,403.77,4.01,0.27,27.36,25.76,80,3.58,1011
2026-07-09T16:22:19,Ogun (Ode-Remo),6.85,3.6167,31,Good,4.73,8.78,215.21,0.09,0.17,64.99,24.82,93,2.87,1012
2026-07-09T18:45:40,Lagos,6.5244,3.3792,29,Good,4.78,10.21,172.52,0.09,0.22,60.87,24.78,91,3.61,1013
2026-07-09T18:45:41,Abuja,9.0765,7.3986,27,Good,6.36,8.86,314.73,2.42,0.36,25.09,22.85,95,1.81,1013
2026-07-09T18:45:42,Port Harcourt,4.8156,7.0498,29,Good,6.85,12.08,206.1,0.09,0.21,55.02,23.93,94,2.15,1013
2026-07-09T18:45:42,Kano,12.0022,8.592,58,Moderate,15.32,24.29,536.48,4.43,1.2,30.28,28.91,58,8.37,1010
2026-07-09T18:45:43,Ibadan,7.3775,3.947,29,Good,6.78,13.54,281.01,1.31,0.61,61.4,22.92,97,3.09,1013
2026-07-09T18:45:44,Kaduna,10.5222,7.4383,37,Good,8.91,11.42,401.66,3.51,0.26,22.2,23,90,3.56,1012
2026-07-09T18:45:44,Ogun (Ode-Remo),6.85,3.6167,30,Good,4.81,10.16,199.07,0.1,0.2,63.82,24.16,94,3.07,1013
2026-07-09T20:41:56,Lagos,6.5244,3.3792,28,Good,5.42,12.03,153.51,0.08,0.25,59.06,25.59,86,6.7,1014
2026-07-09T20:41:56,Abuja,9.0765,7.3986,35,Good,8.51,11.43,358.65,2.74,0.38,21.67,22.43,98,1.16,1015
2026-07-09T20:41:56,Port Harcourt,4.8156,7.0498,28,Good,6.63,12.66,212.06,0.09,0.22,57.79,23.8,94,3.12,1014
2026-07-09T20:41:57,Kano,12.0022,8.592,65,Moderate,18.53,29.58,589.33,4.84,1.27,25.1,25.86,66,6.06,1012
2026-07-09T20:41:57,Ibadan,7.3775,3.947,33,Good,7.87,15.43,278.99,1.43,0.71,58.12,22.73,98,2.04,1015
2026-07-09T20:41:57,Kaduna,10.5222,7.4383,36,Good,8.64,10.78,387.54,3.65,0.22,21.98,22.3,92,2.07,1015
2026-07-09T20:41:58,Ogun (Ode-Remo),6.85,3.6167,29,Good,5.05,10.37,168.14,0.08,0.22,60.35,23.94,95,2.64,1014
2026-07-09T22:13:14,Lagos,6.5244,3.3792,28,Good,5.65,12.2,155.54,0.07,0.26,59.17,25.69,86,6.11,1015
2026-07-09T22:13:15,Abuja,9.0765,7.3986,38,Good,9.1,12.02,370.56,2.73,0.36,20.38,22.31,98,1.13,1015
2026-07-09T22:13:15,Port Harcourt,4.8156,7.0498,28,Good,6.62,12.92,214.4,0.09,0.22,59.69,23.74,94,3.25,1015
2026-07-09T22:13:16,Kano,12.0022,8.592,65,Moderate,18.82,27.97,588.69,4.75,1.15,23.2,26.19,65,5.37,1014
2026-07-09T22:13:17,Ibadan,7.3775,3.947,33,Good,7.99,15.28,268.24,1.45,0.71,56.17,22.7,98,1.75,1015
2026-07-09T22:13:17,Kaduna,10.5222,7.4383,33,Good,7.85,9.4,365.75,3.47,0.18,22.48,22.44,92,2.79,1015
2026-07-09T22:13:18,Ogun (Ode-Remo),6.85,3.6167,28,Good,5.2,10.31,157.8,0.08,0.22,59.09,23.99,95,2.2,1015
2026-07-09T23:58:06,Lagos,6.5244,3.3792,29,Good,5.64,11.33,172.67,0.07,0.24,60.45,25.43,89,5.54,1014
2026-07-09T23:58:06,Abuja,9.0765,7.3986,35,Good,8.49,10.35,359.03,2.38,0.28,20.64,22.18,98,1.42,1015
2026-07-09T23:58:07,Port Harcourt,4.8156,7.0498,30,Good,6.61,13.15,219.2,0.09,0.22,63.51,23.62,95,1.79,1014
2026-07-09T23:58:07,Kano,12.0022,8.592,60,Moderate,16.4,19.65,528.35,3.58,0.58,23.91,25.65,67,5.36,1013
2026-07-09T23:58:07,Ibadan,7.3775,3.947,29,Good,6.88,12.31,227.68,1.06,0.55,54.2,22.68,98,1.01,1014
2026-07-09T23:58:08,Kaduna,10.5222,7.4383,28,Good,6.73,7.65,331.35,2.59,0.12,21.31,22.2,92,1.77,1015
2026-07-09T23:58:08,Ogun (Ode-Remo),6.85,3.6167,28,Good,5.42,9.96,157.87,0.07,0.22,58.96,23.85,96,1.85,1014
2026-07-10T02:43:39,Lagos,6.5244,3.3792,29,Good,5.29,9.64,190.62,0.06,0.23,61.91,24.88,91,4.64,1012
2026-07-10T02:43:39,Abuja,9.0765,7.3986,28,Good,6.76,8.13,326.2,1.92,0.22,22.54,22.13,97,1.39,1014
2026-07-10T02:43:40,Port Harcourt,4.8156,7.0498,31,Good,5.9,10.01,227.11,0.09,0.18,65.77,23.44,96,1.09,1013
2026-07-10T02:43:40,Kano,12.0022,8.592,39,Good,9.41,11.39,390.18,1.73,0.27,30.3,25.35,71,5.21,1011
2026-07-10T02:43:41,Ibadan,7.3775,3.947,25,Good,5.67,9.47,223.18,0.83,0.49,53.81,22.42,98,1.59,1013
2026-07-10T02:43:42,Kaduna,10.5222,7.4383,25,Good,5.99,6.65,312.06,1.7,0.09,19.24,21.84,94,2.73,1014
2026-07-10T02:43:42,Ogun (Ode-Remo),6.85,3.6167,29,Good,4.46,7.05,179.78,0.07,0.17,60.47,23.54,97,1.81,1013
2026-07-10T06:33:01,Lagos,6.5244,3.3792,30,Good,4.1,7.58,195.54,0.07,0.22,62.87,24.47,94,4.04,1014
2026-07-10T06:33:01,Abuja,9.0765,7.3986,34,Good,8.21,11.9,373.47,2.53,0.39,20.02,22.31,93,1.29,1015
2026-07-10T06:33:01,Port Harcourt,4.8156,7.0498,30,Good,5.05,7.82,238.41,0.1,0.16,63.17,23.88,95,1.28,1014
2026-07-10T06:33:02,Kano,12.0022,8.592,36,Good,8.7,14.03,406.4,2.93,0.79,20.17,26.58,65,4.37,1013
2026-07-10T06:33:02,Ibadan,7.3775,3.947,36,Good,8.69,14.99,326.22,2.61,0.87,52.51,23.27,96,1.73,1014
2026-07-10T06:33:02,Kaduna,10.5222,7.4383,29,Good,6.92,8.68,352.21,2.3,0.18,17.05,22.5,92,3.41,1014
2026-07-10T06:33:03,Ogun (Ode-Remo),6.85,3.6167,29,Good,4.15,6.8,191.62,0.08,0.18,61.95,23.72,97,1.84,1014
2026-07-10T10:14:32,Lagos,6.5244,3.3792,29,Good,3.74,6.85,193.97,0.06,0.21,60.49,24.52,94,5.22,1015
2026-07-10T10:14:32,Abuja,9.0765,7.3986,31,Good,7.37,9.94,368.81,1.69,0.34,30.16,26.11,77,1.73,1015
2026-07-10T10:14:32,Port Harcourt,4.8156,7.0498,29,Good,5.32,7.81,244.16,0.1,0.17,61.26,24.99,90,1.9,1015
2026-07-10T10:14:33,Kano,12.0022,8.592,29,Good,6.94,11.03,327.45,0.96,0.63,41.32,31.72,46,4.11,1013
2026-07-10T10:14:33,Ibadan,7.3775,3.947,51,Moderate,12.31,20.73,420.93,3.24,1.12,53.26,24.09,93,1.96,1015
2026-07-10T10:14:33,Kaduna,10.5222,7.4383,25,Good,5.91,7,347.29,1.12,0.11,32.73,26.74,70,3.52,1015
2026-07-10T10:14:34,Ogun (Ode-Remo),6.85,3.6167,29,Good,3.26,6.1,195.51,0.08,0.17,61.13,23.96,96,1.89,1015
2026-07-10T13:03:41,Lagos,6.5244,3.3792,27,Good,3.65,6.46,184.6,0.05,0.19,57.72,24.36,94,6.78,1013
2026-07-10T13:03:41,Abuja,9.0765,7.3986,29,Good,7.02,8.94,340.62,0.82,0.29,38.98,28.57,64,1.84,1012
2026-07-10T13:03:42,Port Harcourt,4.8156,7.0498,29,Good,5.79,9.74,243.33,0.07,0.21,61.41,24.83,92,3.75,1013
2026-07-10T13:03:43,Kano,12.0022,8.592,27,Good,6.38,9.07,272.65,0.59,0.49,46.21,35.42,33,2.27,1010
2026-07-10T13:03:44,Ibadan,7.3775,3.947,28,Good,6.61,12.1,313.62,1.67,0.72,54.24,25.78,88,2.9,1013
2026-07-10T13:03:45,Kaduna,10.5222,7.4383,31,Good,7.43,8.31,355.88,0.62,0.1,44.84,27.69,64,2.2,1012
2026-07-10T13:03:45,Ogun (Ode-Remo),6.85,3.6167,27,Good,3.04,5.68,189.56,0.08,0.16,57.88,24.85,92,3.27,1013
2026-07-10T16:14:23,Lagos,6.5244,3.3792,29,Good,2.29,4.68,201.89,0.07,0.14,61.9,24.51,93,5.55,1012
2026-07-10T16:14:23,Abuja,9.0765,7.3986,19,Good,4.45,6.28,291.45,1.08,0.28,38.15,27.79,70,0.82,1011
2026-07-10T16:14:24,Port Harcourt,4.8156,7.0498,32,Good,7.37,13.75,253.25,0.07,0.24,68.19,26.18,84,4.67,1012
2026-07-10T16:14:25,Kano,12.0022,8.592,30,Good,7.31,10.91,316.57,1.4,0.58,44.2,36.48,29,0.65,1007
2026-07-10T16:14:25,Ibadan,7.3775,3.947,26,Good,3.51,6.92,244.41,1.25,0.46,54.08,23.63,95,3.48,1012
2026-07-10T16:14:26,Kaduna,10.5222,7.4383,37,Good,8.81,9.97,345.82,1.14,0.13,37.1,26.99,71,1.75,1011
2026-07-10T16:14:26,Ogun (Ode-Remo),6.85,3.6167,28,Good,2.2,4.45,189.53,0.1,0.11,59.37,23.93,95,2.85,1013
2026-07-10T18:16:35,Lagos,6.5244,3.3792,30,Good,2.54,4.93,219.15,0.09,0.15,63.12,24.7,91,5.82,1012
2026-07-10T18:16:36,Abuja,9.0765,7.3986,26,Good,6.23,9.93,346.05,2.35,0.4,29.38,25.32,78,1.51,1012
2026-07-10T18:16:37,Port Harcourt,4.8156,7.0498,34,Good,7.88,15.1,262.88,0.1,0.25,72.21,24.46,91,3.38,1013
2026-07-10T18:16:38,Kano,12.0022,8.592,45,Good,10.82,17.66,396.38,3.57,0.97,38.79,34.35,32,1.77,1008
2026-07-10T18:16:38,Ibadan,7.3775,3.947,26,Good,4.2,8.78,265.55,1.71,0.56,54.86,22.52,97,2.27,1012
2026-07-10T18:16:39,Kaduna,10.5222,7.4383,42,Good,10.1,12.06,380.1,2.28,0.19,31.42,24.81,79,2.45,1011
2026-07-10T18:16:39,Ogun (Ode-Remo),6.85,3.6167,29,Good,2.16,4.5,197.98,0.11,0.11,62.26,23.33,97,2.66,1012
2026-07-10T20:13:36,Lagos,6.5244,3.3792,29,Good,3.11,6.19,222.44,0.08,0.17,61.86,25.11,87,4.49,1014
2026-07-10T20:13:37,Abuja,9.0765,7.3986,33,Good,8.02,13.45,387.5,2.96,0.47,23.83,24.3,83,1.27,1013
2026-07-10T20:13:37,Port Harcourt,4.8156,7.0498,35,Good,7.27,14.1,284.6,0.11,0.23,73.77,23.99,93,2.56,1014
2026-07-10T20:13:38,Kano,12.0022,8.592,51,Moderate,12.1,20.89,431.38,4.21,1.14,32.69,31.71,43,3.83,1010
2026-07-10T20:13:39,Ibadan,7.3775,3.947,30,Good,7.12,15.09,333.84,2.23,0.81,54.51,21.87,98,1.26,1014
2026-07-10T20:13:40,Kaduna,10.5222,7.4383,43,Good,10.42,13.39,402.93,2.77,0.24,27.01,23.45,84,2.69,1013
2026-07-10T20:13:41,Ogun (Ode-Remo),6.85,3.6167,30,Good,2.3,4.51,212.59,0.1,0.12,62.98,23.05,98,0.95,1014
2026-07-10T21:51:24,Lagos,6.5244,3.3792,28,Good,3.43,7.19,204.94,0.07,0.2,59.94,25.29,86,5,1014
2026-07-10T21:51:24,Abuja,9.0765,7.3986,41,Good,9.85,16.41,425.41,3.13,0.45,19.04,22.96,92,1.99,1015
2026-07-10T21:51:25,Port Harcourt,4.8156,7.0498,35,Good,6.5,12.76,306.21,0.11,0.22,74.75,23.53,95,1.63,1015
2026-07-10T21:51:26,Kano,12.0022,8.592,52,Moderate,12.44,20.53,421.62,3.85,1.19,31.24,28.29,59,6.69,1013
2026-07-10T21:51:26,Ibadan,7.3775,3.947,38,Good,9.22,19.09,376.51,2.43,0.88,52.46,21.49,99,0.93,1015
2026-07-10T21:51:27,Kaduna,10.5222,7.4383,43,Good,10.34,13.42,407.8,2.69,0.24,23.69,22.94,87,2.49,1015
2026-07-10T21:51:28,Ogun (Ode-Remo),6.85,3.6167,29,Good,2.63,4.91,214.91,0.09,0.13,61.23,22.92,98,0.83,1015
2026-07-10T22:50:47,Lagos,6.5244,3.3792,28,Good,3.39,7.47,193.81,0.07,0.2,59.34,25.13,87,4.95,1014
2026-07-10T22:50:47,Abuja,9.0765,7.3986,41,Good,9.88,15.66,421.64,2.93,0.39,18.33,22.3,94,1.43,1015
2026-07-10T22:50:48,Port Harcourt,4.8156,7.0498,36,Good,6.42,12.48,314.98,0.11,0.23,75.82,23.47,95,1.74,1015
2026-07-10T22:50:49,Kano,12.0022,8.592,51,Moderate,12.25,19.1,409.15,3.6,1.07,30.39,27.61,63,6.71,1012
2026-07-10T22:50:49,Ibadan,7.3775,3.947,33,Good,7.95,16.27,348.76,2.02,0.7,52,21.39,99,1.09,1015
2026-07-10T22:50:50,Kaduna,10.5222,7.4383,41,Good,9.88,12.54,400.3,2.53,0.2,22.33,22.72,89,3.18,1015
2026-07-10T22:50:50,Ogun (Ode-Remo),6.85,3.6167,28,Good,2.69,4.97,209.78,0.09,0.13,60.16,22.85,98,0.91,1015
2026-07-10T23:47:59,Lagos,6.5244,3.3792,28,Good,3.31,7.55,183.73,0.06,0.2,59.04,24.99,87,4.66,1014
2026-07-10T23:47:59,Abuja,9.0765,7.3986,39,Good,9.42,14.23,408.4,2.59,0.34,19.02,21.97,96,1.47,1015
2026-07-10T23:47:59,Port Harcourt,4.8156,7.0498,36,Good,6.34,12.38,320.91,0.11,0.23,76.92,23.32,96,1.78,1014
2026-07-10T23:48:00,Kano,12.0022,8.592,50,Good,12,17.91,396.65,3.24,0.93,29.35,26.97,65,5.67,1012
2026-07-10T23:48:00,Ibadan,7.3775,3.947,27,Good,6.52,13.14,313.1,1.5,0.55,51.87,21.43,100,1.01,1015
2026-07-10T23:48:01,Kaduna,10.5222,7.4383,39,Good,9.33,11.56,389.58,2.25,0.16,21.42,22.39,89,2.74,1014
2026-07-10T23:48:01,Ogun (Ode-Remo),6.85,3.6167,28,Good,2.74,5.08,202.17,0.08,0.13,59.25,22.89,98,1.03,1014
2026-07-11T01:43:13,Lagos,6.5244,3.3792,28,Good,3.06,6.92,170.73,0.05,0.19,59.23,24.92,88,3.88,1013
2026-07-11T01:43:14,Abuja,9.0765,7.3986,36,Good,8.63,12.3,387.1,2.05,0.28,19.12,21.27,98,1.26,1014
2026-07-11T01:43:14,Port Harcourt,4.8156,7.0498,37,Good,6.02,13.18,324.03,0.11,0.23,78.66,23.24,96,1.76,1013
2026-07-11T01:43:15,Kano,12.0022,8.592,46,Good,10.95,14.68,380.93,2.68,0.64,27.52,26.06,69,3.77,1012
2026-07-11T01:43:16,Ibadan,7.3775,3.947,24,Good,5.19,10.73,266.76,0.96,0.45,51.25,21.94,99,0.95,1014
2026-07-11T01:43:17,Kaduna,10.5222,7.4383,35,Good,8.4,10.07,369.59,1.75,0.12,20.11,21.69,95,2.49,1014
2026-07-11T01:43:17,Ogun (Ode-Remo),6.85,3.6167,28,Good,2.83,5.61,184.99,0.07,0.15,58.25,23.05,98,0.94,1013
2026-07-11T04:53:59,Lagos,6.5244,3.3792,29,Good,3.04,6.52,168.49,0.05,0.19,61.53,24.6,89,3.08,1014
2026-07-11T04:54:00,Abuja,9.0765,7.3986,36,Good,8.55,12.11,377.84,1.69,0.24,15.17,21.2,98,1.2,1015
2026-07-11T04:54:01,Port Harcourt,4.8156,7.0498,39,Good,5.39,11.55,312.87,0.1,0.2,81.83,23.33,95,1.57,1014
2026-07-11T04:54:01,Kano,12.0022,8.592,38,Good,9.12,11.64,378.28,2.36,0.41,25.51,24.94,74,3.85,1013
2026-07-11T04:54:02,Ibadan,7.3775,3.947,24,Good,5.32,10.99,257.07,1.07,0.51,50.02,21.78,99,1.07,1015
2026-07-11T04:54:03,Kaduna,10.5222,7.4383,31,Good,7.49,9.17,346.28,1.44,0.11,18.98,21.04,98,2.44,1015
2026-07-11T04:54:03,Ogun (Ode-Remo),6.85,3.6167,28,Good,2.8,5.16,171.06,0.07,0.15,59.92,22.86,98,1.12,1014
2026-07-11T07:05:36,Lagos,6.5244,3.3792,29,Good,2.97,6.18,174.52,0.05,0.19,62.43,24.62,90,2.09,1015
2026-07-11T07:05:37,Abuja,9.0765,7.3986,44,Good,10.52,16.43,423.98,1.78,0.37,12.37,22.45,91,1.44,1016
2026-07-11T07:05:37,Port Harcourt,4.8156,7.0498,40,Good,5.23,10.21,307.65,0.12,0.2,84.03,24.58,90,1.42,1015
2026-07-11T07:05:38,Kano,12.0022,8.592,48,Good,11.52,17.23,451.31,3.34,0.7,23.09,26.66,66,4.52,1014
2026-07-11T07:05:38,Ibadan,7.3775,3.947,34,Good,8.23,17.01,333.93,2.44,0.89,48.22,22.87,96,1.72,1015
2026-07-11T07:05:38,Kaduna,10.5222,7.4383,34,Good,8.12,10.58,362.99,1.82,0.18,16.69,22.29,91,2.33,1016
2026-07-11T07:05:39,Ogun (Ode-Remo),6.85,3.6167,29,Good,2.65,4.7,173.53,0.08,0.14,61.42,23.95,95,1.49,1015
2026-07-11T09:16:57,Lagos,6.5244,3.3792,30,Good,2.93,5.75,182.24,0.06,0.19,62.62,26.18,82,2.51,1016
2026-07-11T09:16:58,Abuja,9.0765,7.3986,53,Moderate,12.89,20.07,443.41,1.36,0.4,24.85,24.57,81,1.8,1017
2026-07-11T09:16:58,Port Harcourt,4.8156,7.0498,40,Good,5.06,8.99,311.37,0.19,0.22,84.8,27.28,78,1.41,1016
2026-07-11T09:16:58,Kano,12.0022,8.592,60,Moderate,16.32,24.18,482.66,1.67,0.91,44.3,30.24,51,3.89,1014
2026-07-11T09:16:59,Ibadan,7.3775,3.947,35,Good,8.45,17.06,345.17,1.78,0.93,53.73,25.3,85,2.65,1016
2026-07-11T09:16:59,Kaduna,10.5222,7.4383,36,Good,8.7,11.47,374.61,1.52,0.19,19.24,24.08,81,2.1,1017
2026-07-11T09:16:59,Ogun (Ode-Remo),6.85,3.6167,29,Good,2.42,4.58,179.45,0.09,0.14,61.72,25.53,88,1.96,1016
2026-07-11T10:54:34,Lagos,6.5244,3.3792,30,Good,2.87,4.92,191.6,0.06,0.17,62.82,26.41,81,4.46,1015
2026-07-11T10:54:34,Abuja,9.0765,7.3986,21,Good,4.39,6.45,286.31,0.49,0.24,44.77,26.04,74,2.24,1016
2026-07-11T10:54:35,Port Harcourt,4.8156,7.0498,40,Good,4.9,8.43,312.28,0.14,0.22,84.64,28.64,73,2.36,1014
2026-07-11T10:54:35,Kano,12.0022,8.592,44,Good,10.55,14.85,379.56,0.63,0.49,52.62,33.07,41,2.67,1013
2026-07-11T10:54:35,Ibadan,7.3775,3.947,28,Good,5.8,10.77,282.61,1,0.64,58.92,27.75,72,2.72,1015
2026-07-11T10:54:36,Kaduna,10.5222,7.4383,20,Good,4.73,5.74,307.88,0.51,0.08,43.05,26.11,72,2.43,1016
2026-07-11T10:54:36,Ogun (Ode-Remo),6.85,3.6167,29,Good,2.35,4.41,184.78,0.07,0.13,61.42,27.86,77,2.6,1015
2026-07-11T11:44:07,Lagos,6.5244,3.3792,30,Good,2.85,4.57,196.64,0.05,0.15,63.15,27.13,78,5.58,1014
2026-07-11T11:44:07,Abuja,9.0765,7.3986,21,Good,4.02,5.78,277.24,0.47,0.22,44.81,26.74,71,2.26,1014
2026-07-11T11:44:08,Port Harcourt,4.8156,7.0498,40,Good,4.81,8.16,308.58,0.11,0.21,83.91,28.43,74,3.03,1014
2026-07-11T11:44:08,Kano,12.0022,8.592,46,Good,10.99,14.94,374.52,0.63,0.45,53.22,34.41,37,1.93,1012
2026-07-11T11:44:08,Ibadan,7.3775,3.947,27,Good,5.62,10.13,281.2,1.14,0.61,58.11,27.61,75,2.65,1014
2026-07-11T11:44:09,Kaduna,10.5222,7.4383,22,Good,5.25,6.17,303.25,0.39,0.07,45.52,27.09,68,2.28,1015
2026-07-11T11:44:09,Ogun (Ode-Remo),6.85,3.6167,29,Good,2.39,4.27,188.6,0.06,0.12,61.25,28.16,76,2.7,1014
2026-07-11T12:54:36,Lagos,6.5244,3.3792,30,Good,2.95,4.62,201.15,0.04,0.14,62.81,27.29,78,5.85,1013
2026-07-11T12:54:36,Abuja,9.0765,7.3986,21,Good,3.69,5.3,271.31,0.48,0.21,45.5,28.09,67,1.89,1013
2026-07-11T12:54:37,Port Harcourt,4.8156,7.0498,39,Good,4.7,7.88,303.06,0.09,0.19,83.27,28.29,75,3.5,1013
2026-07-11T12:54:38,Kano,12.0022,8.592,40,Good,9.71,13,336.79,0.56,0.37,51.37,35.79,31,1.4,1010
2026-07-11T12:54:39,Ibadan,7.3775,3.947,27,Good,5.31,9.47,279.13,1.21,0.59,57.23,27.94,74,2.45,1013
2026-07-11T12:54:39,Kaduna,10.5222,7.4383,24,Good,5.74,6.58,296.78,0.35,0.07,47.67,28.58,63,1.74,1013
2026-07-11T12:54:40,Ogun (Ode-Remo),6.85,3.6167,29,Good,2.52,4.43,193.04,0.06,0.12,61.2,27.27,82,2.49,1013
2026-07-11T14:18:15,Lagos,6.5244,3.3792,30,Good,3.17,5.06,205.47,0.04,0.14,62.72,27.18,78,6.34,1013
2026-07-11T14:18:15,Abuja,9.0765,7.3986,21,Good,3.5,4.99,263.34,0.49,0.2,45.24,27.79,68,2.15,1012
2026-07-11T14:18:15,Port Harcourt,4.8156,7.0498,39,Good,4.68,7.77,297.38,0.09,0.18,82.06,27.85,78,3.81,1012
2026-07-11T14:18:15,Kano,12.0022,8.592,37,Good,8.77,11.61,296.03,0.48,0.3,49.11,36.61,29,0.92,1009
2026-07-11T14:18:16,Ibadan,7.3775,3.947,27,Good,4.84,8.67,268.77,1,0.54,57.27,27.71,77,2.2,1012
2026-07-11T14:18:16,Kaduna,10.5222,7.4383,26,Good,6.17,6.95,287.55,0.34,0.07,48.35,29.43,60,1,1012
2026-07-11T14:18:16,Ogun (Ode-Remo),6.85,3.6167,29,Good,2.73,4.81,197.03,0.07,0.13,61.27,27.37,82,2.59,1013
2026-07-11T15:44:14,Lagos,6.5244,3.3792,30,Good,3.68,6.54,214.5,0.05,0.16,62.87,26.35,82,5.97,1012
2026-07-11T15:44:14,Abuja,9.0765,7.3986,19,Good,3.95,5.54,268.88,0.8,0.22,40.14,27.42,72,1.37,1012
2026-07-11T15:44:15,Port Harcourt,4.8156,7.0498,38,Good,4.61,7.56,284.28,0.1,0.17,79.83,26.55,83,4.1,1012
2026-07-11T15:44:15,Kano,12.0022,8.592,49,Good,11.65,15.71,315.45,1.06,0.39,46.68,35.91,29,3.36,1008
2026-07-11T15:44:16,Ibadan,7.3775,3.947,28,Good,4.02,7.5,246.8,0.73,0.44,58.31,24.91,92,1.9,1012
2026-07-11T15:44:16,Kaduna,10.5222,7.4383,35,Good,8.31,9.53,303.45,0.85,0.13,42.08,28.94,61,1.65,1011
2026-07-11T15:44:16,Ogun (Ode-Remo),6.85,3.6167,29,Good,3.22,5.82,206.44,0.07,0.14,62.18,25.38,91,2.48,1012
2026-07-11T16:42:50,Lagos,6.5244,3.3792,30,Good,3.94,7.83,217.19,0.06,0.18,62.91,26.24,82,5.81,1013
2026-07-11T16:42:50,Abuja,9.0765,7.3986,21,Good,4.95,7.3,290.83,1.32,0.28,33.45,26.11,82,1.46,1011
2026-07-11T16:42:51,Port Harcourt,4.8156,7.0498,37,Good,4.55,7.43,276.62,0.12,0.17,78.34,25.65,87,4.29,1012
2026-07-11T16:42:51,Kano,12.0022,8.592,59,Moderate,15.92,22.43,381.7,2.32,0.58,42.11,34.86,31,2.06,1009
2026-07-11T16:42:52,Ibadan,7.3775,3.947,27,Good,4.38,8.51,256.38,1,0.47,57.78,24.05,95,2.16,1013
2026-07-11T16:42:53,Kaduna,10.5222,7.4383,42,Good,10.08,12.13,335.25,1.74,0.2,33.06,27.7,69,1.57,1011
2026-07-11T16:42:53,Ogun (Ode-Remo),6.85,3.6167,30,Good,3.44,6.46,211.24,0.09,0.16,62.67,24.77,92,2.52,1013
2026-07-11T17:45:53,Lagos,6.5244,3.3792,30,Good,4.19,9.25,219,0.07,0.21,62.57,26,83,5.39,1013
2026-07-11T17:45:53,Abuja,9.0765,7.3986,25,Good,6.03,9.33,318.44,1.83,0.34,29.28,24.66,85,1.27,1013
2026-07-11T17:45:53,Port Harcourt,4.8156,7.0498,36,Good,4.47,7.28,269.96,0.13,0.17,76.75,24.63,90,4.14,1013
2026-07-11T17:45:54,Kano,12.0022,8.592,67,Moderate,19.61,29.01,454.41,3.97,0.78,35.92,33.85,33,0.92,1009
2026-07-11T17:45:54,Ibadan,7.3775,3.947,27,Good,5.04,10.12,272.3,1.27,0.54,57.33,23.37,96,2.22,1013
2026-07-11T17:45:55,Kaduna,10.5222,7.4383,47,Good,11.39,14.34,364.23,2.56,0.26,27.36,24.63,83,2.77,1012
2026-07-11T17:45:55,Ogun (Ode-Remo),6.85,3.6167,30,Good,3.65,7.25,214.81,0.1,0.17,62.93,24.19,94,2.26,1013
2026-07-11T18:44:27,Lagos,6.5244,3.3792,30,Good,4.35,10.55,220.75,0.08,0.23,62.64,26.04,84,5.41,1013
2026-07-11T18:44:27,Abuja,9.0765,7.3986,29,Good,6.91,10.85,338.17,2.21,0.38,26.37,24.34,82,1.19,1013
2026-07-11T18:44:28,Port Harcourt,4.8156,7.0498,36,Good,4.34,6.94,264.67,0.13,0.17,75.31,24.3,92,3.02,1014
2026-07-11T18:44:29,Kano,12.0022,8.592,77,Moderate,24.29,37.57,544.45,5.45,1.01,29.2,31.82,44,5.44,1011
2026-07-11T18:44:30,Ibadan,7.3775,3.947,27,Good,6.17,13.1,296.33,1.55,0.66,56.8,23.12,97,2.02,1013
2026-07-11T18:44:31,Kaduna,10.5222,7.4383,52,Moderate,12.53,16.25,386.44,2.9,0.3,24.71,23.93,83,2.59,1013
2026-07-11T18:44:31,Ogun (Ode-Remo),6.85,3.6167,30,Good,3.85,8.24,217.97,0.1,0.19,63.16,24.25,94,2.36,1013
2026-07-11T19:59:08,Lagos,6.5244,3.3792,30,Good,4.35,11.44,222.45,0.08,0.24,62.68,26.04,84,5.31,1014
2026-07-11T19:59:08,Abuja,9.0765,7.3986,32,Good,7.77,12.16,360.62,2.42,0.4,24.35,23.88,84,1,1014
2026-07-11T19:59:09,Port Harcourt,4.8156,7.0498,35,Good,4.19,6.59,260.33,0.13,0.17,73.88,24.17,93,2.67,1014
2026-07-11T19:59:10,Kano,12.0022,8.592,89,Moderate,30.16,47.94,645.94,6.65,1.2,23.2,28.32,60,7.45,1012
2026-07-11T19:59:10,Ibadan,7.3775,3.947,31,Good,7.55,16.54,323.36,1.81,0.77,55.77,22.87,98,1.8,1014
2026-07-11T19:59:11,Kaduna,10.5222,7.4383,54,Moderate,13.61,17.65,403.76,2.97,0.29,23.57,23.51,85,2.81,1014
2026-07-11T19:59:12,Ogun (Ode-Remo),6.85,3.6167,30,Good,3.99,9.26,219.33,0.1,0.2,63.04,24,95,1.98,1014
2026-07-11T20:47:15,Lagos,6.5244,3.3792,30,Good,4.21,11.85,223.63,0.08,0.24,62.56,25.98,85,5.37,1014
2026-07-11T20:47:16,Abuja,9.0765,7.3986,37,Good,8.83,13.46,385.58,2.56,0.4,22.55,23.76,85,0.36,1014
2026-07-11T20:47:16,Port Harcourt,4.8156,7.0498,34,Good,4.04,6.26,255.58,0.12,0.16,72.56,24.04,94,2.2,1015
2026-07-11T20:47:17,Kano,12.0022,8.592,102,Unhealthy for Sensitive Groups,35.84,57.8,736.31,7.53,1.39,19.26,26.61,66,7.5,1012
2026-07-11T20:47:18,Ibadan,7.3775,3.947,36,Good,8.75,19.43,344.78,1.95,0.83,54.75,22.66,98,1.7,1015
2026-07-11T20:47:18,Kaduna,10.5222,7.4383,56,Moderate,14.35,18.1,412.33,2.93,0.25,24.34,22.9,87,2.17,1014
2026-07-11T20:47:19,Ogun (Ode-Remo),6.85,3.6167,30,Good,4.07,10.22,219.8,0.1,0.21,62.78,23.8,96,1.73,1014
2026-07-11T21:39:38,Lagos,6.5244,3.3792,29,Good,3.98,11.8,224.23,0.07,0.23,62.05,25.88,84,5.27,1015
2026-07-11T21:39:38,Abuja,9.0765,7.3986,41,Good,9.93,14.63,406.52,2.59,0.38,20.9,23.57,85,0.8,1014
2026-07-11T21:39:38,Port Harcourt,4.8156,7.0498,34,Good,3.91,5.97,250.95,0.11,0.16,71.35,23.98,94,2,1015
2026-07-11T21:39:39,Kano,12.0022,8.592,111,Unhealthy for Sensitive Groups,39.44,63.19,786.08,7.87,1.38,16.41,26.5,68,6.45,1013
2026-07-11T21:39:39,Ibadan,7.3775,3.947,39,Good,9.25,20.9,350.74,1.97,0.82,53.69,22.59,99,1.67,1015
2026-07-11T21:39:39,Kaduna,10.5222,7.4383,55,Moderate,13.8,16.53,390.04,2.41,0.19,26.79,22.86,86,1.55,1014
2026-07-11T21:39:40,Ogun (Ode-Remo),6.85,3.6167,29,Good,4.05,10.91,219,0.09,0.21,62.27,23.75,96,1.54,1015
2026-07-11T22:37:15,Lagos,6.5244,3.3792,29,Good,3.76,11.57,225.15,0.07,0.23,61.38,25.73,84,5.34,1014
2026-07-11T22:37:16,Abuja,9.0765,7.3986,46,Good,10.98,15.54,422.71,2.5,0.34,19.35,23.35,86,1.35,1014
2026-07-11T22:37:16,Port Harcourt,4.8156,7.0498,33,Good,3.81,5.82,247.45,0.11,0.16,70.47,23.92,94,2.04,1015
2026-07-11T22:37:16,Kano,12.0022,8.592,112,Unhealthy for Sensitive Groups,40.17,61.69,789.53,7.4,0.94,14.17,26.28,70,5.6,1013
2026-07-11T22:37:17,Ibadan,7.3775,3.947,36,Good,8.58,20.05,334.38,1.71,0.7,52.98,22.56,99,1.88,1015
2026-07-11T22:37:17,Kaduna,10.5222,7.4383,54,Moderate,13.75,16.09,389.64,2.31,0.15,24.47,22.91,87,1.56,1014
2026-07-11T22:37:17,Ogun (Ode-Remo),6.85,3.6167,29,Good,3.96,11.31,218.49,0.08,0.21,61.6,23.59,97,1.81,1014
2026-07-11T23:43:16,Lagos,6.5244,3.3792,29,Good,3.59,11.31,226.06,0.07,0.22,60.78,25.59,84,5.33,1014
2026-07-11T23:43:16,Abuja,9.0765,7.3986,51,Moderate,12.12,16.36,438.91,2.37,0.31,17.96,23.03,87,0.48,1014
2026-07-11T23:43:17,Port Harcourt,4.8156,7.0498,33,Good,3.7,5.76,244.78,0.1,0.15,69.78,23.87,95,2.27,1014
2026-07-11T23:43:17,Kano,12.0022,8.592,111,Unhealthy for Sensitive Groups,39.55,57.28,775.75,6.68,0.66,12.84,26.37,69,4.31,1012
2026-07-11T23:43:18,Ibadan,7.3775,3.947,32,Good,7.8,18.87,315.78,1.41,0.61,52.36,22.35,99,1.8,1014
2026-07-11T23:43:18,Kaduna,10.5222,7.4383,54,Moderate,13.64,15.68,387.41,2.17,0.13,21.79,22.91,88,0.67,1014
2026-07-11T23:43:19,Ogun (Ode-Remo),6.85,3.6167,29,Good,3.84,11.45,218.34,0.08,0.21,61,23.41,96,1.65,1014
2026-07-12T01:45:13,Lagos,6.5244,3.3792,28,Good,3.41,11.04,227.69,0.06,0.22,59.05,25.38,86,4.84,1012
2026-07-12T01:45:13,Abuja,9.0765,7.3986,57,Moderate,14.8,18.43,480.22,2.13,0.28,16.33,22.96,87,0.48,1012
2026-07-12T01:45:13,Port Harcourt,4.8156,7.0498,33,Good,3.57,5.54,241.95,0.09,0.15,68.88,23.81,94,2.12,1013
2026-07-12T01:45:14,Kano,12.0022,8.592,93,Moderate,32.06,42.52,664.12,4.65,0.5,15.19,26.42,66,2.85,1011
2026-07-12T01:45:14,Ibadan,7.3775,3.947,28,Good,6.62,15.78,290.61,1.01,0.52,51.51,22.39,98,1.58,1013
2026-07-12T01:45:14,Kaduna,10.5222,7.4383,53,Moderate,13.25,14.86,377.9,1.87,0.11,17.84,22.87,82,1.28,1013
2026-07-12T01:45:15,Ogun (Ode-Remo),6.85,3.6167,28,Good,3.59,9.8,219.56,0.08,0.2,59.86,23.21,97,1.14,1012
2026-07-12T05:17:03,Lagos,6.5244,3.3792,27,Good,3.35,8.55,225.66,0.06,0.2,58.09,25.2,86,3.74,1013
2026-07-12T05:17:03,Abuja,9.0765,7.3986,59,Moderate,16.14,19.35,509.28,1.88,0.23,11.88,22.07,92,0.7,1013
2026-07-12T05:17:04,Port Harcourt,4.8156,7.0498,33,Good,3.54,5.46,243.43,0.09,0.15,68.95,24.05,92,1.71,1013
2026-07-12T05:17:05,Kano,12.0022,8.592,92,Moderate,31.6,39.27,661.52,4.14,0.49,11.61,25.87,66,2.84,1012
2026-07-12T05:17:05,Ibadan,7.3775,3.947,24,Good,5.71,12.88,286.35,1,0.56,49.16,22.33,98,1.32,1013
2026-07-12T05:17:06,Kaduna,10.5222,7.4383,49,Good,11.78,12.96,371.91,1.72,0.11,17.69,21.25,85,1.4,1013
2026-07-12T05:17:06,Ogun (Ode-Remo),6.85,3.6167,27,Good,2.97,6.55,222.88,0.08,0.18,57.78,23.03,98,1.12,1013
2026-07-12T07:58:54,Lagos,6.5244,3.3792,28,Good,3.63,7.16,219.33,0.07,0.21,59.36,26.23,81,3.81,1015
2026-07-12T07:58:55,Abuja,9.0765,7.3986,66,Moderate,19.34,26.62,579.55,2.5,0.41,10.3,24.37,87,1.3,1015
2026-07-12T07:58:55,Port Harcourt,4.8156,7.0498,32,Good,3.66,6.18,244.92,0.12,0.18,68.13,25.91,83,2.35,1015
2026-07-12T07:58:56,Kano,12.0022,8.592,105,Unhealthy for Sensitive Groups,37.31,49.45,789.6,4.66,0.97,22.5,28.83,54,3.43,1013
2026-07-12T07:58:57,Ibadan,7.3775,3.947,37,Good,8.85,20.01,383.73,2.3,0.97,45.72,23.48,94,1.43,1015
2026-07-12T07:58:58,Kaduna,10.5222,7.4383,14,Good,12.09,14.61,403.99,1.83,0.25,19.93,25.27,69,1.26,1015
2026-07-12T07:58:58,Ogun (Ode-Remo),6.85,3.6167,26,Good,3.21,7.79,230.29,0.18,0.24,54.73,25.4,88,2,1015
2026-07-12T09:50:18,Lagos,6.5244,3.3792,28,Good,3.68,6.93,216.04,0.07,0.22,59.73,26.9,78,3.74,1015
2026-07-12T09:50:19,Abuja,9.0765,7.3986,15,Good,12.02,14.9,504.07,1.4,0.31,31.73,26.02,79,1.61,1015
2026-07-12T09:50:20,Port Harcourt,4.8156,7.0498,32,Good,3.76,6.49,246.7,0.15,0.21,66.91,27.87,76,2.96,1014
2026-07-12T09:50:20,Kano,12.0022,8.592,80,Moderate,25.7,32.64,534.69,1.07,0.63,53.55,32.48,42,2.48,1012
2026-07-12T09:50:21,Ibadan,7.3775,3.947,39,Good,9.27,21.37,391.16,1.63,0.99,52.33,25.16,86,1.55,1015
2026-07-12T09:50:22,Kaduna,10.5222,7.4383,36,Good,8.6,9.82,336.82,0.68,0.14,39.56,29.01,57,1.93,1014
2026-07-12T09:50:23,Ogun (Ode-Remo),6.85,3.6167,26,Good,3.38,9.15,237.07,0.26,0.26,54.9,27.25,80,1.68,1015
2026-07-12T11:04:44,Lagos,6.5244,3.3792,28,Good,3.61,6.82,215.53,0.07,0.23,59.1,27.02,78,4.09,1014
2026-07-12T11:04:44,Abuja,9.0765,7.3986,37,Good,8.86,10.98,467.15,1.19,0.27,36.52,27.22,74,1.7,1014
2026-07-12T11:04:44,Port Harcourt,4.8156,7.0498,31,Good,3.8,6.59,249.08,0.17,0.22,66.15,28.25,75,2.9,1014
2026-07-12T11:04:45,Kano,12.0022,8.592,74,Moderate,22.92,29.08,482.46,0.85,0.56,53.52,34.27,36,1.82,1011
2026-07-12T11:04:45,Ibadan,7.3775,3.947,42,Good,10.01,21.97,395.93,1.48,0.96,55.02,27.63,75,1.26,1014
2026-07-12T11:04:46,Kaduna,10.5222,7.4383,31,Good,7.51,8.46,324.44,0.46,0.11,42.31,30.39,53,1.66,1013
2026-07-12T11:04:46,Ogun (Ode-Remo),6.85,3.6167,26,Good,3.18,8.82,232.6,0.22,0.22,55.39,27.39,80,1.38,1014
2026-07-12T12:55:22,Lagos,6.5244,3.3792,28,Good,3.33,5.6,212.6,0.06,0.18,58.67,27.43,77,5.63,1012
2026-07-12T12:55:22,Abuja,9.0765,7.3986,30,Good,7.28,9.07,442.48,1.15,0.27,37.12,28.86,67,1,1011
2026-07-12T12:55:23,Port Harcourt,4.8156,7.0498,31,Good,3.72,6.63,252.34,0.15,0.21,65.23,28.19,76,4.15,1012
2026-07-12T12:55:24,Kano,12.0022,8.592,70,Moderate,21.2,26.41,421.37,0.65,0.43,55.58,36.08,31,0.66,1009
2026-07-12T12:55:24,Ibadan,7.3775,3.947,48,Good,11.42,21.71,402.22,1.47,0.92,58.82,29.09,70,1.17,1012
2026-07-12T12:55:25,Kaduna,10.5222,7.4383,35,Good,8.36,9.27,326.2,0.38,0.12,43.59,32.43,47,0.8,1011
2026-07-12T12:55:26,Ogun (Ode-Remo),6.85,3.6167,27,Good,2.89,6.56,221.44,0.12,0.15,56.46,27.74,81,1.89,1012
2026-07-12T14:23:10,Lagos,6.5244,3.3792,28,Good,2.66,4,220.18,0.05,0.11,59.44,27.3,78,6.21,1011
2026-07-12T14:23:10,Abuja,9.0765,7.3986,20,Good,2.73,3.93,286.1,0.6,0.19,41.3,28.63,68,0.9,1010
2026-07-12T14:23:11,Port Harcourt,4.8156,7.0498,30,Good,4.28,6.78,237.43,0.08,0.19,64.15,27.02,81,4.97,1011
2026-07-12T14:23:11,Kano,12.0022,8.592,65,Moderate,18.89,27.77,317.85,0.43,0.29,53.91,36.73,28,1.71,1008
2026-07-12T14:23:11,Ibadan,7.3775,3.947,28,Good,5.42,10.01,301.62,0.58,0.59,59.19,28.81,71,1.71,1011
2026-07-12T14:23:12,Kaduna,10.5222,7.4383,35,Good,8.41,9.2,365.6,0.67,0.07,44.93,32.55,45,0.76,1009
2026-07-12T14:23:12,Ogun (Ode-Remo),6.85,3.6167,28,Good,2.48,4.09,226.52,0.06,0.08,58.83,27.53,81,2.33,1011
2026-07-12T15:49:45,Lagos,6.5244,3.3792,28,Good,2.61,4.02,215.94,0.05,0.11,58.39,26.79,80,6.41,1011
2026-07-12T15:49:45,Abuja,9.0765,7.3986,19,Good,3.11,4.32,285.52,0.65,0.2,39.95,28.83,68,1.13,1010
2026-07-12T15:49:46,Port Harcourt,4.8156,7.0498,31,Good,4.48,7.6,243.65,0.09,0.2,65.09,25.87,86,4.58,1011
2026-07-12T15:49:46,Kano,12.0022,8.592,75,Moderate,23.51,34.14,360.63,1.27,0.45,51.21,37.34,25,3.63,1006
2026-07-12T15:49:47,Ibadan,7.3775,3.947,27,Good,4.95,9.05,292.81,0.88,0.52,57.03,26.33,87,2.36,1011
2026-07-12T15:49:47,Kaduna,10.5222,7.4383,39,Good,9.27,10.38,378.83,1.11,0.12,39.11,30.59,55,1.87,1009
2026-07-12T15:49:48,Ogun (Ode-Remo),6.85,3.6167,28,Good,2.59,4.3,224.61,0.06,0.09,59.26,26.61,86,2.73,1011
2026-07-12T16:45:23,Lagos,6.5244,3.3792,27,Good,2.62,4.18,212.99,0.06,0.11,58.05,26.55,80,5.96,1011
2026-07-12T16:45:23,Abuja,9.0765,7.3986,17,Good,3.68,5.32,297.27,0.97,0.25,36.69,27.16,80,1.16,1010
2026-07-12T16:45:23,Port Harcourt,4.8156,7.0498,31,Good,4.65,8.13,247.38,0.09,0.2,65.98,25.15,88,4.47,1012
2026-07-12T16:45:24,Kano,12.0022,8.592,85,Moderate,28.15,40.95,427.3,2.72,0.65,44.77,36.67,26,3.11,1006
2026-07-12T16:45:24,Ibadan,7.3775,3.947,26,Good,5.03,9.55,294.37,1.14,0.53,56.06,24.96,92,2.51,1011
2026-07-12T16:45:24,Kaduna,10.5222,7.4383,45,Good,10.69,12.39,402.84,1.84,0.19,31.92,29.31,60,1.86,1009
2026-07-12T16:45:25,Ogun (Ode-Remo),6.85,3.6167,28,Good,2.7,4.72,221.22,0.08,0.11,59.35,25.83,88,2.72,1011
2026-07-12T17:51:17,Lagos,6.5244,3.3792,27,Good,2.61,4.33,209.87,0.07,0.11,57.83,26.25,82,5.86,1012
2026-07-12T17:51:18,Abuja,9.0765,7.3986,17,Good,4.14,6.23,309.48,1.38,0.29,34.09,25.09,84,1.51,1011
2026-07-12T17:51:18,Port Harcourt,4.8156,7.0498,32,Good,4.77,8.42,251.45,0.1,0.2,67.14,24.59,91,3.15,1012
2026-07-12T17:51:19,Kano,12.0022,8.592,93,Moderate,31.97,46.57,494.12,4.07,0.82,40.22,34.34,34,2.83,1007
2026-07-12T17:51:19,Ibadan,7.3775,3.947,26,Good,5.37,10.62,299.68,1.42,0.58,54.99,23.94,95,2.27,1012
2026-07-12T17:51:20,Kaduna,10.5222,7.4383,13,Good,12.06,14.41,426.86,2.46,0.26,27.47,27.32,66,1.88,1009
2026-07-12T17:51:20,Ogun (Ode-Remo),6.85,3.6167,28,Good,2.79,5.07,216.96,0.09,0.12,59.18,24.96,92,2.59,1012
2026-07-12T18:50:04,Lagos,6.5244,3.3792,27,Good,2.67,4.72,207.91,0.08,0.12,57.71,26.12,84,5.52,1012
2026-07-12T18:50:04,Abuja,9.0765,7.3986,18,Good,4.43,6.84,314.49,1.66,0.31,30.93,24.27,89,2.1,1011
2026-07-12T18:50:05,Port Harcourt,4.8156,7.0498,32,Good,4.79,8.32,256.4,0.1,0.2,68.26,24.35,92,3.04,1013
2026-07-12T18:50:06,Kano,12.0022,8.592,97,Moderate,33.87,49.23,535.13,4.56,0.9,38.47,33.5,36,2.23,1008
2026-07-12T18:50:07,Ibadan,7.3775,3.947,27,Good,6.57,13.52,323,1.82,0.7,53.39,23.39,97,2.16,1013
2026-07-12T18:50:08,Kaduna,10.5222,7.4383,52,Moderate,12.71,15.41,437.58,2.74,0.3,24.88,25.61,75,2.45,1011
2026-07-12T18:50:08,Ogun (Ode-Remo),6.85,3.6167,28,Good,2.81,5.2,213.91,0.1,0.12,59.13,24.35,94,2.34,1012
2026-07-12T20:02:19,Lagos,6.5244,3.3792,27,Good,2.82,5.44,205.86,0.08,0.15,57.43,26.06,84,5.2,1013
2026-07-12T20:02:20,Abuja,9.0765,7.3986,20,Good,4.78,7.46,324.05,1.82,0.32,27.92,23.85,91,1.51,1012
2026-07-12T20:02:20,Port Harcourt,4.8156,7.0498,33,Good,4.81,8.55,261.27,0.1,0.21,69.2,24.25,92,3.1,1014
2026-07-12T20:02:21,Kano,12.0022,8.592,101,Unhealthy for Sensitive Groups,35.53,51.59,574.43,4.73,0.94,36.61,33.03,37,2.23,1008
2026-07-12T20:02:21,Ibadan,7.3775,3.947,35,Good,8.49,17.67,358.85,2.24,0.83,51.33,23.11,98,2.25,1013
2026-07-12T20:02:21,Kaduna,10.5222,7.4383,52,Moderate,12.75,15.48,444.66,2.73,0.28,23.55,24.58,81,3.22,1012
2026-07-12T20:02:22,Ogun (Ode-Remo),6.85,3.6167,28,Good,2.79,5.18,210.13,0.09,0.12,58.78,24.04,95,2.09,1013
2026-07-12T21:39:43,Lagos,6.5244,3.3792,27,Good,3.15,6.65,201.94,0.08,0.19,57.01,25.87,85,5.74,1014
2026-07-12T21:39:44,Abuja,9.0765,7.3986,24,Good,5.87,8.95,347.98,1.88,0.31,22.97,23.67,92,1.21,1013
2026-07-12T21:39:45,Port Harcourt,4.8156,7.0498,34,Good,4.83,9.14,267.04,0.1,0.22,71.01,24.15,92,2.69,1014
2026-07-12T21:39:46,Kano,12.0022,8.592,103,Unhealthy for Sensitive Groups,36.47,50.41,621.48,4.8,0.85,29.51,32.43,39,2.72,1010
2026-07-12T21:39:46,Ibadan,7.3775,3.947,46,Good,11.09,22.37,400.27,2.58,0.88,48.39,22.73,98,2.08,1014
2026-07-12T21:39:46,Kaduna,10.5222,7.4383,47,Good,11.39,13.25,438.28,2.65,0.19,24.73,23.9,85,2.61,1013
2026-07-12T21:39:47,Ogun (Ode-Remo),6.85,3.6167,27,Good,2.72,5.04,204.6,0.08,0.12,57.95,23.8,96,1.85,1014
2026-07-12T22:38:09,Lagos,6.5244,3.3792,27,Good,3.07,6.26,201.45,0.08,0.19,57.22,25.77,85,5.49,1013
2026-07-12T22:38:09,Abuja,9.0765,7.3986,27,Good,6.37,9.45,357.25,1.82,0.29,21.67,23.35,92,1.08,1013
2026-07-12T22:38:10,Port Harcourt,4.8156,7.0498,34,Good,4.88,9.4,267.38,0.1,0.23,71.64,24.14,92,2.61,1014
2026-07-12T22:38:10,Kano,12.0022,8.592,95,Moderate,33.22,42.28,585.18,4.11,0.56,27.69,29.4,51,6.48,1010
2026-07-12T22:38:11,Ibadan,7.3775,3.947,43,Good,10.42,20.4,385.68,2.34,0.72,47.62,22.61,98,1.92,1014
2026-07-12T22:38:11,Kaduna,10.5222,7.4383,45,Good,10.82,12.26,436.08,2.63,0.15,24.06,23.19,87,2.7,1013
2026-07-12T22:38:11,Ogun (Ode-Remo),6.85,3.6167,27,Good,2.65,4.83,203.32,0.08,0.11,57.78,23.73,96,1.69,1014
2026-07-12T23:42:52,Lagos,6.5244,3.3792,27,Good,2.9,5.58,201.85,0.08,0.16,57.53,25.62,85,5.45,1013
2026-07-12T23:42:52,Abuja,9.0765,7.3986,29,Good,6.95,10.07,368.29,1.79,0.28,20.91,22.96,93,0.9,1012
2026-07-12T23:42:53,Port Harcourt,4.8156,7.0498,34,Good,4.93,9.61,266.19,0.1,0.24,72.32,24.11,93,2.58,1013
2026-07-12T23:42:53,Kano,12.0022,8.592,86,Moderate,28.88,34.29,532.04,3.23,0.41,28.57,27.39,63,6.8,1010
2026-07-12T23:42:53,Ibadan,7.3775,3.947,42,Good,9.98,19.14,374.7,2.13,0.66,46.97,22.48,98,1.87,1013
2026-07-12T23:42:54,Kaduna,10.5222,7.4383,44,Good,10.59,11.79,434.92,2.54,0.13,22.94,22.62,86,1.89,1012
2026-07-12T23:42:54,Ogun (Ode-Remo),6.85,3.6167,27,Good,2.58,4.54,202.58,0.08,0.11,57.64,23.66,96,1.43,1013
2026-07-13T01:48:07,Lagos,6.5244,3.3792,27,Good,2.82,5.4,203.98,0.07,0.16,57.21,24.98,88,4.51,1012
2026-07-13T01:48:08,Abuja,9.0765,7.3986,35,Good,8.36,11.26,399.6,1.79,0.26,17.31,22.04,98,1.24,1012
2026-07-13T01:48:08,Port Harcourt,4.8156,7.0498,35,Good,4.92,9.02,260.38,0.09,0.24,73.59,23.91,93,2.06,1012
2026-07-13T01:48:09,Kano,12.0022,8.592,71,Moderate,21.7,23.94,459.25,2.18,0.32,27.2,26.26,70,5.69,1009
2026-07-13T01:48:10,Ibadan,7.3775,3.947,38,Good,9,16.54,349.67,1.71,0.62,46.13,22.43,99,1.92,1012
2026-07-13T01:48:10,Kaduna,10.5222,7.4383,44,Good,10.47,11.5,429.54,2.16,0.11,19.67,20.87,93,1.72,1013
2026-07-13T01:48:11,Ogun (Ode-Remo),6.85,3.6167,27,Good,2.49,4.21,200.91,0.09,0.1,57.32,23.32,98,1.51,1012
2026-07-13T05:26:01,Lagos,6.5244,3.3792,26,Good,2.58,4.7,205.65,0.07,0.15,55.86,25.07,87,4.51,1012
2026-07-13T05:26:02,Abuja,9.0765,7.3986,41,Good,9.74,13.01,432.54,1.92,0.29,13.83,21.12,98,2.28,1013
2026-07-13T05:26:02,Port Harcourt,4.8156,7.0498,34,Good,4.54,8.9,257.94,0.1,0.23,72.04,23.84,93,2.61,1013
2026-07-13T05:26:03,Kano,12.0022,8.592,71,Moderate,21.47,25.16,506.21,2.78,0.49,18.22,25.68,73,4.3,1010
2026-07-13T05:26:04,Ibadan,7.3775,3.947,35,Good,8.47,15.37,344.33,1.72,0.7,45.66,22.36,98,1.44,1013
2026-07-13T05:26:05,Kaduna,10.5222,7.4383,42,Good,10.05,11.3,424.66,1.98,0.11,16.13,20.7,92,3.54,1012
2026-07-13T05:26:06,Ogun (Ode-Remo),6.85,3.6167,27,Good,2.4,3.96,203.43,0.11,0.1,57.43,23.07,98,1.1,1013
2026-07-13T08:47:33,Lagos,6.5244,3.3792,27,Good,2.02,2.92,200.35,0.06,0.08,56.5,26.85,77,3.36,1015
2026-07-13T08:47:34,Abuja,9.0765,7.3986,52,Moderate,12.45,17.75,491.71,1.79,0.45,26.03,22.64,93,2.49,1015
2026-07-13T08:47:34,Port Harcourt,4.8156,7.0498,31,Good,4.39,10.39,257.99,0.12,0.26,66.1,24.87,89,3.43,1015
2026-07-13T08:47:35,Kano,12.0022,8.592,80,Moderate,25.74,36.73,605.65,2.36,1.42,39.13,28.72,55,4.94,1012
2026-07-13T08:47:36,Ibadan,7.3775,3.947,57,Moderate,14.73,27.29,503.92,3.41,1.35,47,25.48,86,1.47,1015
2026-07-13T08:47:36,Kaduna,10.5222,7.4383,40,Good,9.59,12.1,430.66,1.78,0.21,20.52,21.6,91,3.73,1014
2026-07-13T08:47:37,Ogun (Ode-Remo),6.85,3.6167,27,Good,1.97,3.77,208.46,0.1,0.07,56.94,26.61,83,1.58,1015
2026-07-13T11:51:31,Lagos,6.5244,3.3792,25,Good,2.25,3.51,174.9,0.05,0.1,52.33,27.47,75,4.6,1013
2026-07-13T11:51:31,Abuja,9.0765,7.3986,23,Good,5.4,7.49,344.41,0.56,0.28,45.23,23.5,92,2.45,1013
2026-07-13T11:51:32,Port Harcourt,4.8156,7.0498,28,Good,4.12,10.26,249.57,0.06,0.24,60.13,25.45,86,4.73,1013
2026-07-13T11:51:32,Kano,12.0022,8.592,38,Good,9.11,14.17,441.3,1.37,0.74,42.5,31.58,43,3.9,1010
2026-07-13T11:51:33,Ibadan,7.3775,3.947,26,Good,4.74,9.43,293.67,0.75,0.62,55.43,27.42,80,0.35,1013
2026-07-13T11:51:33,Kaduna,10.5222,7.4383,22,Good,5.21,6.18,371.23,0.76,0.1,38.06,24.13,78,2.85,1013
2026-07-13T11:51:33,Ogun (Ode-Remo),6.85,3.6167,26,Good,2.01,4.16,198.89,0.05,0.08,54.44,27.6,80,1.77,1013
2026-07-13T14:04:06,Lagos,6.5244,3.3792,25,Good,1.85,3.2,155.79,0.07,0.11,53.58,27.43,75,5.57,1011
2026-07-13T14:04:07,Abuja,9.0765,7.3986,22,Good,5.23,6.82,324.29,0.69,0.25,43.29,24.3,87,2.01,1011
2026-07-13T14:04:07,Port Harcourt,4.8156,7.0498,27,Good,4.47,13.36,240.46,0.06,0.28,57.77,26.43,80,5.38,1012
2026-07-13T14:04:08,Kano,12.0022,8.592,51,Moderate,12.33,28.14,319.36,0.93,0.48,46.67,33.57,38,3.12,1009
2026-07-13T14:04:09,Ibadan,7.3775,3.947,25,Good,3.31,6.84,245.53,0.78,0.52,53.32,27.3,81,2.34,1011
2026-07-13T14:04:09,Kaduna,10.5222,7.4383,20,Good,4.77,5.73,371.83,0.94,0.09,37.73,26.96,67,2.21,1011
2026-07-13T14:04:10,Ogun (Ode-Remo),6.85,3.6167,25,Good,1.55,3.08,174.72,0.07,0.08,53.76,27.67,80,2.77,1011
2026-07-13T17:06:02,Lagos,6.5244,3.3792,26,Good,2.15,3.81,158.55,0.08,0.12,54.94,26.41,80,6.19,1011
2026-07-13T17:06:03,Abuja,9.0765,7.3986,24,Good,5.85,7.96,342.92,1.42,0.33,35.48,24.53,87,1.14,1011
2026-07-13T17:06:03,Port Harcourt,4.8156,7.0498,26,Good,4.05,13.05,238.51,0.08,0.26,54.72,24.83,86,4.06,1012
2026-07-13T17:06:03,Kano,12.0022,8.592,65,Moderate,18.81,34.5,499.59,4.74,0.94,27.29,33.51,36,1.65,1008
2026-07-13T17:06:04,Ibadan,7.3775,3.947,24,Good,3.35,6.91,224.55,1.25,0.47,50.48,24.62,92,3.03,1011
2026-07-13T17:06:04,Kaduna,10.5222,7.4383,28,Good,6.64,8.78,424.65,2.7,0.23,26.17,25.74,75,2.97,1010
2026-07-13T17:06:04,Ogun (Ode-Remo),6.85,3.6167,26,Good,1.85,3.45,161.19,0.09,0.1,54.12,25.55,87,3.47,1011
2026-07-13T19:11:28,Lagos,6.5244,3.3792,27,Good,2.63,4.36,170.76,0.08,0.13,57.33,25.87,84,5.92,1013
2026-07-13T19:11:29,Abuja,9.0765,7.3986,29,Good,6.93,9.55,371.77,2.15,0.38,29.9,22.51,95,0.91,1013
2026-07-13T19:11:29,Port Harcourt,4.8156,7.0498,26,Good,3.83,12.09,234.23,0.08,0.25,54.23,24.22,91,3.21,1013
2026-07-13T19:11:29,Kano,12.0022,8.592,86,Moderate,28.69,47.78,686.93,7.68,1.55,21.9,30.59,44,2.15,1010
2026-07-13T19:11:30,Ibadan,7.3775,3.947,24,Good,4.55,9.7,241.42,1.47,0.59,50.45,23.09,96,2.47,1013
2026-07-13T19:11:30,Kaduna,10.5222,7.4383,37,Good,8.93,12.81,473.97,4.28,0.39,20.52,22.37,92,2.79,1013
2026-07-13T19:11:30,Ogun (Ode-Remo),6.85,3.6167,26,Good,2.09,3.96,164.17,0.09,0.11,55.36,24.01,93,2.49,1013
2026-07-13T20:49:01,Lagos,6.5244,3.3792,28,Good,3.41,5.52,185.83,0.07,0.16,59.58,25.63,85,5.63,1014
2026-07-13T20:49:02,Abuja,9.0765,7.3986,32,Good,7.64,10.24,393.49,2.41,0.37,26.57,22.25,96,0.83,1014
2026-07-13T20:49:02,Port Harcourt,4.8156,7.0498,26,Good,3.87,11.79,230.15,0.09,0.25,54.14,24.01,92,2.94,1014
2026-07-13T20:49:03,Kano,12.0022,8.592,91,Moderate,31.3,49.4,729.43,6.97,1.44,21.97,29.67,48,2.1,1011
2026-07-13T20:49:04,Ibadan,7.3775,3.947,26,Good,6.22,13.3,273.98,1.66,0.72,50.47,22.62,97,2.75,1014
2026-07-13T20:49:05,Kaduna,10.5222,7.4383,41,Good,9.83,14.17,489.2,4.22,0.34,18.08,22.02,94,2.29,1013
2026-07-13T20:49:05,Ogun (Ode-Remo),6.85,3.6167,27,Good,2.58,4.61,175.11,0.07,0.12,57.49,23.71,95,1.8,1014
2026-07-13T21:44:20,Lagos,6.5244,3.3792,28,Good,3.68,5.99,191.67,0.07,0.17,60.04,25.42,87,5.31,1014
2026-07-13T21:44:21,Abuja,9.0765,7.3986,34,Good,8.04,10.55,402.46,2.47,0.36,24.54,22.04,97,0.89,1014
2026-07-13T21:44:21,Port Harcourt,4.8156,7.0498,26,Good,3.97,11.81,227.91,0.08,0.25,54.2,23.83,93,2.56,1014
2026-07-13T21:44:22,Kano,12.0022,8.592,89,Moderate,30.4,47.1,711.29,6.33,1.24,21.28,28.63,52,2.07,1011
2026-07-13T21:44:23,Ibadan,7.3775,3.947,28,Good,6.65,13.86,282.98,1.71,0.71,50.44,22.54,97,2.29,1014
2026-07-13T21:44:23,Kaduna,10.5222,7.4383,40,Good,9.67,13.47,479.85,3.92,0.27,18.34,21.8,94,1.64,1014
2026-07-13T21:44:24,Ogun (Ode-Remo),6.85,3.6167,28,Good,2.81,4.75,180.98,0.06,0.12,58.42,23.7,95,1.9,1014
2026-07-13T22:44:40,Lagos,6.5244,3.3792,28,Good,3.78,6.24,196.25,0.07,0.18,60.03,25.27,87,5.17,1013
2026-07-13T22:44:41,Abuja,9.0765,7.3986,35,Good,8.36,10.58,409.51,2.46,0.32,22.54,21.8,97,1.28,1014
2026-07-13T22:44:41,Port Harcourt,4.8156,7.0498,26,Good,4.11,12.07,226.57,0.08,0.25,54.43,23.75,93,1.96,1014
2026-07-13T22:44:41,Kano,12.0022,8.592,84,Moderate,27.72,41.27,665.64,5.4,0.93,20.46,28.21,55,2.09,1011
2026-07-13T22:44:42,Ibadan,7.3775,3.947,26,Good,6.3,12.85,276.18,1.57,0.6,50.36,22.51,98,1.79,1014
2026-07-13T22:44:42,Kaduna,10.5222,7.4383,39,Good,9.24,12.03,471.15,3.68,0.2,18.4,21.35,96,1.51,1014
2026-07-13T22:44:42,Ogun (Ode-Remo),6.85,3.6167,28,Good,2.97,4.79,186.99,0.06,0.12,59.1,23.68,96,1.78,1014
2026-07-13T23:43:03,Lagos,6.5244,3.3792,28,Good,3.9,6.48,199.59,0.06,0.18,59.58,25.13,88,4.89,1013
2026-07-13T23:43:04,Abuja,9.0765,7.3986,36,Good,8.54,10.47,413.42,2.39,0.29,21.15,21.62,98,1.3,1014
2026-07-13T23:43:04,Port Harcourt,4.8156,7.0498,26,Good,4.27,12.55,225.75,0.08,0.25,54.74,23.68,94,1.8,1013
2026-07-13T23:43:04,Kano,12.0022,8.592,77,Moderate,24.62,35.03,615.31,4.47,0.72,19.95,27.38,59,3.31,1011
2026-07-13T23:43:05,Ibadan,7.3775,3.947,25,Good,6.1,12.05,271.26,1.4,0.55,50.2,22.43,98,1.56,1013
2026-07-13T23:43:05,Kaduna,10.5222,7.4383,37,Good,8.79,10.67,463.01,3.46,0.15,18.42,21,97,1.74,1013
2026-07-13T23:43:05,Ogun (Ode-Remo),6.85,3.6167,28,Good,3.11,4.83,192.11,0.06,0.13,59.4,23.61,96,1.57,1013
2026-07-14T01:24:55,Lagos,6.5244,3.3792,28,Good,3.87,6.3,201.35,0.06,0.18,59.12,25.11,88,4.52,1012
2026-07-14T01:24:55,Abuja,9.0765,7.3986,36,Good,8.74,10.7,415.38,2.3,0.27,19.73,21.43,97,1.21,1013
2026-07-14T01:24:56,Port Harcourt,4.8156,7.0498,26,Good,4.42,13.19,225.01,0.08,0.26,54.97,23.57,95,1.82,1013
2026-07-14T01:24:57,Kano,12.0022,8.592,72,Moderate,22.23,30.42,579.49,3.89,0.67,19.53,27.88,52,2.46,1011
2026-07-14T01:24:57,Ibadan,7.3775,3.947,26,Good,6.32,12.35,275.56,1.33,0.56,49.41,22.33,99,1.35,1013
2026-07-14T01:24:58,Kaduna,10.5222,7.4383,35,Good,8.3,9.49,448.22,3.04,0.12,19.29,21.06,97,1.68,1013
2026-07-14T01:24:58,Ogun (Ode-Remo),6.85,3.6167,28,Good,3.15,4.76,195.69,0.06,0.13,59.42,23.38,97,1.02,1012
2026-07-14T04:41:05,Lagos,6.5244,3.3792,28,Good,3.61,5.72,202.07,0.06,0.17,58.33,24.82,89,3.75,1013
2026-07-14T04:41:05,Abuja,9.0765,7.3986,38,Good,9.23,12.1,420.03,2.09,0.27,15.94,21.49,97,0.8,1014
2026-07-14T04:41:05,Port Harcourt,4.8156,7.0498,26,Good,4.7,13.17,219.78,0.08,0.26,55.23,23.73,93,1.5,1013
2026-07-14T04:41:06,Kano,12.0022,8.592,54,Moderate,13.72,18.3,482.75,2.68,0.88,19.75,25.64,69,2.7,1012
2026-07-14T04:41:06,Ibadan,7.3775,3.947,38,Good,9.07,17.42,341.39,2.07,1,47.31,22.11,99,0.74,1014
2026-07-14T04:41:06,Kaduna,10.5222,7.4383,32,Good,7.65,8.3,399.8,1.63,0.08,20.04,20.55,98,1.69,1014
2026-07-14T04:41:07,Ogun (Ode-Remo),6.85,3.6167,27,Good,3,5.5,202.49,0.06,0.16,56.48,23.41,97,1.09,1013
2026-07-14T07:03:21,Lagos,6.5244,3.3792,27,Good,3.61,6.04,200.67,0.06,0.19,58.08,25.22,88,3.16,1014
2026-07-14T07:03:21,Abuja,9.0765,7.3986,40,Good,9.68,13.84,438.79,2.57,0.38,16.61,22.13,96,1.23,1016
2026-07-14T07:03:22,Port Harcourt,4.8156,7.0498,26,Good,4.4,11.28,215.56,0.09,0.23,54.69,24.16,91,1.48,1015
2026-07-14T07:03:23,Kano,12.0022,8.592,48,Good,11.59,17.73,495.8,3.48,1.07,18.91,27.02,65,4.23,1013
2026-07-14T07:03:23,Ibadan,7.3775,3.947,60,Moderate,16.23,32.89,491.05,4.57,1.76,44.73,23.18,95,0.95,1015
2026-07-14T07:03:24,Kaduna,10.5222,7.4383,33,Good,7.81,9.12,411.42,2.11,0.15,18.05,21.94,93,3.3,1015
2026-07-14T07:03:25,Ogun (Ode-Remo),6.85,3.6167,26,Good,3.02,7.32,202.57,0.07,0.19,55.94,24.33,94,1.11,1014
2026-07-14T09:46:15,Lagos,6.5244,3.3792,26,Good,3.35,5.87,204.95,0.06,0.2,55.39,27.39,76,4.02,1014
2026-07-14T09:46:16,Abuja,9.0765,7.3986,25,Good,6.06,8.73,348.71,1.02,0.32,39.75,25.39,83,1.86,1015
2026-07-14T09:46:16,Port Harcourt,4.8156,7.0498,25,Good,3.39,7.55,220.19,0.07,0.19,52.74,28.5,70,3.21,1014
2026-07-14T09:46:16,Kano,12.0022,8.592,33,Good,7.95,12.17,450.12,1.71,0.71,34.66,32.09,43,2.76,1012
2026-07-14T09:46:17,Ibadan,7.3775,3.947,32,Good,7.69,15.77,342.13,1.6,0.96,53.45,26.33,82,1.95,1014
2026-07-14T09:46:17,Kaduna,10.5222,7.4383,27,Good,6.59,7.69,377.39,1.07,0.12,33.03,26.22,73,2.83,1015
2026-07-14T09:46:17,Ogun (Ode-Remo),6.85,3.6167,27,Good,2.75,5.49,203.02,0.06,0.15,56.51,27.43,80,2.18,1014
2026-07-14T11:17:56,Lagos,6.5244,3.3792,26,Good,3.16,5.49,208,0.05,0.19,54.1,27.56,76,4.89,1014
2026-07-14T11:17:56,Abuja,9.0765,7.3986,21,Good,4.68,6.67,308.69,0.6,0.26,44.66,26.46,77,1.79,1014
2026-07-14T11:17:57,Port Harcourt,4.8156,7.0498,25,Good,3.13,6.61,220.86,0.06,0.18,52.05,28.3,72,3.81,1014
2026-07-14T11:17:57,Kano,12.0022,8.592,25,Good,5.91,9,410.08,1.38,0.55,35.83,33.38,39,2.15,1012
2026-07-14T11:17:57,Ibadan,7.3775,3.947,27,Good,6.41,12.6,312.85,1.17,0.81,54.66,26.54,82,2.24,1014
2026-07-14T11:17:58,Kaduna,10.5222,7.4383,23,Good,5.56,6.46,345.88,0.77,0.1,37.07,27.47,67,2.29,1014
2026-07-14T11:17:58,Ogun (Ode-Remo),6.85,3.6167,26,Good,2.76,5.19,203.85,0.05,0.14,55.8,27.66,79,2.82,1014
2026-07-14T13:06:53,Lagos,6.5244,3.3792,25,Good,2.97,4.82,209.82,0.04,0.16,52.92,27.47,75,6.38,1013
2026-07-14T13:06:53,Abuja,9.0765,7.3986,22,Good,4.48,6.16,288.6,0.39,0.23,47.12,26.81,80,1.36,1012
2026-07-14T13:06:54,Port Harcourt,4.8156,7.0498,24,Good,2.95,6.72,217.14,0.04,0.19,50.79,27.88,74,4.53,1012
2026-07-14T13:06:54,Kano,12.0022,8.592,26,Good,6.24,10.02,430.06,2.14,0.61,30.71,35.03,34,1.61,1010
2026-07-14T13:06:55,Ibadan,7.3775,3.947,25,Good,4.67,8.89,272.31,0.87,0.58,53.25,26.56,84,3,1012
2026-07-14T13:06:56,Kaduna,10.5222,7.4383,27,Good,6.49,7.47,341.6,0.84,0.11,39.26,28.79,61,1.64,1012
2026-07-14T13:06:56,Ogun (Ode-Remo),6.85,3.6167,25,Good,2.63,4.43,208.37,0.05,0.13,53.9,27.42,81,3.35,1012
2026-07-14T15:16:23,Lagos,6.5244,3.3792,26,Good,4.07,7.32,192.28,0.05,0.2,55.35,27.07,78,6.61,1012
2026-07-14T15:16:23,Abuja,9.0765,7.3986,21,Good,2.26,3.56,259.91,0.57,0.21,44.28,26.73,81,1.27,1011
2026-07-14T15:16:24,Port Harcourt,4.8156,7.0498,24,Good,3.05,8.93,214.99,0.07,0.24,50.92,27.27,77,4.72,1012
2026-07-14T15:16:25,Kano,12.0022,8.592,61,Moderate,17.03,27.63,556.45,3.93,1.09,36.22,35.09,32,2.31,1008
2026-07-14T15:16:26,Ibadan,7.3775,3.947,23,Good,4.79,9.45,262.95,1.01,0.54,49.45,25.78,89,2.88,1012
2026-07-14T15:16:26,Kaduna,10.5222,7.4383,18,Good,3.54,4.39,298.54,0.8,0.09,38.41,28.95,62,1.09,1011
2026-07-14T15:16:27,Ogun (Ode-Remo),6.85,3.6167,25,Good,3.65,7.01,203.1,0.05,0.19,53.13,26.89,84,3.31,1012
2026-07-14T17:02:40,Lagos,6.5244,3.3792,28,Good,4.2,8.73,191.45,0.06,0.22,58.61,26.26,82,6.43,1013
2026-07-14T17:02:40,Abuja,9.0765,7.3986,19,Good,3.12,4.94,287.36,1.08,0.27,39.82,26,87,1.11,1012
2026-07-14T17:02:41,Port Harcourt,4.8156,7.0498,25,Good,3.12,10.09,201.53,0.08,0.25,52.47,25.79,82,4.7,1012
2026-07-14T17:02:42,Kano,12.0022,8.592,82,Moderate,27,41.62,693.57,7.02,1.46,38.46,33.93,35,3.77,1009
2026-07-14T17:02:43,Ibadan,7.3775,3.947,23,Good,5.46,10.77,266.4,1.46,0.58,49.05,24.09,94,2.58,1012
2026-07-14T17:02:44,Kaduna,10.5222,7.4383,18,Good,4.43,6.31,322.92,1.77,0.18,29.62,27.36,73,1.86,1011
2026-07-14T17:02:44,Ogun (Ode-Remo),6.85,3.6167,26,Good,4.24,8.59,194.48,0.07,0.21,55.47,25.1,90,2.97,1012
2026-07-14T19:01:26,Lagos,6.5244,3.3792,29,Good,3.99,10.69,198.21,0.07,0.24,61.27,25.86,84,5.35,1014
2026-07-14T19:01:26,Abuja,9.0765,7.3986,22,Good,5.24,8.42,338.94,1.81,0.4,34.64,23.64,91,0.99,1013
2026-07-14T19:01:27,Port Harcourt,4.8156,7.0498,26,Good,3.03,10.37,193.04,0.09,0.25,54.22,24.63,87,3.5,1014
2026-07-14T19:01:27,Kano,12.0022,8.592,92,Moderate,31.43,49.16,777.65,8.25,1.61,31,32.94,38,1.83,1010
2026-07-14T19:01:28,Ibadan,7.3775,3.947,28,Good,6.81,13.5,283.85,1.67,0.7,51.25,22.97,97,2.21,1014
2026-07-14T19:01:28,Kaduna,10.5222,7.4383,27,Good,6.42,10.11,368.09,2.82,0.32,23.96,23.48,89,2.14,1013
2026-07-14T19:01:29,Ogun (Ode-Remo),6.85,3.6167,28,Good,4.08,8.78,194.18,0.07,0.2,59.03,24,95,2.04,1014
2026-07-14T20:49:49,Lagos,6.5244,3.3792,30,Good,4,13.76,203,0.07,0.29,63.28,25.71,85,5.12,1015
2026-07-14T20:49:50,Abuja,9.0765,7.3986,35,Good,8.43,13.49,408.76,2.42,0.47,26.31,23.32,92,1.14,1014
2026-07-14T20:49:50,Port Harcourt,4.8156,7.0498,27,Good,2.99,10.67,192.14,0.09,0.26,56.23,24.17,89,2.54,1015
2026-07-14T20:49:51,Kano,12.0022,8.592,92,Moderate,31.81,49.44,793.1,7.46,1.29,24.8,29.65,54,3.58,1012
2026-07-14T20:49:52,Ibadan,7.3775,3.947,36,Good,8.61,18.54,319.05,1.9,0.85,52.53,22.62,98,1.95,1016
2026-07-14T20:49:53,Kaduna,10.5222,7.4383,36,Good,8.65,13.79,417.06,3.44,0.37,19.19,22.63,94,2.7,1014
2026-07-14T20:49:53,Ogun (Ode-Remo),6.85,3.6167,29,Good,3.91,10.48,201.39,0.07,0.23,61.4,23.71,96,1.72,1015
2026-07-14T21:46:49,Lagos,6.5244,3.3792,30,Good,3.94,12.97,202.81,0.07,0.29,63.64,25.6,85,4.96,1015
2026-07-14T21:46:50,Abuja,9.0765,7.3986,40,Good,9.68,15.06,430.31,2.56,0.46,22.92,23.05,93,0.65,1015
2026-07-14T21:46:50,Port Harcourt,4.8156,7.0498,27,Good,2.95,10.38,192.13,0.09,0.25,57.1,24.16,90,2.43,1015
2026-07-14T21:46:51,Kano,12.0022,8.592,89,Moderate,30.39,46.45,772.97,7.01,1.13,21.56,29.27,56,1.8,1012
2026-07-14T21:46:52,Ibadan,7.3775,3.947,37,Good,8.85,19.68,325.29,1.92,0.85,52.73,22.46,98,1.74,1016
2026-07-14T21:46:53,Kaduna,10.5222,7.4383,37,Good,8.89,13.73,418.16,3.36,0.33,18.22,22.45,95,2.12,1014
2026-07-14T21:46:53,Ogun (Ode-Remo),6.85,3.6167,29,Good,3.88,10.9,202.95,0.06,0.24,62.05,23.52,97,1.54,1016
2026-07-14T22:46:30,Lagos,6.5244,3.3792,30,Good,3.83,11.57,202.42,0.06,0.27,64.06,25.57,85,5.26,1015
2026-07-14T22:46:31,Abuja,9.0765,7.3986,43,Good,10.25,15.17,440.48,2.56,0.41,20.95,22.76,94,1.03,1014
2026-07-14T22:46:32,Port Harcourt,4.8156,7.0498,27,Good,2.9,10.03,192.72,0.09,0.24,58.07,24.14,90,2.62,1015
2026-07-14T22:46:32,Kano,12.0022,8.592,86,Moderate,28.64,42.7,747.56,6.54,0.93,18.44,28.74,59,2.02,1013
2026-07-14T22:46:33,Ibadan,7.3775,3.947,34,Good,8.12,18.52,312.04,1.71,0.73,52.93,22.43,99,1.72,1015
2026-07-14T22:46:34,Kaduna,10.5222,7.4383,36,Good,8.67,12.61,412.44,3.2,0.25,17.36,22.25,96,1.27,1015
2026-07-14T22:46:35,Ogun (Ode-Remo),6.85,3.6167,30,Good,3.88,10.84,203.94,0.06,0.25,62.62,23.48,97,1.72,1015
2026-07-14T23:42:05,Lagos,6.5244,3.3792,31,Good,3.72,10.72,201.49,0.06,0.26,64.63,25.36,86,4.87,1014
2026-07-14T23:42:05,Abuja,9.0765,7.3986,44,Good,10.54,14.87,445.76,2.49,0.37,19.84,22.38,96,0.95,1014
2026-07-14T23:42:06,Port Harcourt,4.8156,7.0498,28,Good,2.85,9.76,193.61,0.08,0.23,58.96,24.02,92,2.15,1014
2026-07-14T23:42:07,Kano,12.0022,8.592,81,Moderate,26.55,38.42,713.45,5.87,0.77,16.31,28.46,59,2.81,1013
2026-07-14T23:42:07,Ibadan,7.3775,3.947,31,Good,7.4,17.05,297.47,1.45,0.65,53.2,22.15,99,1.22,1015
2026-07-14T23:42:08,Kaduna,10.5222,7.4383,35,Good,8.4,11.46,404.17,2.95,0.19,16.58,21.82,95,0.99,1014
2026-07-14T23:42:09,Ogun (Ode-Remo),6.85,3.6167,30,Good,3.83,10.36,203.7,0.06,0.24,63.18,23.3,97,1.24,1015
2026-07-15T01:21:59,Lagos,6.5244,3.3792,31,Good,3.61,10.04,199.59,0.06,0.25,65.1,25.19,87,4.65,1014
2026-07-15T01:22:00,Abuja,9.0765,7.3986,44,Good,10.61,14.52,445.6,2.38,0.35,19.65,22.13,97,1.6,1014
2026-07-15T01:22:00,Port Harcourt,4.8156,7.0498,28,Good,2.81,9.27,194.51,0.08,0.22,59.7,23.9,92,2.01,1014
2026-07-15T01:22:00,Kano,12.0022,8.592,76,Moderate,24,33.57,668.36,5.14,0.72,15.42,27.85,62,3.32,1012
2026-07-15T01:22:01,Ibadan,7.3775,3.947,29,Good,6.85,15.56,285.14,1.22,0.6,53.29,21.99,99,1.31,1014
2026-07-15T01:22:01,Kaduna,10.5222,7.4383,32,Good,7.7,10,376.63,2.35,0.15,17.48,22.32,93,1.93,1013
2026-07-15T01:22:02,Ogun (Ode-Remo),6.85,3.6167,30,Good,3.72,9.52,201.79,0.06,0.23,63.34,23.13,98,1.07,1014
2026-07-15T04:40:47,Lagos,6.5244,3.3792,33,Good,3.67,8.79,188.19,0.05,0.23,69.26,24.62,89,4.02,1015
2026-07-15T04:40:48,Abuja,9.0765,7.3986,41,Good,9.9,13.23,426.94,1.88,0.3,18.31,21.56,98,2.02,1015
2026-07-15T04:40:48,Port Harcourt,4.8156,7.0498,31,Good,2.88,7.04,198.89,0.08,0.18,64.61,23.75,92,2.03,1015
2026-07-15T04:40:49,Kano,12.0022,8.592,65,Moderate,18.81,24.44,580.11,3.86,0.9,14.9,26.48,69,3.54,1012
2026-07-15T04:40:50,Ibadan,7.3775,3.947,26,Good,5.86,11.83,272.57,1.13,0.6,54.33,22.02,99,1.46,1015
2026-07-15T04:40:50,Kaduna,10.5222,7.4383,29,Good,7,8.46,344.53,1.57,0.12,18.33,21.29,96,1.86,1014
2026-07-15T04:40:51,Ogun (Ode-Remo),6.85,3.6167,31,Good,3.29,6.71,191.83,0.05,0.17,65.38,22.83,98,1.23,1015
2026-07-15T07:06:26,Lagos,6.5244,3.3792,34,Good,3.74,8.65,184.35,0.06,0.22,71.94,25.13,86,3.32,1016
2026-07-15T07:06:27,Abuja,9.0765,7.3986,37,Good,8.91,12.97,408.43,1.79,0.37,21.77,22.78,95,2.77,1016
2026-07-15T07:06:28,Port Harcourt,4.8156,7.0498,32,Good,3.02,6.56,203.42,0.1,0.17,67.79,24.58,87,2.16,1016
2026-07-15T07:06:31,Kano,12.0022,8.592,62,Moderate,17.24,24.9,603.52,4.66,1.21,13.67,27.59,65,4.15,1013
2026-07-15T07:06:31,Ibadan,7.3775,3.947,40,Good,9.53,19.11,363.51,2.93,1,53.58,22.73,97,2.14,1016
2026-07-15T07:06:32,Kaduna,10.5222,7.4383,33,Good,8.03,10.52,369.77,2.04,0.21,18.43,22.74,92,3.64,1015
2026-07-15T07:06:32,Ogun (Ode-Remo),6.85,3.6167,32,Good,3.29,7.06,186.98,0.06,0.17,68.07,23.64,97,1,1016
2026-07-15T09:50:10,Lagos,6.5244,3.3792,34,Good,3.49,7.22,184.47,0.04,0.19,72.83,26.38,80,5.12,1016
2026-07-15T09:50:11,Abuja,9.0765,7.3986,29,Good,6.95,9.95,375.53,0.93,0.35,35.91,25.26,86,3.31,1016
2026-07-15T09:50:11,Port Harcourt,4.8156,7.0498,34,Good,3.57,7.83,215.56,0.1,0.21,71.43,28.3,68,3.62,1016
2026-07-15T09:50:12,Kano,12.0022,8.592,34,Good,8.23,12.61,440.69,1.68,0.72,35.29,32.84,44,3.25,1013
2026-07-15T09:50:13,Ibadan,7.3775,3.947,32,Good,7.78,15.06,325.04,1.72,0.88,62.01,24.31,91,2.35,1017
2026-07-15T09:50:13,Kaduna,10.5222,7.4383,48,Good,11.63,13.04,458.88,0.9,0.13,43.35,26.39,75,4.24,1016
2026-07-15T09:50:14,Ogun (Ode-Remo),6.85,3.6167,34,Good,3.41,6.8,187.48,0.05,0.16,71.54,25.17,89,2.07,1016
2026-07-15T11:21:34,Lagos,6.5244,3.3792,34,Good,3.42,7.01,184.04,0.04,0.18,72.04,26.62,79,5.35,1016
2026-07-15T11:21:34,Abuja,9.0765,7.3986,25,Good,5.95,8.34,352.51,0.8,0.31,38.92,25.39,86,2.93,1015
2026-07-15T11:21:34,Port Harcourt,4.8156,7.0498,34,Good,3.8,8.74,217.63,0.08,0.22,71.98,28.91,65,3.57,1015
2026-07-15T11:21:35,Kano,12.0022,8.592,26,Good,6.26,9.47,389.14,1.12,0.55,38.35,34.16,39,2.77,1012
2026-07-15T11:21:35,Ibadan,7.3775,3.947,30,Good,6.89,13.56,301.65,1.29,0.79,63.31,25.43,88,2.74,1016
2026-07-15T11:21:35,Kaduna,10.5222,7.4383,45,Good,10.75,11.82,440.69,0.72,0.1,48.98,27.28,71,3.65,1015
2026-07-15T11:21:36,Ogun (Ode-Remo),6.85,3.6167,34,Good,3.42,6.63,188.09,0.04,0.15,71.5,25.88,86,2.4,1016
2026-07-15T13:10:47,Lagos,6.5244,3.3792,33,Good,3,6.64,188.49,0.04,0.21,69.71,26.76,80,6.21,1014
2026-07-15T13:10:48,Abuja,9.0765,7.3986,23,Good,5.55,7.79,327.28,0.93,0.32,41.29,26.69,79,2.5,1014
2026-07-15T13:10:48,Port Harcourt,4.8156,7.0498,35,Good,4.38,11.37,228.49,0.06,0.25,74.13,28.67,68,3.62,1013
2026-07-15T13:10:48,Kano,12.0022,8.592,36,Good,8.69,12.77,379.84,1.13,0.56,41.33,36.01,32,1.32,1010
2026-07-15T13:10:49,Ibadan,7.3775,3.947,30,Good,6.45,13.19,290.51,1.21,0.73,62.61,25.97,86,2.86,1014
2026-07-15T13:10:49,Kaduna,10.5222,7.4383,28,Good,6.63,7.72,425.94,1.3,0.13,35.92,28.35,66,2.24,1013
2026-07-15T13:10:50,Ogun (Ode-Remo),6.85,3.6167,33,Good,3.32,6.57,187.76,0.04,0.18,70,26.72,84,3.29,1014
2026-07-15T15:18:11,Lagos,6.5244,3.3792,32,Good,2.77,6.76,186.59,0.03,0.2,68.3,26.51,80,6.69,1013
2026-07-15T15:18:11,Abuja,9.0765,7.3986,25,Good,5.97,8.76,347.81,1.48,0.36,33.5,26.98,78,2.23,1012
2026-07-15T15:18:11,Port Harcourt,4.8156,7.0498,34,Good,4.34,11.56,226.47,0.08,0.24,71.01,27.22,75,4.47,1013
2026-07-15T15:18:12,Kano,12.0022,8.592,58,Moderate,15.46,23.53,492.87,3.37,0.86,31.36,36.71,28,1.79,1009
2026-07-15T15:18:12,Ibadan,7.3775,3.947,29,Good,4.84,10.08,257.98,1.05,0.59,62.11,25.46,89,2.78,1013
2026-07-15T15:18:12,Kaduna,10.5222,7.4383,30,Good,7.1,9.13,435.31,2.04,0.25,31.5,27.42,72,1.21,1012
2026-07-15T15:18:12,Ogun (Ode-Remo),6.85,3.6167,32,Good,3,6.76,188.85,0.04,0.18,67.77,26.15,87,3.22,1013
2026-07-15T17:05:04,Lagos,6.5244,3.3792,33,Good,2.66,7.11,179.82,0.04,0.19,69.95,26.4,80,6.64,1014
2026-07-15T17:05:05,Abuja,9.0765,7.3986,31,Good,7.32,10.68,386.08,2.21,0.44,29.95,25.86,85,2.31,1012
2026-07-15T17:05:05,Port Harcourt,4.8156,7.0498,32,Good,4.19,11.27,228.29,0.09,0.23,68.23,25.65,81,4.24,1014
2026-07-15T17:05:06,Kano,12.0022,8.592,68,Moderate,20.38,32.26,623.44,7.32,1.34,26.42,35.71,30,2.5,1008
2026-07-15T17:05:07,Ibadan,7.3775,3.947,30,Good,4.28,9.84,248.95,1.23,0.54,62.71,24,94,2.48,1014
2026-07-15T17:05:07,Kaduna,10.5222,7.4383,33,Good,8.01,10.69,454.63,2.83,0.33,29.04,24.79,86,1.76,1013
2026-07-15T17:05:08,Ogun (Ode-Remo),6.85,3.6167,32,Good,2.68,6.98,188.1,0.05,0.17,67.91,25.08,90,3.09,1014
2026-07-15T18:54:41,Lagos,6.5244,3.3792,34,Good,2.97,8.55,173.38,0.06,0.22,72.79,25.96,83,5.98,1015
2026-07-15T18:54:42,Abuja,9.0765,7.3986,38,Good,9.18,13.6,423.87,2.7,0.54,27.02,24.2,89,1.12,1014
2026-07-15T18:54:42,Port Harcourt,4.8156,7.0498,31,Good,4.18,11.3,231.06,0.1,0.23,66.3,24.69,89,3.6,1015
2026-07-15T18:54:43,Kano,12.0022,8.592,83,Moderate,27.36,46.83,756.31,10.35,2.05,23.5,32.33,43,4.38,1010
2026-07-15T18:54:43,Ibadan,7.3775,3.947,30,Good,5.14,12.99,264.21,1.38,0.67,63.4,22.67,98,1.8,1015
2026-07-15T18:54:44,Kaduna,10.5222,7.4383,31,Good,7.48,9.69,435.15,2.33,0.25,31.68,23.17,90,2.5,1014
2026-07-15T18:54:44,Ogun (Ode-Remo),6.85,3.6167,33,Good,2.7,7.99,181.39,0.06,0.18,69.86,23.93,93,2.34,1015
2026-07-15T20:02:13,Lagos,6.5244,3.3792,35,Good,3.13,9.19,172.82,0.07,0.23,74.37,25.81,83,5.87,1016
2026-07-15T20:02:14,Abuja,9.0765,7.3986,43,Good,10.27,15.54,447.34,2.96,0.56,23.68,23.66,91,1.48,1014
2026-07-15T20:02:15,Port Harcourt,4.8156,7.0498,31,Good,4.18,11.4,231.96,0.1,0.23,65.79,24.53,90,3.24,1016
2026-07-15T20:02:16,Kano,12.0022,8.592,87,Moderate,29.16,50.79,777.44,9.82,2.09,21.92,31.77,46,4.8,1011
2026-07-15T20:02:16,Ibadan,7.3775,3.947,30,Good,5.42,14.28,266.17,1.31,0.71,64.37,22.48,98,1.72,1016
2026-07-15T20:02:17,Kaduna,10.5222,7.4383,33,Good,7.97,10.31,444.42,2.44,0.25,30.04,22.87,92,2.85,1014
2026-07-15T20:02:18,Ogun (Ode-Remo),6.85,3.6167,34,Good,2.8,8.66,178.36,0.06,0.2,71.29,23.66,95,1.81,1016
2026-07-15T21:47:42,Lagos,6.5244,3.3792,36,Good,3.35,9.71,175.54,0.06,0.23,76.37,25.74,83,5.9,1016
2026-07-15T21:47:42,Abuja,9.0765,7.3986,52,Moderate,12.48,18.87,490.27,3.19,0.52,18.14,23.13,94,1.1,1016
2026-07-15T21:47:43,Port Harcourt,4.8156,7.0498,31,Good,4.18,11.52,229.5,0.1,0.23,65.15,24.36,91,2.53,1016
2026-07-15T21:47:43,Kano,12.0022,8.592,82,Moderate,26.77,44.02,721.28,7.04,1.49,20.48,29.48,56,4.95,1013
2026-07-15T21:47:44,Ibadan,7.3775,3.947,31,Good,5.54,15.05,260.99,1.19,0.71,66.35,22.21,98,1.96,1017
2026-07-15T21:47:44,Kaduna,10.5222,7.4383,36,Good,8.7,10.92,451.28,2.5,0.24,26.18,22.53,95,2.2,1016
2026-07-15T21:47:45,Ogun (Ode-Remo),6.85,3.6167,35,Good,3.01,9.19,176.84,0.06,0.21,73.89,23.52,95,1.94,1016
2026-07-15T22:48:46,Lagos,6.5244,3.3792,36,Good,3.53,9.95,176.99,0.06,0.24,76.84,25.5,84,5.9,1016
2026-07-15T22:48:46,Abuja,9.0765,7.3986,53,Moderate,13.06,18.86,497.73,3.08,0.42,15.77,22.56,96,0.55,1016
2026-07-15T22:48:46,Port Harcourt,4.8156,7.0498,31,Good,4.15,11.45,226.83,0.1,0.22,65.16,24.29,91,2.55,1016
2026-07-15T22:48:47,Kano,12.0022,8.592,79,Moderate,25.2,40.24,684.03,6.15,1.32,20.64,28.08,63,6.03,1013
2026-07-15T22:48:47,Ibadan,7.3775,3.947,32,Good,5.03,13.93,245.48,0.99,0.62,67.37,21.94,99,1.76,1017
2026-07-15T22:48:47,Kaduna,10.5222,7.4383,36,Good,8.7,10.6,449.44,2.45,0.19,24.43,22.35,96,2.27,1015
2026-07-15T22:48:48,Ogun (Ode-Remo),6.85,3.6167,35,Good,3.19,9.3,178.28,0.06,0.22,74.97,23.39,95,1.9,1016
2026-07-15T23:50:12,Lagos,6.5244,3.3792,36,Good,3.68,10.17,178.1,0.06,0.24,77.01,25.28,86,5.2,1015
2026-07-15T23:50:12,Abuja,9.0765,7.3986,54,Moderate,13.5,18.32,501.33,2.88,0.35,13.91,22.26,96,0.66,1015
2026-07-15T23:50:13,Port Harcourt,4.8156,7.0498,31,Good,4.1,11.28,223.27,0.1,0.22,65.33,24.23,92,2.72,1015
2026-07-15T23:50:14,Kano,12.0022,8.592,75,Moderate,23.5,35.72,649.36,5.29,1.26,21.64,26.57,72,5.25,1013
2026-07-15T23:50:14,Ibadan,7.3775,3.947,32,Good,4.79,13.28,235.28,0.82,0.57,68.11,21.83,99,1.6,1016
2026-07-15T23:50:15,Kaduna,10.5222,7.4383,36,Good,8.56,10.12,445.98,2.29,0.15,23.33,21.81,96,1.82,1015
2026-07-15T23:50:15,Ogun (Ode-Remo),6.85,3.6167,36,Good,3.44,9.58,180.08,0.06,0.22,75.58,23.07,97,1.48,1016
2026-07-16T01:42:08,Lagos,6.5244,3.3792,36,Good,3.6,8.87,180.79,0.05,0.21,77.1,24.78,88,4.48,1014
2026-07-16T01:42:09,Abuja,9.0765,7.3986,56,Moderate,14.43,18.67,508.87,2.47,0.29,12.81,21.7,97,0.91,1014
2026-07-16T01:42:09,Port Harcourt,4.8156,7.0498,31,Good,4.04,10.59,213.35,0.09,0.21,65.9,23.91,93,2.09,1014
2026-07-16T01:42:10,Kano,12.0022,8.592,65,Moderate,18.77,23.73,580.6,3.57,0.81,23.2,26.48,72,4.64,1012
2026-07-16T01:42:11,Ibadan,7.3775,3.947,33,Good,4.8,12.44,229.19,0.65,0.53,68.95,22.03,98,1.68,1015
2026-07-16T01:42:11,Kaduna,10.5222,7.4383,36,Good,8.63,9.95,444.31,2.04,0.12,18.76,21.53,96,1.73,1014
2026-07-16T01:42:12,Ogun (Ode-Remo),6.85,3.6167,36,Good,3.83,9.43,183.8,0.06,0.22,76.27,23.12,97,1.44,1014
2026-07-16T04:50:45,Lagos,6.5244,3.3792,36,Good,3.08,7.08,181.16,0.05,0.18,76.57,24.52,88,4.12,1015
2026-07-16T04:50:46,Abuja,9.0765,7.3986,54,Moderate,13.64,17.61,505.16,2.13,0.31,16.23,21.37,99,1.53,1016
2026-07-16T04:50:47,Port Harcourt,4.8156,7.0498,31,Good,4.14,10.48,202.41,0.08,0.22,66.53,23.81,93,1.55,1015
2026-07-16T04:50:47,Kano,12.0022,8.592,57,Moderate,15.05,18.16,551.25,2.84,0.52,21.65,25.42,76,3.98,1013
2026-07-16T04:50:48,Ibadan,7.3775,3.947,32,Good,4.44,9.39,243.75,0.78,0.53,68.41,21.99,98,1.46,1016
2026-07-16T04:50:49,Kaduna,10.5222,7.4383,38,Good,9.23,10.85,455.49,2.04,0.13,13.72,21.46,96,1.71,1015
2026-07-16T04:50:50,Ogun (Ode-Remo),6.85,3.6167,36,Good,3.09,6.51,190.5,0.06,0.18,75.72,23.1,97,1.49,1016
2026-07-16T07:15:23,Lagos,6.5244,3.3792,36,Good,2.95,6.54,172.17,0.06,0.18,76.07,24.61,87,3.44,1017
2026-07-16T07:15:23,Abuja,9.0765,7.3986,58,Moderate,15.36,21.27,563.09,2.86,0.46,14.45,22.55,95,2.95,1017
2026-07-16T07:15:24,Port Harcourt,4.8156,7.0498,31,Good,3.98,9.51,201.47,0.09,0.22,65.31,24.35,92,2.64,1016
2026-07-16T07:15:25,Kano,12.0022,8.592,63,Moderate,17.75,25.15,627.85,4.38,0.9,18.66,27.7,63,4.88,1015
2026-07-16T07:15:25,Ibadan,7.3775,3.947,31,Good,6.22,12.85,310.32,2.04,0.82,66.41,22.39,95,2.02,1017
2026-07-16T07:15:26,Kaduna,10.5222,7.4383,41,Good,9.77,12.4,472.88,2.63,0.23,15.03,22.36,95,3.45,1016
2026-07-16T07:15:27,Ogun (Ode-Remo),6.85,3.6167,36,Good,2.68,5.74,190.42,0.09,0.18,75.84,23.52,94,1.99,1017
2026-07-16T09:56:15,Lagos,6.5244,3.3792,35,Good,3.2,7.05,152.37,0.08,0.27,73.52,26.75,76,4.6,1017
2026-07-16T09:56:15,Abuja,9.0765,7.3986,61,Moderate,17.05,22.24,601.36,1.39,0.45,39.11,25.29,84,0.81,1018
2026-07-16T09:56:15,Port Harcourt,4.8156,7.0498,30,Good,3.88,8.37,192.44,0.08,0.21,63.84,25.99,84,3.51,1017
2026-07-16T09:56:15,Kano,12.0022,8.592,61,Moderate,16.92,26.66,558.26,2.01,1.19,40.36,32.63,45,4.42,1014
2026-07-16T09:56:16,Ibadan,7.3775,3.947,31,Good,7,13.37,334.21,2.01,0.98,65.82,25.07,82,2.78,1017
2026-07-16T09:56:16,Kaduna,10.5222,7.4383,42,Good,10.08,11.37,511.09,1.42,0.13,33.47,26.09,76,3.55,1017
2026-07-16T09:56:16,Ogun (Ode-Remo),6.85,3.6167,35,Good,3.13,6.64,182.27,0.2,0.3,73.39,27.12,76,2.8,1017
2026-07-16T11:28:01,Lagos,6.5244,3.3792,34,Good,3.21,6.9,146.98,0.09,0.29,72.88,26.78,77,5.01,1016
2026-07-16T11:28:01,Abuja,9.0765,7.3986,61,Moderate,16.97,22.41,582.94,1.31,0.42,41.8,26.05,81,2.12,1016
2026-07-16T11:28:01,Port Harcourt,4.8156,7.0498,30,Good,3.81,7.49,185.67,0.07,0.2,63.53,25.88,84,3.84,1016
2026-07-16T11:28:02,Kano,12.0022,8.592,58,Moderate,15.38,23.63,487.74,1.08,1,47.99,33.83,41,3.81,1013
2026-07-16T11:28:02,Ibadan,7.3775,3.947,31,Good,6.89,12.84,319.58,1.72,1,65.99,25.74,79,2.55,1017
2026-07-16T11:28:03,Kaduna,10.5222,7.4383,37,Good,8.91,9.85,502.95,1.06,0.1,39.14,26.53,73,3.1,1016
2026-07-16T11:28:03,Ogun (Ode-Remo),6.85,3.6167,34,Good,3.51,7.03,179.65,0.28,0.38,71.67,27.42,75,2.41,1016
2026-07-16T13:19:20,Lagos,6.5244,3.3792,34,Good,2.86,7.51,148.65,0.06,0.24,72.53,26.86,78,6.43,1015
2026-07-16T13:19:20,Abuja,9.0765,7.3986,52,Moderate,12.59,15.82,528.97,1.39,0.43,35.66,23.9,88,0.89,1015
2026-07-16T13:19:20,Port Harcourt,4.8156,7.0498,30,Good,3.69,6.51,176.66,0.06,0.18,63.28,23.82,95,3.38,1015
2026-07-16T13:19:20,Kano,12.0022,8.592,36,Good,8.76,13.25,399.95,1.15,0.66,45.83,34.95,36,3.07,1011
2026-07-16T13:19:21,Ibadan,7.3775,3.947,32,Good,5.64,10.71,270.01,1.73,0.9,66.97,27.59,74,2.42,1014
2026-07-16T13:19:21,Kaduna,10.5222,7.4383,53,Moderate,13.11,14.48,567.06,1.48,0.13,33.33,28.08,65,2.74,1014
2026-07-16T13:19:21,Ogun (Ode-Remo),6.85,3.6167,34,Good,2.78,6.16,161.11,0.14,0.31,72.54,27.16,81,2.5,1015
2026-07-16T15:26:00,Lagos,6.5244,3.3792,35,Good,3.28,8.61,147.23,0.08,0.25,73.2,26.88,78,7.57,1014
2026-07-16T15:26:01,Abuja,9.0765,7.3986,51,Moderate,12.32,15.25,519.07,1.45,0.42,37.25,25.41,79,1.05,1013
2026-07-16T15:26:01,Port Harcourt,4.8156,7.0498,30,Good,3.48,5.87,163.91,0.06,0.16,63.94,22.9,97,4.03,1014
2026-07-16T15:26:02,Kano,12.0022,8.592,51,Moderate,12.31,18.28,437.16,1.99,0.68,44.45,31.38,47,2.84,1011
2026-07-16T15:26:03,Ibadan,7.3775,3.947,32,Good,5.01,9.78,250.78,1.45,0.86,67.65,26.34,84,2.67,1013
2026-07-16T15:26:03,Kaduna,10.5222,7.4383,49,Good,11.65,12.83,528.7,1.25,0.11,38.15,28.2,65,2.37,1013
2026-07-16T15:26:04,Ogun (Ode-Remo),6.85,3.6167,35,Good,3.25,7.48,162.59,0.17,0.39,73.55,26.52,85,2.67,1014
2026-07-16T17:03:01,Lagos,6.5244,3.3792,35,Good,3.49,11.17,145.77,0.09,0.28,74.62,26.33,79,7.1,1014
2026-07-16T17:03:02,Abuja,9.0765,7.3986,52,Moderate,12.7,16.23,534.05,2.01,0.48,33.55,24.76,85,1.09,1013
2026-07-16T17:03:02,Port Harcourt,4.8156,7.0498,31,Good,3.4,5.69,157.71,0.08,0.16,64.75,22.63,96,2.89,1015
2026-07-16T17:03:02,Kano,12.0022,8.592,59,Moderate,15.7,23.74,506.6,4.06,0.85,39.16,25.79,78,5.4,1011
2026-07-16T17:03:02,Ibadan,7.3775,3.947,32,Good,5.49,11.9,240.06,1.62,0.9,68.67,24.6,92,2.06,1014
2026-07-16T17:03:02,Kaduna,10.5222,7.4383,54,Moderate,13.72,16.16,553.64,2.57,0.24,27.13,26.06,77,3.26,1012
2026-07-16T17:03:03,Ogun (Ode-Remo),6.85,3.6167,36,Good,3.92,10.22,159.05,0.22,0.44,75.59,25.07,90,2.8,1014
2026-07-16T18:55:29,Lagos,6.5244,3.3792,36,Good,3.46,12.28,142.98,0.1,0.31,75.17,25.79,82,6.15,1015
2026-07-16T18:55:29,Abuja,9.0765,7.3986,54,Moderate,13.72,18.37,551.04,2.53,0.53,29.61,22.85,91,0.83,1014
2026-07-16T18:55:29,Port Harcourt,4.8156,7.0498,31,Good,3.44,5.87,155.6,0.08,0.16,65.24,22.96,97,3.07,1016
2026-07-16T18:55:30,Kano,12.0022,8.592,69,Moderate,20.5,32.85,602.53,5.73,1.06,32.49,25.68,75,2.5,1013
2026-07-16T18:55:30,Ibadan,7.3775,3.947,33,Good,6.7,15.44,258.59,1.83,0.98,69.13,22.74,95,2.3,1015
2026-07-16T18:55:30,Kaduna,10.5222,7.4383,60,Moderate,16.46,20.68,592.54,3.46,0.38,19.92,23.09,91,1.6,1014
2026-07-16T18:55:31,Ogun (Ode-Remo),6.85,3.6167,36,Good,3.86,11.91,155.22,0.23,0.42,76.31,23.86,94,2.25,1015
2026-07-16T19:56:21,Lagos,6.5244,3.3792,36,Good,3.33,11.77,142.15,0.09,0.31,75.43,25.7,82,5.73,1016
2026-07-16T19:56:21,Abuja,9.0765,7.3986,56,Moderate,14.69,19.73,567.34,2.78,0.52,26.47,22.27,93,0.8,1015
2026-07-16T19:56:21,Port Harcourt,4.8156,7.0498,31,Good,3.46,6.08,153.84,0.08,0.16,65.35,23,97,3.49,1016
2026-07-16T19:56:22,Kano,12.0022,8.592,76,Moderate,23.75,39.74,659.85,6.36,1.18,28.05,22.79,87,3.98,1015
2026-07-16T19:56:22,Ibadan,7.3775,3.947,33,Good,7.13,17.21,269.22,1.87,1.01,68.83,22.51,97,0.75,1016
2026-07-16T19:56:23,Kaduna,10.5222,7.4383,63,Moderate,17.65,22.05,605.99,3.3,0.36,19.25,22.85,93,2.03,1014
2026-07-16T19:56:23,Ogun (Ode-Remo),6.85,3.6167,36,Good,3.73,12.35,154.42,0.22,0.41,76.42,23.69,93,2.52,1016
2026-07-16T20:48:44,Lagos,6.5244,3.3792,36,Good,3.23,11.26,141.33,0.09,0.31,75.39,25.59,82,6.02,1016
2026-07-16T20:48:44,Abuja,9.0765,7.3986,59,Moderate,15.68,20.67,587.6,2.97,0.49,23.25,22.03,94,0.9,1016
2026-07-16T20:48:44,Port Harcourt,4.8156,7.0498,31,Good,3.55,6.28,151.42,0.08,0.17,65.43,22.98,97,3.4,1017
2026-07-16T20:48:45,Kano,12.0022,8.592,81,Moderate,26.35,45.45,704.76,6.71,1.25,24.29,23.72,89,3.41,1015
2026-07-16T20:48:45,Ibadan,7.3775,3.947,32,Good,7.51,18.32,277.86,1.9,1.04,68.48,22.22,99,1.69,1016
2026-07-16T20:48:45,Kaduna,10.5222,7.4383,65,Moderate,18.58,22.53,614.25,2.94,0.31,21.13,22.79,93,1.41,1016
2026-07-16T20:48:46,Ogun (Ode-Remo),6.85,3.6167,36,Good,3.65,12.26,153.62,0.21,0.41,76.54,23.59,93,2.59,1016
2026-07-16T21:55:43,Lagos,6.5244,3.3792,36,Good,3.09,9.98,141.22,0.09,0.29,75.27,25.36,83,6.11,1017
2026-07-16T21:55:44,Abuja,9.0765,7.3986,60,Moderate,16.52,21.28,600.62,3.14,0.45,19.2,22.05,95,1.02,1017
2026-07-16T21:55:44,Port Harcourt,4.8156,7.0498,31,Good,3.62,6.62,148.13,0.08,0.17,65.54,23.04,97,3.21,1017
2026-07-16T21:55:45,Kano,12.0022,8.592,83,Moderate,27.45,47.82,720.97,6.73,1.21,21.29,24.95,75,4.45,1015
2026-07-16T21:55:45,Ibadan,7.3775,3.947,32,Good,7.58,18.32,279.71,1.91,1.03,67.77,22.29,99,2.27,1017
2026-07-16T21:55:46,Kaduna,10.5222,7.4383,61,Moderate,16.79,19.07,581.51,2.2,0.2,29.87,22.48,94,2.11,1016
2026-07-16T21:55:47,Ogun (Ode-Remo),6.85,3.6167,36,Good,3.57,11.91,153.14,0.21,0.42,76.27,23.38,95,1.1,1017
2026-07-16T22:49:18,Lagos,6.5244,3.3792,36,Good,2.92,8.46,141.64,0.08,0.27,75.16,25.21,84,5.9,1017
2026-07-16T22:49:18,Abuja,9.0765,7.3986,61,Moderate,16.99,21.49,609.13,3.16,0.39,15.56,21.98,95,1.16,1017
2026-07-16T22:49:18,Port Harcourt,4.8156,7.0498,31,Good,3.62,6.85,144.98,0.08,0.18,65.81,23.06,96,3.16,1017
2026-07-16T22:49:19,Kano,12.0022,8.592,81,Moderate,26.49,45.57,703.68,6.29,1.01,19.11,25.45,73,3.64,1014
2026-07-16T22:49:19,Ibadan,7.3775,3.947,32,Good,7.18,17.13,271.08,1.8,0.96,67,22.23,99,2.36,1017
2026-07-16T22:49:19,Kaduna,10.5222,7.4383,60,Moderate,16.28,17.97,582.22,2.04,0.15,30.48,22.14,95,1.18,1016
2026-07-16T22:49:20,Ogun (Ode-Remo),6.85,3.6167,36,Good,3.49,11.27,153.18,0.21,0.42,75.98,23.09,97,0.76,1017
2026-07-16T23:49:11,Lagos,6.5244,3.3792,36,Good,2.73,7.41,143.3,0.08,0.25,75.27,24.83,87,4.95,1016
2026-07-16T23:49:11,Abuja,9.0765,7.3986,62,Moderate,17.16,21.45,609.19,3.01,0.35,13.36,21.88,93,0.4,1017
2026-07-16T23:49:12,Port Harcourt,4.8156,7.0498,31,Good,3.51,6.86,142.42,0.07,0.18,65.91,23.17,96,2.68,1016
2026-07-16T23:49:12,Kano,12.0022,8.592,78,Moderate,24.96,42.13,679.05,5.73,0.84,17.12,27.14,66,2.22,1014
2026-07-16T23:49:13,Ibadan,7.3775,3.947,31,Good,6.94,16.33,265.17,1.68,0.93,66.03,22.18,99,1.5,1017
2026-07-16T23:49:13,Kaduna,10.5222,7.4383,60,Moderate,16.17,17.55,590.79,1.96,0.12,29.48,22.23,91,2,1016
2026-07-16T23:49:14,Ogun (Ode-Remo),6.85,3.6167,36,Good,3.44,10.63,152.69,0.21,0.43,75.62,23.06,99,0.97,1016
2026-07-17T01:45:08,Lagos,6.5244,3.3792,36,Good,2.28,5.66,152.71,0.08,0.22,75.95,23.71,97,4.18,1014
2026-07-17T01:45:08,Abuja,9.0765,7.3986,62,Moderate,17.44,21.4,610.32,2.72,0.32,11.73,21.23,96,1.12,1015
2026-07-17T01:45:08,Port Harcourt,4.8156,7.0498,31,Good,3.29,6.6,139.6,0.07,0.18,65.31,23,96,2.42,1015
2026-07-17T01:45:08,Kano,12.0022,8.592,70,Moderate,21.02,33.34,616.41,4.74,0.72,13.82,26.79,68,1.25,1014
2026-07-17T01:45:09,Ibadan,7.3775,3.947,31,Good,6.34,11.97,258.12,1.47,0.85,64.68,22.02,99,1.35,1015
2026-07-17T01:45:09,Kaduna,10.5222,7.4383,60,Moderate,16.19,17.44,601.42,1.83,0.11,24.62,21.41,94,1.52,1015
2026-07-17T01:45:09,Ogun (Ode-Remo),6.85,3.6167,36,Good,2.86,6.14,153.55,0.21,0.39,75.38,22.96,98,1.95,1015
2026-07-17T04:53:59,Lagos,6.5244,3.3792,36,Good,2.07,4.87,165.11,0.08,0.24,77.23,24.02,92,3.98,1015
2026-07-17T04:54:00,Abuja,9.0765,7.3986,61,Moderate,16.63,19.42,614.23,2.69,0.32,14.32,20.83,98,1.62,1016
2026-07-17T04:54:00,Port Harcourt,4.8156,7.0498,31,Good,3.18,6.49,133.03,0.07,0.19,64.62,22.96,98,2.06,1015
2026-07-17T04:54:01,Kano,12.0022,8.592,47,Good,11.2,16.17,462.34,2.89,0.71,16.82,25.28,75,7.04,1013
2026-07-17T04:54:02,Ibadan,7.3775,3.947,31,Good,5.91,10.02,255.77,1.4,0.76,64.96,21.86,99,1.4,1015
2026-07-17T04:54:02,Kaduna,10.5222,7.4383,60,Moderate,16.49,18,611.01,1.77,0.12,19.43,20.95,97,1.97,1016
2026-07-17T04:54:03,Ogun (Ode-Remo),6.85,3.6167,36,Good,2.57,4.82,162.08,0.18,0.32,76.68,22.76,98,1.38,1015
2026-07-17T07:10:29,Lagos,6.5244,3.3792,37,Good,2.11,4.81,163.54,0.09,0.25,77.93,24.17,89,4.09,1016
2026-07-17T07:10:29,Abuja,9.0765,7.3986,62,Moderate,17.45,21.24,654.45,3.28,0.45,14.35,22.26,91,1.83,1017
2026-07-17T07:10:29,Port Harcourt,4.8156,7.0498,31,Good,2.93,5.56,129.24,0.07,0.17,64.97,22.83,98,1.27,1016
2026-07-17T07:10:30,Kano,12.0022,8.592,50,Good,11.98,19.68,505.4,3.63,1,15.51,25.35,70,4.74,1016
2026-07-17T07:10:31,Ibadan,7.3775,3.947,33,Good,8.03,14.2,316.91,2.67,1.07,64.32,22.38,96,1.85,1017
2026-07-17T07:10:31,Kaduna,10.5222,7.4383,62,Moderate,17.13,20,632.96,2.55,0.24,17.45,21.88,85,2.16,1017
2026-07-17T07:10:32,Ogun (Ode-Remo),6.85,3.6167,37,Good,2.43,4.46,166.95,0.2,0.33,77.56,23.32,95,1.9,1016
2026-07-17T09:46:41,Lagos,6.5244,3.3792,37,Good,2.2,4.56,157.74,0.1,0.27,78.03,24.34,89,4.98,1017
2026-07-17T09:46:41,Abuja,9.0765,7.3986,61,Moderate,16.91,20.37,666.94,2.1,0.42,29.82,25.38,77,2.28,1016
2026-07-17T09:46:42,Port Harcourt,4.8156,7.0498,32,Good,2.87,5.43,128.96,0.07,0.16,67.02,22.97,99,2.43,1016
2026-07-17T09:46:42,Kano,12.0022,8.592,39,Good,9.32,15.88,420.18,1.55,0.86,37.24,30.58,48,3.91,1015
2026-07-17T09:46:42,Ibadan,7.3775,3.947,39,Good,9.39,16.63,353.96,2.72,1.15,64.23,24.8,86,2.69,1017
2026-07-17T09:46:42,Kaduna,10.5222,7.4383,47,Good,11.17,12.84,497.68,1.01,0.13,36.77,26.75,64,2.85,1016
2026-07-17T09:46:43,Ogun (Ode-Remo),6.85,3.6167,36,Good,2.55,4.48,166.84,0.23,0.3,76.45,23.66,93,2.11,1017
2026-07-17T11:14:36,Lagos,6.5244,3.3792,37,Good,2.23,4.75,156.28,0.09,0.28,77.63,24.11,90,5.05,1016
2026-07-17T11:14:36,Abuja,9.0765,7.3986,59,Moderate,15.68,18.9,644.91,1.76,0.41,34.59,25.6,75,2.15,1016
2026-07-17T11:14:37,Port Harcourt,4.8156,7.0498,32,Good,2.88,5.25,130.53,0.06,0.16,67.44,22.9,99,2.24,1016
2026-07-17T11:14:37,Kano,12.0022,8.592,29,Good,7.05,12.43,370.94,1.25,0.69,37.91,32,43,3.12,1014
2026-07-17T11:14:37,Ibadan,7.3775,3.947,36,Good,8.7,15.27,341.73,2.29,1.1,65.21,25.03,87,2.52,1016
2026-07-17T11:14:38,Kaduna,10.5222,7.4383,34,Good,8.07,9.2,429.91,0.72,0.1,39.44,28.1,59,2.5,1015
2026-07-17T11:14:38,Ogun (Ode-Remo),6.85,3.6167,36,Good,2.58,4.59,167.16,0.2,0.3,76.05,24.02,92,2.36,1016
2026-07-17T13:03:44,Lagos,6.5244,3.3792,36,Good,2.38,5.12,154.56,0.08,0.26,75.9,24.4,88,6.19,1015
2026-07-17T13:03:44,Abuja,9.0765,7.3986,46,Good,11.1,13.26,559.48,1.24,0.31,41.14,27.52,67,1.08,1014
2026-07-17T13:03:45,Port Harcourt,4.8156,7.0498,32,Good,2.8,4.73,135.72,0.05,0.14,68.03,22.63,98,2.24,1015
2026-07-17T13:03:45,Kano,12.0022,8.592,32,Good,7.59,13.45,371.24,1.52,0.71,39.08,34.26,34,2.8,1011
2026-07-17T13:03:46,Ibadan,7.3775,3.947,32,Good,6.88,11.98,295.45,1.5,0.91,67.72,25.34,84,2.7,1015
2026-07-17T13:03:46,Kaduna,10.5222,7.4383,27,Good,6.55,7.49,387.8,0.6,0.08,39.74,29.85,52,1.82,1013
2026-07-17T13:03:47,Ogun (Ode-Remo),6.85,3.6167,36,Good,2.78,5.47,170.39,0.16,0.3,75.23,24.65,89,2.97,1015
2026-07-17T15:05:35,Lagos,6.5244,3.3792,35,Good,3.34,10.85,146.32,0.09,0.43,73.63,24.74,85,5.79,1014
2026-07-17T15:05:36,Abuja,9.0765,7.3986,54,Moderate,13.44,19.35,557.47,2.89,0.47,23.89,27.63,67,1.11,1012
2026-07-17T15:05:36,Port Harcourt,4.8156,7.0498,32,Good,2.28,3.72,135.26,0.07,0.13,68.13,22.82,97,3.28,1014
2026-07-17T15:05:38,Kano,12.0022,8.592,37,Good,8.97,14.83,351.06,1.47,0.63,41.59,35.36,30,1.82,1009
2026-07-17T15:05:39,Ibadan,7.3775,3.947,35,Good,8.35,15.26,295.74,1.54,1.02,70.54,24.4,89,2.49,1013
2026-07-17T15:05:40,Kaduna,10.5222,7.4383,47,Good,11.28,13.08,419.08,1.65,0.16,40.11,29.04,56,3.17,1012
2026-07-17T15:05:40,Ogun (Ode-Remo),6.85,3.6167,35,Good,4.01,9.86,164.22,0.2,0.45,74.77,24.86,88,3.07,1014
2026-07-17T16:59:32,Lagos,6.5244,3.3792,34,Good,3.48,12.2,139.53,0.11,0.43,72.76,24.94,83,5.16,1014
2026-07-17T16:59:33,Abuja,9.0765,7.3986,59,Moderate,15.68,23.11,607.58,4.35,0.59,19.87,24.88,84,1.79,1013
2026-07-17T16:59:34,Port Harcourt,4.8156,7.0498,33,Good,2.39,3.87,134.54,0.09,0.13,68.86,22.82,97,3.29,1015
2026-07-17T16:59:34,Kano,12.0022,8.592,56,Moderate,14.41,23.55,455.5,4.07,0.93,32.5,34.78,31,1.28,1009
2026-07-17T16:59:35,Ibadan,7.3775,3.947,34,Good,8.21,18.32,288.05,2.21,1.14,67.8,23.1,94,2.04,1014
2026-07-17T16:59:36,Kaduna,10.5222,7.4383,52,Moderate,12.73,15.99,460.44,3.43,0.3,27.23,24.19,81,2.63,1013
2026-07-17T16:59:37,Ogun (Ode-Remo),6.85,3.6167,35,Good,4.19,11.79,159.89,0.23,0.51,74.5,23.79,91,2.25,1014
2026-07-17T18:06:19,Lagos,6.5244,3.3792,34,Good,3.52,12.72,135.8,0.12,0.41,72.52,24.9,83,4.75,1015
2026-07-17T18:06:20,Abuja,9.0765,7.3986,60,Moderate,16.3,23.49,619.61,4.06,0.56,19.86,23.22,89,1.76,1014
2026-07-17T18:06:21,Port Harcourt,4.8156,7.0498,33,Good,2.46,3.95,133.1,0.1,0.13,69.18,22.69,96,3.09,1016
2026-07-17T18:06:21,Kano,12.0022,8.592,63,Moderate,17.96,29.28,529.05,5.75,1.1,26.71,32.95,36,1.39,1010
2026-07-17T18:06:22,Ibadan,7.3775,3.947,37,Good,8.93,21.09,298.43,2.48,1.25,66.52,22.36,97,1.93,1015
2026-07-17T18:06:23,Kaduna,10.5222,7.4383,55,Moderate,13.78,18.12,476.59,3.59,0.35,24.01,23.09,87,2.47,1014
2026-07-17T18:06:23,Ogun (Ode-Remo),6.85,3.6167,35,Good,4.21,12.71,155.64,0.22,0.52,74.12,23.33,92,2.05,1015
2026-07-17T19:58:38,Lagos,6.5244,3.3792,34,Good,3.41,12.43,131.1,0.1,0.33,72.72,24.96,84,4.11,1016
2026-07-17T19:58:38,Abuja,9.0765,7.3986,60,Moderate,16.58,21.71,632.4,3.38,0.51,21.41,23,91,1.63,1015
2026-07-17T19:58:39,Port Harcourt,4.8156,7.0498,33,Good,2.55,4,131.7,0.11,0.13,69.98,22.89,97,3.45,1017
2026-07-17T19:58:39,Kano,12.0022,8.592,78,Moderate,24.72,38.85,662.26,7.16,1.26,19.23,30.48,45,2.29,1011
2026-07-17T19:58:40,Ibadan,7.3775,3.947,40,Good,9.57,24.11,297.43,2.2,1.28,65.67,22.09,98,1.46,1016
2026-07-17T19:58:40,Kaduna,10.5222,7.4383,58,Moderate,15.64,20.22,498.18,3.16,0.33,22.92,22.45,88,3.16,1014
2026-07-17T19:58:41,Ogun (Ode-Remo),6.85,3.6167,35,Good,4.02,13.45,147.29,0.16,0.45,73.13,22.89,96,1.22,1016
2026-07-17T20:53:11,Lagos,6.5244,3.3792,35,Good,3.33,11.81,130.62,0.09,0.3,73.05,24.91,84,4.06,1016
2026-07-17T20:53:11,Abuja,9.0765,7.3986,62,Moderate,17.2,21.76,648.28,3.26,0.49,20.6,22.58,93,1.91,1016
2026-07-17T20:53:12,Port Harcourt,4.8156,7.0498,33,Good,2.54,3.9,132.41,0.11,0.12,70.14,22.68,96,3.66,1017
2026-07-17T20:53:12,Kano,12.0022,8.592,85,Moderate,28.14,43.19,721.88,7.41,1.28,16.75,28.88,53,5.02,1013
2026-07-17T20:53:13,Ibadan,7.3775,3.947,38,Good,9.23,23.89,283.2,1.92,1.2,65.79,21.96,98,1.4,1017
2026-07-17T20:53:13,Kaduna,10.5222,7.4383,59,Moderate,16.1,19.97,508.6,3.13,0.28,23.17,22.26,89,2.45,1015
2026-07-17T20:53:14,Ogun (Ode-Remo),6.85,3.6167,34,Good,3.9,13.29,143.84,0.14,0.4,72.87,22.81,96,1.24,1017
2026-07-17T21:41:54,Lagos,6.5244,3.3792,35,Good,3.24,11.04,132.42,0.08,0.27,73.22,24.73,86,4.28,1017
2026-07-17T21:41:55,Abuja,9.0765,7.3986,62,Moderate,17.16,20.84,644.74,3,0.44,19.87,22.22,95,1.75,1016
2026-07-17T21:41:56,Port Harcourt,4.8156,7.0498,33,Good,2.52,3.91,134.19,0.11,0.12,69.94,22.56,95,3.41,1017
2026-07-17T21:41:56,Kano,12.0022,8.592,88,Moderate,29.66,44.31,740.6,7.19,1.16,15.18,27.95,58,4.62,1013
2026-07-17T21:41:57,Ibadan,7.3775,3.947,36,Good,8.52,22.73,263.49,1.69,1.07,65.74,21.76,98,1.43,1017
2026-07-17T21:41:58,Kaduna,10.5222,7.4383,58,Moderate,15.53,18.11,503.65,3.04,0.21,24.72,22.06,90,2.03,1016
2026-07-17T21:41:59,Ogun (Ode-Remo),6.85,3.6167,34,Good,3.73,12.81,141.04,0.12,0.35,72.74,22.77,96,1.22,1017
2026-07-17T22:38:57,Lagos,6.5244,3.3792,35,Good,3.17,10.44,135.08,0.08,0.24,73.14,24.47,87,4.71,1016
2026-07-17T22:38:58,Abuja,9.0765,7.3986,62,Moderate,17.54,20.73,653.73,2.96,0.38,17.22,22.05,96,1.79,1016
2026-07-17T22:38:58,Port Harcourt,4.8156,7.0498,33,Good,2.53,4.01,134.68,0.11,0.13,69.66,22.49,96,2.95,1017
2026-07-17T22:38:58,Kano,12.0022,8.592,85,Moderate,28.41,40.79,710.75,6.3,0.89,15.13,27.5,61,5.22,1013
2026-07-17T22:38:59,Ibadan,7.3775,3.947,31,Good,7.45,20.64,239.29,1.42,0.89,65.44,21.67,98,1.57,1017
2026-07-17T22:38:59,Kaduna,10.5222,7.4383,58,Moderate,15.46,17.33,514.77,3.11,0.17,23.7,22.2,90,1.9,1016
2026-07-17T22:38:59,Ogun (Ode-Remo),6.85,3.6167,34,Good,3.58,12.19,140.33,0.1,0.31,72.5,22.62,96,1.23,1016
2026-07-17T23:42:27,Lagos,6.5244,3.3792,35,Good,3.13,10.16,136.33,0.07,0.23,73.38,24.45,86,4.25,1016
2026-07-17T23:42:28,Abuja,9.0765,7.3986,63,Moderate,17.77,20.53,660.62,2.88,0.32,14.81,21.65,97,1.81,1015
2026-07-17T23:42:28,Port Harcourt,4.8156,7.0498,33,Good,2.5,3.94,134.73,0.11,0.12,69.31,22.51,97,2.55,1016
2026-07-17T23:42:29,Kano,12.0022,8.592,81,Moderate,26.24,35.74,664.24,5.11,0.68,16.15,26.63,65,5.21,1013
2026-07-17T23:42:30,Ibadan,7.3775,3.947,31,Good,6.43,18.41,215.33,1.08,0.73,65.12,21.57,98,1.54,1016
2026-07-17T23:42:30,Kaduna,10.5222,7.4383,57,Moderate,15.18,16.51,523.15,3.01,0.13,22.42,21.99,90,1.71,1015
2026-07-17T23:42:31,Ogun (Ode-Remo),6.85,3.6167,34,Good,3.45,11.48,140.5,0.09,0.27,72.27,22.51,97,1.24,1016
2026-07-18T01:26:23,Lagos,6.5244,3.3792,35,Good,3.09,9.96,136.85,0.07,0.21,73.52,25,85,3.49,1015
2026-07-18T01:26:24,Abuja,9.0765,7.3986,63,Moderate,18.02,20.51,662.76,2.76,0.28,12.74,21.5,97,1.48,1015
2026-07-18T01:26:24,Port Harcourt,4.8156,7.0498,33,Good,2.47,3.88,134.96,0.1,0.11,69.03,22.44,97,0.27,1015
2026-07-18T01:26:24,Kano,12.0022,8.592,78,Moderate,24.88,32.69,629.66,4.27,0.61,17.15,25.91,67,4.87,1013
2026-07-18T01:26:25,Ibadan,7.3775,3.947,31,Good,5.73,16.75,198.53,0.84,0.62,64.86,21.48,98,1.43,1015
2026-07-18T01:26:25,Kaduna,10.5222,7.4383,56,Moderate,14.44,15.4,520.94,2.74,0.1,21.37,21.33,92,1.81,1015
2026-07-18T01:26:26,Ogun (Ode-Remo),6.85,3.6167,34,Good,3.35,10.87,141.19,0.08,0.25,72.11,22.85,96,0.93,1015
2026-07-18T04:39:14,Lagos,6.5244,3.3792,35,Good,2.94,9.52,139.8,0.05,0.19,74.63,24.71,86,2.71,1014
2026-07-18T04:39:14,Abuja,9.0765,7.3986,65,Moderate,18.9,21.04,673.27,2.59,0.23,7.53,21.19,98,0.8,1015
2026-07-18T04:39:14,Port Harcourt,4.8156,7.0498,32,Good,2.27,3.36,140.66,0.09,0.08,68.02,22.56,96,1.36,1015
2026-07-18T04:39:14,Kano,12.0022,8.592,75,Moderate,23.59,28.72,580.24,2.8,0.62,16.47,23.93,77,4.09,1013
2026-07-18T04:39:15,Ibadan,7.3775,3.947,30,Good,4.72,14.35,181.89,0.67,0.52,64.19,21.29,99,1.09,1015
2026-07-18T04:39:15,Kaduna,10.5222,7.4383,52,Moderate,12.73,13.42,531.89,1.95,0.08,17.18,20.43,97,2.84,1015
2026-07-18T04:39:15,Ogun (Ode-Remo),6.85,3.6167,34,Good,3.15,10.07,142.95,0.07,0.2,71.73,22.73,96,1.01,1014
2026-07-18T06:53:26,Lagos,6.5244,3.3792,35,Good,2.74,8.79,145.54,0.06,0.18,74.97,24.63,88,3.11,1015
2026-07-18T06:53:26,Abuja,9.0765,7.3986,68,Moderate,20.35,24.06,709.35,3.07,0.36,6.92,22.32,93,1.29,1016
2026-07-18T06:53:27,Port Harcourt,4.8156,7.0498,32,Good,2.26,3.3,150.99,0.1,0.07,67.77,23.26,95,0.54,1016
2026-07-18T06:53:27,Kano,12.0022,8.592,75,Moderate,23.58,30.03,599.65,2.99,0.82,18.29,26.02,65,5.11,1014
2026-07-18T06:53:28,Ibadan,7.3775,3.947,30,Good,6.31,17.67,233,1.64,0.75,62.94,22.06,97,1.47,1016
2026-07-18T06:53:28,Kaduna,10.5222,7.4383,52,Moderate,12.62,13.95,554.36,2.17,0.14,15.54,21.77,92,3.42,1016
2026-07-18T06:53:28,Ogun (Ode-Remo),6.85,3.6167,34,Good,3.01,9.61,146.24,0.07,0.18,72.39,22.86,97,0.91,1016
2026-07-18T08:42:53,Lagos,6.5244,3.3792,35,Good,2.47,7.71,154.71,0.05,0.16,73.97,24.84,86,2.72,1016
2026-07-18T08:42:54,Abuja,9.0765,7.3986,73,Moderate,22.63,27.27,730.58,2.29,0.37,18.76,24.35,85,1.75,1016
2026-07-18T08:42:54,Port Harcourt,4.8156,7.0498,32,Good,2.64,3.95,170.89,0.12,0.08,68.65,23.77,92,0.71,1017
2026-07-18T08:42:54,Kano,12.0022,8.592,73,Moderate,22.72,29.31,581.33,1.92,0.88,32.7,29.86,51,5.34,1014
2026-07-18T08:42:55,Ibadan,7.3775,3.947,30,Good,6.6,16.76,251.19,1.7,0.78,63.46,22.43,95,1.88,1017
2026-07-18T08:42:55,Kaduna,10.5222,7.4383,51,Moderate,12.31,13.85,558.27,1.83,0.15,20.22,24.32,79,3.09,1016
2026-07-18T08:42:55,Ogun (Ode-Remo),6.85,3.6167,34,Good,2.81,8.45,150.08,0.06,0.16,72.9,23.05,97,0.53,1016
2026-07-18T10:09:18,Lagos,6.5244,3.3792,35,Good,2.38,7.48,158.81,0.05,0.16,73.07,24.95,85,2.82,1016
2026-07-18T10:09:18,Abuja,9.0765,7.3986,68,Moderate,20.25,23.26,669.11,1.5,0.32,33.94,25.26,81,2.07,1016
2026-07-18T10:09:18,Port Harcourt,4.8156,7.0498,33,Good,2.9,4.37,177.51,0.11,0.08,69.1,24.25,89,0.35,1017
2026-07-18T10:09:19,Kano,12.0022,8.592,59,Moderate,16.11,20.54,494.45,1.07,0.63,41.19,31.66,45,4.78,1013
2026-07-18T10:09:19,Ibadan,7.3775,3.947,31,Good,5.73,14.12,231.83,1.24,0.67,65.4,22.79,92,1.92,1017
2026-07-18T10:09:20,Kaduna,10.5222,7.4383,38,Good,9.09,10.05,494.45,1.06,0.09,30.86,25.5,73,3.28,1016
2026-07-18T10:09:20,Ogun (Ode-Remo),6.85,3.6167,34,Good,2.69,8,152.74,0.06,0.15,72.6,23.28,96,0.59,1016
2026-07-18T11:44:22,Lagos,6.5244,3.3792,34,Good,2.37,7.72,161.93,0.03,0.17,71.14,25.43,82,2.5,1015
2026-07-18T11:44:23,Abuja,9.0765,7.3986,66,Moderate,19,21.4,585.29,0.92,0.29,46.31,25.5,82,2.12,1015
2026-07-18T11:44:24,Port Harcourt,4.8156,7.0498,32,Good,3.29,5.23,177.79,0.09,0.09,68.75,25.05,84,0.52,1015
2026-07-18T11:44:24,Kano,12.0022,8.592,54,Moderate,13.5,16.6,438.29,0.57,0.47,46.71,34.26,36,3.4,1011
2026-07-18T11:44:25,Ibadan,7.3775,3.947,32,Good,4.63,11.79,204.73,0.52,0.53,68.6,23.48,86,2.03,1016
2026-07-18T11:44:26,Kaduna,10.5222,7.4383,33,Good,7.9,8.57,437.81,0.49,0.06,39.35,28.19,62,3.53,1014
2026-07-18T11:44:26,Ogun (Ode-Remo),6.85,3.6167,33,Good,2.55,8.3,159.71,0.05,0.16,70.8,23.57,95,0.52,1015
2026-07-18T12:51:07,Lagos,6.5244,3.3792,33,Good,2.42,7.71,161.32,0.03,0.17,70.43,25.13,83,1.95,1014
2026-07-18T12:51:08,Abuja,9.0765,7.3986,68,Moderate,20.05,22.47,578.65,0.9,0.3,47.76,25.67,83,2.04,1014
2026-07-18T12:51:08,Port Harcourt,4.8156,7.0498,32,Good,3.45,5.72,171.78,0.08,0.1,68.18,26.29,78,0.93,1014
2026-07-18T12:51:08,Kano,12.0022,8.592,56,Moderate,14.56,17.57,430.58,0.52,0.45,49.35,34.28,35,2.29,1010
2026-07-18T12:51:09,Ibadan,7.3775,3.947,32,Good,4.3,11.27,197.88,0.42,0.49,68.35,23.26,88,1.92,1015
2026-07-18T12:51:09,Kaduna,10.5222,7.4383,39,Good,9.34,10.12,437.93,0.51,0.07,40.11,28.06,64,3.29,1013
2026-07-18T12:51:09,Ogun (Ode-Remo),6.85,3.6167,33,Good,2.57,8.79,161.21,0.04,0.17,69.62,23.67,94,0.4,1015
2026-07-18T14:15:45,Lagos,6.5244,3.3792,33,Good,2.45,6.71,155.93,0.04,0.15,70.77,25.12,83,1.68,1014
2026-07-18T14:15:45,Abuja,9.0765,7.3986,27,Good,6.59,7.95,350.18,0.86,0.2,38.71,25.51,83,1.93,1013
2026-07-18T14:15:46,Port Harcourt,4.8156,7.0498,33,Good,3.52,5.72,170.51,0.12,0.1,69.01,26.9,74,1.31,1013
2026-07-18T14:15:47,Kano,12.0022,8.592,30,Good,7.28,9.68,385.53,0.67,0.33,42.42,34.77,33,2.01,1009
2026-07-18T14:15:48,Ibadan,7.3775,3.947,30,Good,3.51,12.27,199.52,0.49,0.48,63.1,22.99,89,1.73,1014
2026-07-18T14:15:48,Kaduna,10.5222,7.4383,35,Good,8.41,9.3,486.73,1.11,0.09,29.97,27.33,69,3.02,1012
2026-07-18T14:15:49,Ogun (Ode-Remo),6.85,3.6167,31,Good,2.59,10.1,164.68,0.04,0.18,66.34,23.88,92,0.26,1014
2026-07-18T15:44:20,Lagos,6.5244,3.3792,33,Good,2.47,6.34,153.31,0.04,0.15,69.79,25.09,83,1.22,1013
2026-07-18T15:44:21,Abuja,9.0765,7.3986,28,Good,6.62,8.49,334.49,1.09,0.23,31.74,24.53,88,2.29,1012
2026-07-18T15:44:21,Port Harcourt,4.8156,7.0498,33,Good,4.06,7.07,173.64,0.12,0.12,69.52,27.1,74,2.97,1012
2026-07-18T15:44:22,Kano,12.0022,8.592,39,Good,9.27,12.16,411.98,1.13,0.41,42.43,34.99,32,1.76,1008
2026-07-18T15:44:23,Ibadan,7.3775,3.947,30,Good,3.46,10.29,202.14,0.64,0.46,63.62,22.28,92,0.97,1013
2026-07-18T15:44:23,Kaduna,10.5222,7.4383,41,Good,9.89,11.03,505.73,1.43,0.11,25.43,25.73,78,2.93,1012
2026-07-18T15:44:24,Ogun (Ode-Remo),6.85,3.6167,32,Good,2.44,7.14,159.93,0.04,0.14,68.09,23.82,92,0.46,1013
2026-07-18T16:43:55,Lagos,6.5244,3.3792,33,Good,2.42,6.11,153.28,0.04,0.14,69.32,25.04,83,1.18,1013
2026-07-18T16:43:56,Abuja,9.0765,7.3986,32,Good,7.68,10.7,353.52,1.72,0.3,24.68,23.66,92,2.03,1013
2026-07-18T16:43:56,Port Harcourt,4.8156,7.0498,33,Good,4.45,7.77,179.71,0.12,0.12,70.38,25.54,83,3.1,1013
2026-07-18T16:43:57,Kano,12.0022,8.592,47,Good,11.37,14.86,441.86,1.79,0.5,40.38,34.57,33,1.74,1008
2026-07-18T16:43:58,Ibadan,7.3775,3.947,30,Good,3.75,10.9,210.22,0.89,0.51,63.46,22.08,93,0.93,1013
2026-07-18T16:43:58,Kaduna,10.5222,7.4383,44,Good,10.44,11.85,517.3,1.75,0.13,22.82,24.71,84,2.57,1012
2026-07-18T16:43:59,Ogun (Ode-Remo),6.85,3.6167,32,Good,2.41,6.74,158.14,0.05,0.14,68.53,23.48,94,0.73,1013
2026-07-18T17:46:27,Lagos,6.5244,3.3792,32,Good,2.35,5.86,154.13,0.05,0.14,68.78,25.01,83,1.25,1013
2026-07-18T17:46:28,Abuja,9.0765,7.3986,37,Good,8.97,13.44,378.9,2.37,0.4,21.34,22.3,96,1.91,1013
2026-07-18T17:46:29,Port Harcourt,4.8156,7.0498,34,Good,4.94,8.44,188.73,0.13,0.12,71.74,24.28,89,2.26,1013
2026-07-18T17:46:29,Kano,12.0022,8.592,53,Moderate,13.08,17.1,473.44,2.38,0.56,38.58,33.06,36,2.09,1008
2026-07-18T17:46:30,Ibadan,7.3775,3.947,30,Good,4.2,11.96,220.18,1.12,0.58,63.2,21.77,94,0.77,1013
2026-07-18T17:46:31,Kaduna,10.5222,7.4383,45,Good,10.89,12.66,528.43,2.06,0.16,20.8,23.64,89,2.77,1012
2026-07-18T17:46:31,Ogun (Ode-Remo),6.85,3.6167,32,Good,2.41,6.61,156.88,0.06,0.14,68.6,23.07,95,0.9,1013
2026-07-18T18:45:35,Lagos,6.5244,3.3792,32,Good,2.27,5.63,154.87,0.05,0.13,68.57,25.39,83,3.44,1013
2026-07-18T18:45:36,Abuja,9.0765,7.3986,43,Good,10.28,16.36,402.14,2.78,0.49,19.82,21.93,97,1.23,1014
2026-07-18T18:45:36,Port Harcourt,4.8156,7.0498,35,Good,5.46,9.05,200.39,0.14,0.12,73.22,23.64,93,2.39,1014
2026-07-18T18:45:37,Kano,12.0022,8.592,56,Moderate,14.32,18.9,496.05,2.69,0.61,36.11,31.22,45,4.77,1010
2026-07-18T18:45:37,Ibadan,7.3775,3.947,30,Good,4.73,13.33,231.39,1.24,0.65,62.9,22.4,94,0.96,1013
2026-07-18T18:45:38,Kaduna,10.5222,7.4383,48,Good,11.5,13.77,543.28,2.43,0.19,18.89,23.35,89,3.16,1013
2026-07-18T18:45:39,Ogun (Ode-Remo),6.85,3.6167,32,Good,2.38,6.73,156.56,0.07,0.14,68.53,23.29,95,1.35,1013
2026-07-18T19:58:40,Lagos,6.5244,3.3792,32,Good,2.2,5.52,154.61,0.05,0.13,68.23,25.44,84,3.2,1013
2026-07-18T19:58:40,Abuja,9.0765,7.3986,47,Good,11.22,18.44,412.39,2.79,0.51,18.7,21.75,98,1.37,1014
2026-07-18T19:58:41,Port Harcourt,4.8156,7.0498,35,Good,5.83,9.47,210.64,0.14,0.12,74.53,23.57,94,2.3,1014
2026-07-18T19:58:41,Kano,12.0022,8.592,59,Moderate,15.91,21.53,528.69,3.08,0.67,33.1,29.14,56,5.88,1010
2026-07-18T19:58:41,Ibadan,7.3775,3.947,29,Good,5.2,14.51,240.55,1.27,0.69,62.43,22.12,95,1.29,1014
2026-07-18T19:58:42,Kaduna,10.5222,7.4383,51,Moderate,12.33,15,560.96,2.76,0.22,16.87,22.7,92,3.54,1013
2026-07-18T19:58:42,Ogun (Ode-Remo),6.85,3.6167,32,Good,2.34,6.77,156.65,0.06,0.13,68.5,23.04,95,1.04,1014
2026-07-18T20:44:24,Lagos,6.5244,3.3792,32,Good,2.15,5.45,154,0.05,0.13,67.82,25.28,85,3.5,1014
2026-07-18T20:44:25,Abuja,9.0765,7.3986,49,Good,11.86,19.67,417.07,2.65,0.48,17.34,21.51,98,1.26,1014
2026-07-18T20:44:26,Port Harcourt,4.8156,7.0498,36,Good,5.96,9.62,216.94,0.15,0.12,75.3,23.52,94,2.07,1015
2026-07-18T20:44:27,Kano,12.0022,8.592,63,Moderate,17.58,24.04,558.09,3.45,0.72,30.33,28.33,60,5.62,1011
2026-07-18T20:44:27,Ibadan,7.3775,3.947,29,Good,5.5,15.15,246.42,1.28,0.69,62.04,21.86,97,1.18,1014
2026-07-18T20:44:28,Kaduna,10.5222,7.4383,53,Moderate,13.03,15.86,574.78,2.93,0.23,15.69,22.18,93,3.29,1014
2026-07-18T20:44:29,Ogun (Ode-Remo),6.85,3.6167,32,Good,2.28,6.54,157.09,0.06,0.13,68.38,22.93,95,0.64,1014
2026-07-18T21:40:31,Lagos,6.5244,3.3792,32,Good,2.11,5.34,152.65,0.05,0.13,67.39,25.17,86,3.41,1014
2026-07-18T21:40:31,Abuja,9.0765,7.3986,18,Good,12.08,19.68,414.27,2.46,0.41,15.58,21.35,98,1.08,1015
2026-07-18T21:40:32,Port Harcourt,4.8156,7.0498,36,Good,5.93,9.58,219.06,0.14,0.12,75.42,23.51,94,2.01,1015
2026-07-18T21:40:33,Kano,12.0022,8.592,65,Moderate,18.69,25.67,574.69,3.68,0.74,27.54,27.68,63,5.51,1012
2026-07-18T21:40:34,Ibadan,7.3775,3.947,29,Good,5.38,14.75,244.57,1.24,0.65,61.55,21.68,97,1.28,1015
2026-07-18T21:40:34,Kaduna,10.5222,7.4383,54,Moderate,13.42,16.13,580.14,3.06,0.24,15.01,21.82,95,3.1,1014
2026-07-18T21:40:35,Ogun (Ode-Remo),6.85,3.6167,32,Good,2.18,6.18,157.86,0.05,0.12,68.11,22.89,95,0.92,1014
2026-07-18T22:38:29,Lagos,6.5244,3.3792,32,Good,2.08,5.25,150.92,0.05,0.13,67.03,25.06,86,3.59,1014
2026-07-18T22:38:29,Abuja,9.0765,7.3986,49,Good,11.86,18.8,404,2.24,0.33,14.49,21.19,98,0.98,1014
2026-07-18T22:38:30,Port Harcourt,4.8156,7.0498,36,Good,5.8,9.46,218.41,0.14,0.11,75.42,23.39,95,1.91,1014
2026-07-18T22:38:30,Kano,12.0022,8.592,65,Moderate,18.92,25.67,576.44,3.64,0.69,25.13,27.11,66,5.12,1012
2026-07-18T22:38:30,Ibadan,7.3775,3.947,29,Good,4.68,13.05,232.38,1.05,0.54,61.13,21.53,98,1.33,1014
2026-07-18T22:38:31,Kaduna,10.5222,7.4383,54,Moderate,13.42,15.63,578.16,3.03,0.2,14.66,21.42,96,3.2,1014
2026-07-18T22:38:31,Ogun (Ode-Remo),6.85,3.6167,32,Good,2.09,5.88,159.31,0.05,0.11,67.59,22.64,97,1.22,1014
2026-07-18T23:42:40,Lagos,6.5244,3.3792,32,Good,2.06,5.21,149.53,0.05,0.13,66.74,24.99,86,3.77,1013
2026-07-18T23:42:41,Abuja,9.0765,7.3986,48,Good,11.42,17.74,388.8,1.99,0.28,14.2,21.02,99,1.04,1014
2026-07-18T23:42:41,Port Harcourt,4.8156,7.0498,36,Good,5.62,9.29,216.46,0.13,0.11,75.26,23.38,95,1.7,1014
2026-07-18T23:42:42,Kano,12.0022,8.592,65,Moderate,18.96,25.32,574.19,3.44,0.65,23.16,26.59,68,5.38,1012
2026-07-18T23:42:42,Ibadan,7.3775,3.947,29,Good,4.13,11.66,220.9,0.87,0.47,60.87,21.26,98,1.27,1014
2026-07-18T23:42:43,Kaduna,10.5222,7.4383,54,Moderate,13.3,15.06,572.49,2.83,0.16,14.58,21.06,96,3.13,1014
2026-07-18T23:42:44,Ogun (Ode-Remo),6.85,3.6167,32,Good,2.05,5.71,158.64,0.05,0.11,67.31,22.52,97,1.02,1014
2026-07-19T01:42:57,Lagos,6.5244,3.3792,31,Good,2.02,4.73,146,0.05,0.12,66.21,24.8,86,3.3,1012
2026-07-19T01:42:58,Abuja,9.0765,7.3986,44,Good,10.64,15.26,362.5,1.66,0.23,14.01,20.88,99,0.72,1013
2026-07-19T01:42:58,Port Harcourt,4.8156,7.0498,36,Good,5.25,8.82,213.96,0.11,0.11,75.21,23.15,95,1.24,1013
2026-07-19T01:42:58,Kano,12.0022,8.592,67,Moderate,19.73,25.45,579.73,3.21,0.62,17.84,26.34,68,4.78,1011
2026-07-19T01:42:59,Ibadan,7.3775,3.947,28,Good,3.98,11.1,214.64,0.75,0.41,59.38,20.99,99,1.15,1013
2026-07-19T01:42:59,Kaduna,10.5222,7.4383,53,Moderate,13.25,14.67,558.49,2.33,0.13,13.34,20.77,97,2.21,1013
2026-07-19T01:42:59,Ogun (Ode-Remo),6.85,3.6167,31,Good,2.06,5.59,152.25,0.05,0.11,66.46,22.37,98,0.76,1013
2026-07-19T05:11:29,Lagos,6.5244,3.3792,31,Good,2,4.31,142.33,0.05,0.1,65.32,24.34,88,2.38,1013
2026-07-19T05:11:30,Abuja,9.0765,7.3986,39,Good,9.37,13.16,341.48,1.54,0.21,12.79,20.55,98,0.47,1014
2026-07-19T05:11:31,Port Harcourt,4.8156,7.0498,35,Good,4.81,8.5,206.74,0.1,0.11,74.61,22.83,95,1.4,1013
2026-07-19T05:11:32,Kano,12.0022,8.592,67,Moderate,19.75,25.17,591.7,3.25,0.75,13.88,25.59,70,4.17,1012
2026-07-19T05:11:33,Ibadan,7.3775,3.947,27,Good,4.7,12.3,226.7,0.99,0.47,56.61,20.85,99,0.74,1014
2026-07-19T05:11:33,Kaduna,10.5222,7.4383,54,Moderate,13.48,14.83,550.21,2.09,0.13,11.43,20.76,96,3.18,1013
2026-07-19T05:11:34,Ogun (Ode-Remo),6.85,3.6167,31,Good,2.03,5.11,147.17,0.05,0.11,65.12,22.15,98,1,1013
2026-07-19T07:58:24,Lagos,6.5244,3.3792,30,Good,2.18,4.82,132.98,0.05,0.11,64.55,25.73,82,3.62,1014
2026-07-19T07:58:24,Abuja,9.0765,7.3986,38,Good,9.01,14.46,356.35,2.12,0.36,16.13,23.8,88,0.96,1015
2026-07-19T07:58:25,Port Harcourt,4.8156,7.0498,35,Good,4.7,8.76,202.09,0.12,0.13,73.27,25.95,82,1.42,1015
2026-07-19T07:58:25,Kano,12.0022,8.592,68,Moderate,20.11,27.91,649.65,3.3,0.87,17.88,27.77,60,4.1,1013
2026-07-19T07:58:26,Ibadan,7.3775,3.947,32,Good,7.65,20.85,298.77,2.19,0.92,53.95,23.19,91,1.15,1015
2026-07-19T07:58:26,Kaduna,10.5222,7.4383,56,Moderate,14.27,17.54,594.14,2.78,0.26,10.17,23.03,87,2.74,1015
2026-07-19T07:58:27,Ogun (Ode-Remo),6.85,3.6167,29,Good,2.26,8.41,147.05,0.07,0.16,62.38,25.27,86,1.4,1014
2026-07-19T09:50:15,Lagos,6.5244,3.3792,30,Good,2.34,5.19,125.56,0.03,0.11,63.5,26.02,80,4.24,1014
2026-07-19T09:50:16,Abuja,9.0765,7.3986,20,Good,4.54,7.17,267.17,0.87,0.27,42.23,26.1,76,1.77,1014
2026-07-19T09:50:16,Port Harcourt,4.8156,7.0498,34,Good,4.88,9.24,198.7,0.11,0.14,71.8,27.94,73,2.4,1014
2026-07-19T09:50:16,Kano,12.0022,8.592,55,Moderate,13.88,19.37,541.14,1.59,0.71,34.19,31.08,48,3.55,1012
2026-07-19T09:50:16,Ibadan,7.3775,3.947,27,Good,4.93,15.45,235.66,1.11,0.73,58.01,25.6,78,2.02,1014
2026-07-19T09:50:17,Kaduna,10.5222,7.4383,35,Good,8.41,9.96,442.16,0.96,0.09,35.66,26.64,70,2.35,1014
2026-07-19T09:50:17,Ogun (Ode-Remo),6.85,3.6167,29,Good,2.43,10.28,143.72,0.05,0.17,60.57,26.42,80,2.04,1014
2026-07-19T11:03:55,Lagos,6.5244,3.3792,30,Good,2.39,5.19,122.33,0.03,0.11,62.49,26.18,79,4.88,1014
2026-07-19T11:03:55,Abuja,9.0765,7.3986,22,Good,3.47,5.32,251.48,0.52,0.22,46.47,26.26,76,1.84,1014
2026-07-19T11:03:56,Port Harcourt,4.8156,7.0498,34,Good,4.97,9.33,198.37,0.09,0.14,71.03,28.49,71,2.95,1013
2026-07-19T11:03:57,Kano,12.0022,8.592,47,Good,11.16,15.64,487.56,1.13,0.6,37.79,32.47,43,2.93,1011
2026-07-19T11:03:58,Ibadan,7.3775,3.947,28,Good,4.3,13.13,220.48,0.84,0.65,58.38,26.17,75,2.13,1014
2026-07-19T11:03:58,Kaduna,10.5222,7.4383,31,Good,7.34,8.78,411.77,0.74,0.08,38.93,28.43,62,2.28,1013
2026-07-19T11:03:58,Ogun (Ode-Remo),6.85,3.6167,28,Good,2.42,9.43,141.02,0.04,0.16,60.17,26.52,81,2.42,1014
2026-07-19T12:53:33,Lagos,6.5244,3.3792,28,Good,2.49,5.19,117,0.03,0.1,59.86,27.43,73,5.57,1012
2026-07-19T12:53:33,Abuja,9.0765,7.3986,23,Good,3.89,5.4,251.03,0.36,0.18,48.6,27.45,73,1.21,1012
2026-07-19T12:53:34,Port Harcourt,4.8156,7.0498,33,Good,5.18,9.65,203.56,0.08,0.13,70.29,28.08,74,3.52,1012
2026-07-19T12:53:35,Kano,12.0022,8.592,50,Good,11.91,15.83,446.69,0.66,0.5,46.22,35.65,30,1.48,1009
2026-07-19T12:53:35,Ibadan,7.3775,3.947,28,Good,3.63,9.56,200.2,0.51,0.49,59.26,26.94,75,1.63,1012
2026-07-19T12:53:36,Kaduna,10.5222,7.4383,30,Good,7.13,8.52,397.37,0.68,0.08,40.84,30.25,54,2.48,1011
2026-07-19T12:53:37,Ogun (Ode-Remo),6.85,3.6167,28,Good,2.38,6.76,135.49,0.03,0.12,59.51,27.69,75,2.59,1012
2026-07-19T14:20:21,Lagos,6.5244,3.3792,29,Good,2.51,5.9,110.58,0.03,0.13,61.67,27.47,72,5.59,1012
2026-07-19T14:20:22,Abuja,9.0765,7.3986,17,Good,3.03,4.55,248.12,0.75,0.21,35.8,27.62,73,0.94,1011
2026-07-19T14:20:23,Port Harcourt,4.8156,7.0498,33,Good,5.05,7.56,206.02,0.12,0.12,69.97,27.43,77,3.91,1011
2026-07-19T14:20:23,Kano,12.0022,8.592,20,Good,4.61,7.12,344.36,0.69,0.26,41.67,36.03,28,2.12,1008
2026-07-19T14:20:24,Ibadan,7.3775,3.947,27,Good,3.42,9.24,174.5,0.75,0.47,57.96,26.62,77,1.95,1012
2026-07-19T14:20:24,Kaduna,10.5222,7.4383,40,Good,9.69,10.71,388.2,0.86,0.09,42.46,29.81,55,2.54,1011
2026-07-19T14:20:25,Ogun (Ode-Remo),6.85,3.6167,29,Good,2.59,8.13,118.6,0.04,0.15,61.16,27.26,78,2.41,1012
2026-07-19T15:45:29,Lagos,6.5244,3.3792,29,Good,2.64,6.16,114.5,0.04,0.13,60.68,26.9,74,5.81,1011
2026-07-19T15:45:30,Abuja,9.0765,7.3986,14,Good,3.16,4.99,257.87,1.09,0.24,30.57,26.93,77,1.1,1011
2026-07-19T15:45:30,Port Harcourt,4.8156,7.0498,33,Good,5.21,7.86,215.73,0.1,0.11,70.41,25.68,85,3.9,1011
2026-07-19T15:45:31,Kano,12.0022,8.592,26,Good,6.31,9.91,355.84,1.27,0.36,41.64,36.18,26,2.99,1007
2026-07-19T15:45:32,Ibadan,7.3775,3.947,27,Good,3.69,10.53,168.57,0.84,0.49,56.5,24.9,88,1.72,1011
2026-07-19T15:45:32,Kaduna,10.5222,7.4383,43,Good,10.42,11.66,396.91,1.38,0.12,35.17,28.52,63,2.87,1010
2026-07-19T15:45:33,Ogun (Ode-Remo),6.85,3.6167,28,Good,2.83,9.31,116.33,0.05,0.18,59.42,26.18,84,2.14,1011
2026-07-19T16:44:01,Lagos,6.5244,3.3792,29,Good,2.7,6.27,115.01,0.05,0.13,60.37,26.46,76,5.54,1011
2026-07-19T16:44:01,Abuja,9.0765,7.3986,15,Good,3.48,5.46,266.46,1.23,0.26,28.96,25.58,86,1.8,1011
2026-07-19T16:44:02,Port Harcourt,4.8156,7.0498,33,Good,5.28,8.02,222.65,0.12,0.11,70.72,24.95,88,3.82,1011
2026-07-19T16:44:02,Kano,12.0022,8.592,36,Good,8.75,13.71,394.91,2.15,0.5,38.91,35.5,28,3.65,1007
2026-07-19T16:44:02,Ibadan,7.3775,3.947,26,Good,4.14,11.7,175.91,1.08,0.53,55.73,23.76,92,1.54,1011
2026-07-19T16:44:02,Kaduna,10.5222,7.4383,46,Good,10.92,12.59,410.31,1.84,0.15,29.43,26.85,71,2.3,1010
2026-07-19T16:44:03,Ogun (Ode-Remo),6.85,3.6167,28,Good,2.9,9.23,116.15,0.05,0.18,59.42,25.22,87,2.08,1011
2026-07-19T17:49:04,Lagos,6.5244,3.3792,28,Good,2.74,6.37,116.05,0.06,0.14,60.14,26.08,78,5.03,1012
2026-07-19T17:49:04,Abuja,9.0765,7.3986,16,Good,3.87,5.94,274.6,1.27,0.27,29.38,23.83,90,1.31,1011
2026-07-19T17:49:05,Port Harcourt,4.8156,7.0498,34,Good,5.35,8.27,229.81,0.13,0.11,71.04,24.21,91,3.43,1012
2026-07-19T17:49:05,Kano,12.0022,8.592,45,Good,10.83,16.63,431.18,2.93,0.6,35.86,31.68,39,3.89,1008
2026-07-19T17:49:06,Ibadan,7.3775,3.947,26,Good,4.74,12.87,187.02,1.33,0.59,55.18,22.81,95,1.48,1012
2026-07-19T17:49:07,Kaduna,10.5222,7.4383,48,Good,11.45,13.63,423.75,2.25,0.19,25.9,24.61,79,3.09,1011
2026-07-19T17:49:07,Ogun (Ode-Remo),6.85,3.6167,28,Good,2.9,8.75,115.27,0.06,0.17,59.64,24.3,90,1.77,1012
2026-07-19T18:50:25,Lagos,6.5244,3.3792,28,Good,2.78,6.46,117.77,0.06,0.14,60.23,25.98,79,4.74,1012
2026-07-19T18:50:25,Abuja,9.0765,7.3986,20,Good,4.74,7.71,292.96,1.61,0.31,25.41,23.69,87,0.83,1012
2026-07-19T18:50:25,Port Harcourt,4.8156,7.0498,34,Good,5.41,8.55,237.03,0.13,0.12,71.27,24.27,92,2.79,1013
2026-07-19T18:50:25,Kano,12.0022,8.592,52,Moderate,12.73,19.37,461.31,3.37,0.69,32.09,28.16,52,3.86,1010
2026-07-19T18:50:26,Ibadan,7.3775,3.947,26,Good,5.36,13.94,198.8,1.45,0.66,55.04,22.77,96,1.68,1012
2026-07-19T18:50:26,Kaduna,10.5222,7.4383,50,Good,11.95,14.84,435.99,2.62,0.22,23.11,23.85,83,2.42,1011
2026-07-19T18:50:26,Ogun (Ode-Remo),6.85,3.6167,28,Good,2.8,7.62,114.88,0.06,0.14,60.2,23.92,91,1.57,1012
2026-07-19T20:02:21,Lagos,6.5244,3.3792,28,Good,2.82,6.55,118.22,0.06,0.14,60.21,25.87,80,4.78,1013
2026-07-19T20:02:22,Abuja,9.0765,7.3986,25,Good,6.11,10.37,325.8,2.06,0.34,19.57,23.28,87,1.03,1012
2026-07-19T20:02:22,Port Harcourt,4.8156,7.0498,34,Good,5.42,8.75,244.24,0.13,0.12,71.54,24.21,93,2.41,1014
2026-07-19T20:02:22,Kano,12.0022,8.592,57,Moderate,14.93,22.94,499.64,3.73,0.79,28.76,27.74,55,1.34,1011
2026-07-19T20:02:23,Ibadan,7.3775,3.947,26,Good,5.82,15.19,205.46,1.43,0.7,54.52,22.63,97,1.65,1013
2026-07-19T20:02:23,Kaduna,10.5222,7.4383,52,Moderate,12.48,15.99,448.86,2.88,0.25,20.08,23.43,86,2.51,1012
2026-07-19T20:02:23,Ogun (Ode-Remo),6.85,3.6167,28,Good,2.8,7.42,115.16,0.06,0.14,60.03,23.59,93,1.67,1013
2026-07-19T21:41:41,Lagos,6.5244,3.3792,28,Good,2.83,6.67,117.41,0.06,0.15,59.99,25.63,81,4.57,1014
2026-07-19T21:41:42,Abuja,9.0765,7.3986,36,Good,8.7,13.99,378.5,2.51,0.35,13.08,22.76,88,1.21,1013
2026-07-19T21:41:42,Port Harcourt,4.8156,7.0498,34,Good,5.5,9.28,253.68,0.14,0.13,71.23,24.16,93,2.04,1014
2026-07-19T21:41:42,Kano,12.0022,8.592,64,Moderate,18.45,27.8,551.26,4.02,0.85,24.85,27.17,59,3.17,1012
2026-07-19T21:41:43,Ibadan,7.3775,3.947,25,Good,5.98,15.41,204.64,1.3,0.66,53.8,22.31,97,1.69,1014
2026-07-19T21:41:43,Kaduna,10.5222,7.4383,53,Moderate,12.93,16.79,458.61,3.05,0.25,15.57,22.47,91,1.87,1013
2026-07-19T21:41:43,Ogun (Ode-Remo),6.85,3.6167,28,Good,2.82,7.22,116.67,0.06,0.14,59.67,23.26,94,1.38,1014
2026-07-19T22:41:22,Lagos,6.5244,3.3792,28,Good,2.81,6.72,118.32,0.06,0.15,60,25.48,82,4.58,1014
2026-07-19T22:41:23,Abuja,9.0765,7.3986,38,Good,9.15,13.64,384.15,2.47,0.29,11.62,22.42,89,0.76,1014
2026-07-19T22:41:24,Port Harcourt,4.8156,7.0498,33,Good,5.69,9.74,256.86,0.16,0.15,70.44,23.98,93,2.08,1014
2026-07-19T22:41:25,Kano,12.0022,8.592,64,Moderate,18.45,26.46,550.8,3.8,0.73,23.82,27.07,60,2.91,1012
2026-07-19T22:41:26,Ibadan,7.3775,3.947,25,Good,5.44,13.92,191.74,1.14,0.55,53.63,22.17,98,1.49,1014
2026-07-19T22:41:26,Kaduna,10.5222,7.4383,52,Moderate,12.5,15.85,453.51,3.05,0.21,14.45,21.92,94,1.21,1014
2026-07-19T22:41:27,Ogun (Ode-Remo),6.85,3.6167,28,Good,2.82,7.07,117.23,0.06,0.14,59.68,23.09,94,1.58,1014
2026-07-19T23:46:57,Lagos,6.5244,3.3792,28,Good,2.78,6.77,120.57,0.06,0.15,60.17,25.39,82,4.56,1013
2026-07-19T23:46:58,Abuja,9.0765,7.3986,40,Good,9.53,13.32,388.05,2.36,0.26,10.79,21.96,91,1.03,1013
2026-07-19T23:46:59,Port Harcourt,4.8156,7.0498,33,Good,5.81,9.97,256.61,0.17,0.15,69.62,24.03,93,2.28,1013
2026-07-19T23:46:59,Kano,12.0022,8.592,64,Moderate,18.16,24.43,547.66,3.52,0.62,22.84,26.48,62,1.46,1012
2026-07-19T23:47:00,Ibadan,7.3775,3.947,25,Good,5.13,13.09,183.79,1.03,0.51,53.51,22.13,98,1.55,1014
2026-07-19T23:47:01,Kaduna,10.5222,7.4383,50,Good,11.9,14.75,446,2.97,0.18,14.42,21.89,91,0.84,1013
2026-07-19T23:47:02,Ogun (Ode-Remo),6.85,3.6167,28,Good,2.82,6.9,117.7,0.06,0.14,59.7,22.88,95,1.28,1014
2026-07-20T01:58:55,Lagos,6.5244,3.3792,29,Good,2.71,6.66,127.69,0.06,0.15,60.64,25.32,83,4.25,1012
2026-07-20T01:58:55,Abuja,9.0765,7.3986,44,Good,10.59,14.14,395.35,2.05,0.23,10.04,21.56,94,0.92,1013
2026-07-20T01:58:56,Port Harcourt,4.8156,7.0498,32,Good,5.72,9.24,256.87,0.16,0.14,68.59,23.78,93,2.18,1012
2026-07-20T01:58:56,Kano,12.0022,8.592,63,Moderate,18.03,22.82,557.46,3.23,0.51,19.16,25.25,70,2.85,1011
2026-07-20T01:58:56,Ibadan,7.3775,3.947,25,Good,4.81,11.86,175.4,0.86,0.49,53.21,21.86,98,1.69,1013
2026-07-20T01:58:57,Kaduna,10.5222,7.4383,46,Good,11.15,13.33,434.18,2.71,0.16,13.11,22.11,91,1.25,1012
2026-07-20T01:58:57,Ogun (Ode-Remo),6.85,3.6167,28,Good,2.84,6.85,119.32,0.05,0.14,59.56,22.72,96,1.14,1012
2026-07-20T05:39:27,Lagos,6.5244,3.3792,30,Good,2.51,6.09,147.56,0.06,0.14,62.56,25.05,84,3.66,1013
2026-07-20T05:39:27,Abuja,9.0765,7.3986,53,Moderate,12.94,17.94,427.36,2.2,0.33,8.21,21.28,97,0.81,1014
2026-07-20T05:39:28,Port Harcourt,4.8156,7.0498,32,Good,5.26,7.83,251.15,0.12,0.11,67.09,23.58,94,1.85,1013
2026-07-20T05:39:28,Kano,12.0022,8.592,72,Moderate,22.16,29.24,632.92,4.21,0.83,15.19,25,72,3.28,1013
2026-07-20T05:39:29,Ibadan,7.3775,3.947,28,Good,6.72,16.69,229.48,1.74,0.79,52.35,21.58,98,1.03,1014
2026-07-20T05:39:30,Kaduna,10.5222,7.4383,46,Good,10.92,13.46,441.12,2.85,0.21,11.66,21.72,93,1.42,1014
2026-07-20T05:39:30,Ogun (Ode-Remo),6.85,3.6167,29,Good,2.77,7.36,134.98,0.06,0.15,60.73,22.42,96,1.07,1013
2026-07-20T08:39:24,Lagos,6.5244,3.3792,30,Good,2.32,5.81,155.82,0.04,0.13,63.51,26.77,74,4.79,1015
2026-07-20T08:39:24,Abuja,9.0765,7.3986,62,Moderate,17.48,25.46,494.91,1.58,0.5,24.57,24.78,84,2.37,1015
2026-07-20T08:39:25,Port Harcourt,4.8156,7.0498,30,Good,5.79,9.15,267.71,0.25,0.23,63.96,26.85,79,3.31,1015
2026-07-20T08:39:25,Kano,12.0022,8.592,79,Moderate,25.62,37.04,678.39,3.8,1.26,28.12,28.95,53,1.59,1014
2026-07-20T08:39:25,Ibadan,7.3775,3.947,42,Good,10.17,22.26,307.63,1.97,1.04,57.96,24.02,88,1.91,1015
2026-07-20T08:39:25,Kaduna,10.5222,7.4383,15,Good,12.05,15.7,460.76,2.13,0.28,19.52,26.31,72,1.84,1014
2026-07-20T08:39:26,Ogun (Ode-Remo),6.85,3.6167,29,Good,2.55,7.79,148.01,0.04,0.14,61.84,26.69,77,2.36,1015
2026-07-20T11:36:10,Lagos,6.5244,3.3792,29,Good,2.24,5.6,156.41,0.03,0.12,60.58,27.58,70,5.84,1014
2026-07-20T11:36:11,Abuja,9.0765,7.3986,31,Good,7.34,9.52,355.42,0.59,0.27,49.19,27.53,74,1.63,1013
2026-07-20T11:36:12,Port Harcourt,4.8156,7.0498,30,Good,5.79,8.62,262.28,0.15,0.22,63.7,27.93,75,3.45,1013
2026-07-20T11:36:13,Kano,12.0022,8.592,72,Moderate,21.93,27.52,532.02,0.75,0.72,56.44,32.38,39,3.21,1011
2026-07-20T11:36:13,Ibadan,7.3775,3.947,29,Good,6.25,14.14,227.86,0.53,0.75,62.14,28.21,67,1.92,1013
2026-07-20T11:36:14,Kaduna,10.5222,7.4383,35,Good,8.29,9.39,339.7,0.37,0.08,44.57,29.06,60,1.27,1013
2026-07-20T11:36:15,Ogun (Ode-Remo),6.85,3.6167,28,Good,2.29,6.72,153.5,0.03,0.12,59.79,29.24,65,2.18,1013
2026-07-20T13:47:32,Lagos,6.5244,3.3792,27,Good,2.73,7.78,151.86,0.03,0.17,56.56,27.52,71,6.79,1012
2026-07-20T13:47:33,Abuja,9.0765,7.3986,38,Good,9.17,11.44,348.95,0.44,0.29,51.92,28.14,71,0.97,1011
2026-07-20T13:47:33,Port Harcourt,4.8156,7.0498,30,Good,4.57,6.87,243.11,0.08,0.14,62.59,27.88,76,3.72,1011
2026-07-20T13:47:34,Kano,12.0022,8.592,62,Moderate,17.14,22.19,408.46,1.01,0.52,48.11,32.31,38,2.06,1009
2026-07-20T13:47:34,Ibadan,7.3775,3.947,26,Good,4.6,13,192.63,0.61,0.61,55.19,27.51,74,2.22,1011
2026-07-20T13:47:34,Kaduna,10.5222,7.4383,47,Good,11.17,12.34,359.12,0.48,0.09,43.49,30.13,54,1.13,1010
2026-07-20T13:47:35,Ogun (Ode-Remo),6.85,3.6167,26,Good,2.8,9.44,143.23,0.03,0.17,55.22,29.33,64,2.23,1011
2026-07-20T15:45:04,Lagos,6.5244,3.3792,27,Good,2.88,7.96,157.82,0.03,0.17,56.37,26.85,73,6.45,1011
2026-07-20T15:45:04,Abuja,9.0765,7.3986,45,Good,10.77,12.88,343.87,0.54,0.28,50.77,26.23,82,1.08,1010
2026-07-20T15:45:04,Port Harcourt,4.8156,7.0498,30,Good,4.52,7.07,237.69,0.08,0.14,62.49,26.84,80,4.36,1011
2026-07-20T15:45:04,Kano,12.0022,8.592,75,Moderate,23.44,29.88,505.03,3.11,0.7,38.57,33.79,32,2.37,1008
2026-07-20T15:45:05,Ibadan,7.3775,3.947,26,Good,4.59,13.22,192.63,0.69,0.58,54,26.72,80,1.75,1011
2026-07-20T15:45:05,Kaduna,10.5222,7.4383,52,Moderate,12.49,13.97,367.71,0.77,0.13,40.08,27.57,68,2.73,1010
2026-07-20T15:45:05,Ogun (Ode-Remo),6.85,3.6167,26,Good,2.86,9.31,149.58,0.04,0.17,54.58,26.72,77,2.53,1011
2026-07-20T17:21:49,Lagos,6.5244,3.3792,27,Good,3.01,8.19,160.98,0.05,0.17,56.89,26.2,76,6.7,1011
2026-07-20T17:21:50,Abuja,9.0765,7.3986,47,Good,11.33,13.84,353.12,0.87,0.31,47.51,26,85,0.71,1010
2026-07-20T17:21:50,Port Harcourt,4.8156,7.0498,30,Good,4.57,7.47,234.84,0.09,0.15,62.71,25.71,85,4.39,1011
2026-07-20T17:21:50,Kano,12.0022,8.592,82,Moderate,26.8,35.19,589.8,5.06,0.88,31.42,33.44,33,2.88,1008
2026-07-20T17:21:51,Ibadan,7.3775,3.947,25,Good,4.88,14.46,205.18,1.04,0.65,52.7,25.36,86,1.87,1011
2026-07-20T17:21:51,Kaduna,10.5222,7.4383,54,Moderate,13.34,15.32,382.62,1.3,0.19,36.18,26.55,73,2.19,1010
2026-07-20T17:21:52,Ogun (Ode-Remo),6.85,3.6167,26,Good,2.91,9.34,153.11,0.05,0.17,54.96,26.25,79,2.66,1011
2026-07-20T19:24:26,Lagos,6.5244,3.3792,28,Good,3.25,8.72,169.15,0.07,0.18,58.42,25.55,81,5.59,1012
2026-07-20T19:24:27,Abuja,9.0765,7.3986,48,Good,11.53,15.16,383.33,1.8,0.39,37.24,24.27,87,0.55,1012
2026-07-20T19:24:28,Port Harcourt,4.8156,7.0498,30,Good,4.73,8.23,233.25,0.12,0.16,63,24.47,91,3.37,1013
2026-07-20T19:24:28,Kano,12.0022,8.592,103,Unhealthy for Sensitive Groups,36.23,51.88,771.98,8.1,1.5,23.5,31.34,38,2.29,1009
2026-07-20T19:24:28,Ibadan,7.3775,3.947,25,Good,6.05,17.65,239.56,1.6,0.81,50.69,22.88,98,1.95,1013
2026-07-20T19:24:29,Kaduna,10.5222,7.4383,57,Moderate,15.07,18.81,423.36,2.21,0.39,29.88,23.57,82,1.31,1012
2026-07-20T19:24:30,Ogun (Ode-Remo),6.85,3.6167,27,Good,3.09,9.75,160.94,0.07,0.18,56.27,24.18,90,2.45,1012
2026-07-20T21:01:04,Lagos,6.5244,3.3792,29,Good,3.39,9.03,180.91,0.07,0.19,60.4,25.34,82,5.32,1014
2026-07-20T21:01:04,Abuja,9.0765,7.3986,56,Moderate,14.43,20.95,450.71,2.62,0.47,24.73,23.7,89,0.46,1013
2026-07-20T21:01:05,Port Harcourt,4.8156,7.0498,30,Good,4.94,9.02,241.17,0.12,0.18,63.29,24.2,93,2.55,1014
2026-07-20T21:01:05,Kano,12.0022,8.592,127,Unhealthy for Sensitive Groups,46.21,68.91,918.09,9.11,1.71,17.07,27.21,58,3.22,1011
2026-07-20T21:01:05,Ibadan,7.3775,3.947,30,Good,7.24,20.24,269.58,1.67,0.89,50.91,22.38,98,1.94,1014
2026-07-20T21:01:06,Kaduna,10.5222,7.4383,65,Moderate,18.75,24.82,478.18,2.56,0.46,22.64,23.48,83,0.87,1014
2026-07-20T21:01:06,Ogun (Ode-Remo),6.85,3.6167,28,Good,3.26,9.84,172.66,0.07,0.18,58.32,23.57,93,1.86,1014
2026-07-20T22:45:26,Lagos,6.5244,3.3792,29,Good,3.37,8.93,192.51,0.07,0.18,62.11,25.14,83,5.04,1014
2026-07-20T22:45:27,Abuja,9.0765,7.3986,60,Moderate,16.25,22.84,480.4,2.73,0.41,18.66,23.21,91,0.77,1013
2026-07-20T22:45:27,Port Harcourt,4.8156,7.0498,30,Good,5,8.61,254.1,0.12,0.17,63.55,24.2,92,2.6,1014
2026-07-20T22:45:27,Kano,12.0022,8.592,133,Unhealthy for Sensitive Groups,48.48,68.12,934.68,8.18,1.18,13.15,27.45,57,2.47,1011
2026-07-20T22:45:28,Ibadan,7.3775,3.947,31,Good,7.44,20.14,279.32,1.68,0.77,51.08,22.16,98,1.61,1014
2026-07-20T22:45:28,Kaduna,10.5222,7.4383,68,Moderate,20.16,25.69,497.67,2.76,0.37,18.09,23.4,84,1.25,1013
2026-07-20T22:45:28,Ogun (Ode-Remo),6.85,3.6167,28,Good,3.34,9.74,184.29,0.07,0.17,60.11,23.34,94,1.82,1014
2026-07-20T23:46:39,Lagos,6.5244,3.3792,30,Good,3.32,8.77,198.2,0.07,0.18,62.87,25.27,83,5.22,1013
2026-07-20T23:46:39,Abuja,9.0765,7.3986,60,Moderate,16.6,22.31,481.99,2.54,0.36,17.33,22.98,91,0.71,1013
2026-07-20T23:46:40,Port Harcourt,4.8156,7.0498,30,Good,5,8.19,261.01,0.11,0.16,63.74,23.98,94,2.4,1013
2026-07-20T23:46:40,Kano,12.0022,8.592,129,Unhealthy for Sensitive Groups,47,62.64,897.88,6.99,0.89,11.95,27.61,55,2.19,1011
2026-07-20T23:46:41,Ibadan,7.3775,3.947,30,Good,7.13,19.14,274,1.5,0.67,51.36,22.11,99,1.51,1014
2026-07-20T23:46:41,Kaduna,10.5222,7.4383,69,Moderate,20.43,25.22,498.39,2.73,0.35,17.09,22.95,84,0.8,1013
2026-07-20T23:46:41,Ogun (Ode-Remo),6.85,3.6167,29,Good,3.36,9.53,189.29,0.07,0.17,60.88,23.59,93,2.01,1013
2026-07-21T01:43:16,Lagos,6.5244,3.3792,30,Good,3.22,8.39,206.16,0.07,0.17,63.93,25.05,83,4.7,1012
2026-07-21T01:43:16,Abuja,9.0765,7.3986,62,Moderate,17.52,22.41,486.42,2.15,0.31,16.33,22.57,93,0.5,1012
2026-07-21T01:43:17,Port Harcourt,4.8156,7.0498,30,Good,4.94,7.38,273.62,0.11,0.15,64.06,23.88,94,1.94,1012
2026-07-21T01:43:17,Kano,12.0022,8.592,124,Unhealthy for Sensitive Groups,44.72,56.09,845.86,5.45,0.83,10.99,26.78,58,2.72,1010
2026-07-21T01:43:17,Ibadan,7.3775,3.947,28,Good,6.84,18.16,270.06,1.22,0.6,51.56,21.94,98,1.83,1012
2026-07-21T01:43:17,Kaduna,10.5222,7.4383,69,Moderate,20.69,24.54,487.94,2.38,0.29,16.74,22.27,87,1.05,1012
2026-07-21T01:43:18,Ogun (Ode-Remo),6.85,3.6167,29,Good,3.33,8.98,196.9,0.07,0.16,61.94,23.41,93,1.77,1012
2026-07-21T04:59:04,Lagos,6.5244,3.3792,31,Good,3.13,7.84,217.88,0.06,0.15,65.39,24.91,83,4.06,1013
2026-07-21T04:59:04,Abuja,9.0765,7.3986,66,Moderate,19.47,24.47,497.27,1.98,0.32,16.88,21.76,96,1.38,1013
2026-07-21T04:59:04,Port Harcourt,4.8156,7.0498,30,Good,4.88,6.66,281.01,0.11,0.14,63.75,23.87,94,1.81,1013
2026-07-21T04:59:04,Kano,12.0022,8.592,121,Unhealthy for Sensitive Groups,43.55,53.69,823.63,5.12,1.11,13.03,25.75,62,2.96,1011
2026-07-21T04:59:05,Ibadan,7.3775,3.947,27,Good,6.49,17.97,271,1.19,0.66,52.46,21.83,98,1.17,1013
2026-07-21T04:59:05,Kaduna,10.5222,7.4383,67,Moderate,19.82,22.33,469.82,1.78,0.17,19.05,21.43,92,1.13,1013
2026-07-21T04:59:05,Ogun (Ode-Remo),6.85,3.6167,30,Good,3.3,9.01,206.47,0.07,0.15,63.09,22.97,94,1.25,1013
2026-07-21T07:32:39,Lagos,6.5244,3.3792,32,Good,3.1,7.53,232.35,0.07,0.13,67.1,25.84,80,3.6,1014
2026-07-21T07:32:39,Abuja,9.0765,7.3986,73,Moderate,22.38,29.85,536.52,2.24,0.54,21.18,24.61,89,2.1,1014
2026-07-21T07:32:39,Port Harcourt,4.8156,7.0498,30,Good,5.14,7.24,292.97,0.2,0.18,62.93,26.32,81,2.52,1014
2026-07-21T07:32:39,Kano,12.0022,8.592,131,Unhealthy for Sensitive Groups,47.49,62.98,858.41,3.74,1.31,33.16,30.03,49,3.12,1012
2026-07-21T07:32:40,Ibadan,7.3775,3.947,34,Good,8.22,22.68,332.15,2.23,1.04,54.32,23.48,92,1.57,1015
2026-07-21T07:32:40,Kaduna,10.5222,7.4383,65,Moderate,18.87,22.16,484.43,1.98,0.24,22.74,25.23,77,1.16,1014
2026-07-21T07:32:40,Ogun (Ode-Remo),6.85,3.6167,30,Good,3.3,9.83,216.69,0.07,0.14,64.19,25.28,85,1.62,1014
2026-07-21T10:14:39,Lagos,6.5244,3.3792,32,Good,3.18,7.76,237.15,0.05,0.12,67.02,27.51,72,4.1,1014
2026-07-21T10:14:40,Abuja,9.0765,7.3986,76,Moderate,23.82,29.94,538.8,1.11,0.51,42.2,26.12,81,1.9,1014
2026-07-21T10:14:40,Port Harcourt,4.8156,7.0498,30,Good,5.6,8.32,307.66,0.19,0.23,63.35,28.52,71,2.34,1014
2026-07-21T10:14:40,Kano,12.0022,8.592,87,Moderate,29.22,37.15,568.19,1.03,1.09,53.99,33.85,37,0.75,1011
2026-07-21T10:14:41,Ibadan,7.3775,3.947,29,Good,7.01,19.21,305.96,1.12,0.9,59.72,25.99,80,1.41,1014
2026-07-21T10:14:42,Kaduna,10.5222,7.4383,57,Moderate,14.95,16.65,443.95,0.85,0.13,44.01,28.26,65,2.61,1013
2026-07-21T10:14:43,Ogun (Ode-Remo),6.85,3.6167,30,Good,3.36,10.09,222.56,0.05,0.13,64.12,28.83,68,1.44,1014
2026-07-21T12:19:30,Lagos,6.5244,3.3792,31,Good,3.31,8.26,239.33,0.04,0.13,65.65,31.13,56,1.81,1012
2026-07-21T12:19:30,Abuja,9.0765,7.3986,79,Moderate,25.23,30.02,521.81,0.72,0.47,56.94,27.11,80,1.53,1012
2026-07-21T12:19:31,Port Harcourt,4.8156,7.0498,30,Good,5.62,8.46,309.63,0.12,0.2,63.07,30.68,61,2.32,1012
2026-07-21T12:19:32,Kano,12.0022,8.592,64,Moderate,18.07,23.14,463.59,1.1,0.83,47.16,36.58,29,0.51,1009
2026-07-21T12:19:33,Ibadan,7.3775,3.947,29,Good,6.31,17,291.25,0.79,0.79,61.03,28.43,69,1.32,1013
2026-07-21T12:19:34,Kaduna,10.5222,7.4383,52,Moderate,12.52,13.72,421.93,0.56,0.1,48.02,30.3,55,2.33,1012
2026-07-21T12:19:35,Ogun (Ode-Remo),6.85,3.6167,30,Good,3.48,10.42,227.26,0.04,0.14,62.61,30.63,62,1.15,1012
2026-07-21T14:55:31,Lagos,6.5244,3.3792,29,Good,3.43,8.54,245.35,0.04,0.14,61.53,27.52,73,6.05,1011
2026-07-21T14:55:32,Abuja,9.0765,7.3986,63,Moderate,17.85,20.16,381.71,0.48,0.24,58.74,28.4,71,1.22,1010
2026-07-21T14:55:32,Port Harcourt,4.8156,7.0498,31,Good,6.16,10.82,314.02,0.12,0.2,65.86,28.39,72,4.45,1010
2026-07-21T14:55:32,Kano,12.0022,8.592,72,Moderate,22.18,32.79,485.66,2.63,1.19,64.63,36.85,27,0.55,1007
2026-07-21T14:55:33,Ibadan,7.3775,3.947,28,Good,6.34,15.67,301.29,0.86,0.7,59.82,29.92,63,0.46,1010
2026-07-21T14:55:33,Kaduna,10.5222,7.4383,58,Moderate,15.59,16.67,408.19,0.52,0.09,48.54,29.83,59,2.44,1009
2026-07-21T14:55:34,Ogun (Ode-Remo),6.85,3.6167,28,Good,3.8,10.81,238.59,0.04,0.16,60.31,30.03,63,2.3,1010
2026-07-21T16:15:40,Lagos,6.5244,3.3792,29,Good,3.45,8.44,247.13,0.05,0.13,61.49,26.66,76,6.39,1011
2026-07-21T16:15:41,Abuja,9.0765,7.3986,68,Moderate,20.28,23.63,399.62,0.92,0.28,45.11,28.2,73,1.25,1010
2026-07-21T16:15:41,Port Harcourt,4.8156,7.0498,31,Good,6.25,10.89,316.02,0.13,0.19,66.59,27.7,76,4.62,1010
2026-07-21T16:15:41,Kano,12.0022,8.592,83,Moderate,27.35,40.45,554.72,4.31,1.5,67.84,36.85,27,2.1,1007
2026-07-21T16:15:42,Ibadan,7.3775,3.947,29,Good,6.85,16.8,311.56,1.04,0.72,60.19,29.3,67,0.53,1010
2026-07-21T16:15:42,Kaduna,10.5222,7.4383,62,Moderate,17.25,19.02,428.21,1.07,0.15,38.64,29.07,65,2.02,1010
2026-07-21T16:15:42,Ogun (Ode-Remo),6.85,3.6167,28,Good,3.87,10.83,240.03,0.05,0.16,60.27,28.02,73,2.81,1010
2026-07-21T18:09:30,Lagos,6.5244,3.3792,29,Good,3.52,8.66,252.41,0.08,0.14,62.2,26.37,79,6,1011
2026-07-21T18:09:31,Abuja,9.0765,7.3986,83,Moderate,27.23,34.87,479.21,2.72,0.48,22.93,25.54,85,1.48,1010
2026-07-21T18:09:31,Port Harcourt,4.8156,7.0498,32,Good,6.32,10.17,321.6,0.15,0.17,67.88,25.41,87,4.27,1012
2026-07-21T18:09:31,Kano,12.0022,8.592,97,Moderate,34.21,49.35,666.9,6.92,1.67,54.23,34.47,31,2.28,1007
2026-07-21T18:09:31,Ibadan,7.3775,3.947,33,Good,7.88,19.62,336.32,1.73,0.84,58.17,25.23,87,0.95,1011
2026-07-21T18:09:32,Kaduna,10.5222,7.4383,72,Moderate,22.19,26.66,503.94,2.91,0.34,20.78,22.45,78,3.36,1011
2026-07-21T18:09:32,Ogun (Ode-Remo),6.85,3.6167,29,Good,3.84,10.68,240.79,0.08,0.16,60.84,25.9,83,2.31,1011
2026-07-21T20:13:39,Lagos,6.5244,3.3792,30,Good,3.47,8.45,264.1,0.09,0.14,64,25.94,82,5.67,1012
2026-07-21T20:13:39,Abuja,9.0765,7.3986,97,Moderate,33.87,45.39,560.88,3.63,0.65,15.3,24.24,90,1.46,1013
2026-07-21T20:13:40,Port Harcourt,4.8156,7.0498,33,Good,6.42,9.25,330.97,0.15,0.17,69.18,24.81,90,3.59,1013
2026-07-21T20:13:41,Kano,12.0022,8.592,110,Unhealthy for Sensitive Groups,39.01,57.61,749.92,6.84,1.36,35.7,25.43,67,6.99,1012
2026-07-21T20:13:41,Ibadan,7.3775,3.947,33,Good,8.01,20.97,340.83,1.68,0.87,56.08,23.4,95,2.04,1012
2026-07-21T20:13:42,Kaduna,10.5222,7.4383,76,Moderate,23.91,30.17,555.83,3.7,0.43,15.04,20.88,84,0.94,1014
2026-07-21T20:13:43,Ogun (Ode-Remo),6.85,3.6167,29,Good,3.71,10.44,247.6,0.09,0.15,61.75,24.77,87,2.57,1012
2026-07-21T21:54:29,Lagos,6.5244,3.3792,31,Good,3.22,7.81,275.39,0.09,0.14,65.59,25.7,83,5.06,1014
2026-07-21T21:54:30,Abuja,9.0765,7.3986,108,Unhealthy for Sensitive Groups,38.32,52.15,616.47,3.75,0.63,16.7,22.93,93,2.42,1014
2026-07-21T21:54:31,Port Harcourt,4.8156,7.0498,33,Good,6.57,8.84,340.31,0.14,0.17,69.97,24.77,91,2.6,1014
2026-07-21T21:54:31,Kano,12.0022,8.592,124,Unhealthy for Sensitive Groups,44.88,65.59,835.95,7.21,1.21,23.92,24.66,71,7.83,1013
2026-07-21T21:54:32,Ibadan,7.3775,3.947,30,Good,7.25,19.41,330.92,1.4,0.75,56.32,22.95,97,1.86,1014
2026-07-21T21:54:33,Kaduna,10.5222,7.4383,73,Moderate,22.75,27.72,553.19,3.54,0.41,14.92,20.54,93,2.13,1015
2026-07-21T21:54:34,Ogun (Ode-Remo),6.85,3.6167,30,Good,3.5,9.5,259.6,0.09,0.14,63.05,24.35,89,1.88,1014
2026-07-21T22:44:44,Lagos,6.5244,3.3792,31,Good,3.14,7.8,280.43,0.09,0.15,66.53,25.61,84,5.22,1014
2026-07-21T22:44:44,Abuja,9.0765,7.3986,108,Unhealthy for Sensitive Groups,38.48,52.04,615.92,3.45,0.5,15.26,21.81,95,2.42,1014
2026-07-21T22:44:45,Port Harcourt,4.8156,7.0498,33,Good,6.62,8.68,346.12,0.13,0.17,70.4,24.55,92,2.43,1014
2026-07-21T22:44:45,Kano,12.0022,8.592,128,Unhealthy for Sensitive Groups,46.39,66.07,854.18,7.08,0.97,18.25,24.25,72,6.24,1013
2026-07-21T22:44:46,Ibadan,7.3775,3.947,27,Good,6.27,17.1,315.4,1.16,0.62,56.66,22.76,97,1.74,1014
2026-07-21T22:44:46,Kaduna,10.5222,7.4383,72,Moderate,22.01,25.91,548.47,3.42,0.37,14.54,20.78,92,1.86,1014
2026-07-21T22:44:47,Ogun (Ode-Remo),6.85,3.6167,30,Good,3.42,9.23,265.97,0.09,0.14,63.65,24.37,89,2.07,1014
2026-07-21T23:47:55,Lagos,6.5244,3.3792,32,Good,3.11,7.93,284.06,0.09,0.16,67.38,24.68,88,3.17,1013
2026-07-21T23:47:55,Abuja,9.0765,7.3986,108,Unhealthy for Sensitive Groups,38.38,50.91,607.32,3.03,0.4,13.75,20.95,96,1.96,1013
2026-07-21T23:47:55,Port Harcourt,4.8156,7.0498,34,Good,6.73,8.75,352.06,0.13,0.16,71.22,24.43,93,2.15,1013
2026-07-21T23:47:55,Kano,12.0022,8.592,128,Unhealthy for Sensitive Groups,46.63,63.79,851.16,6.5,0.79,14.3,24.93,68,7.97,1012
2026-07-21T23:47:56,Ibadan,7.3775,3.947,27,Good,5.59,15.38,305.9,0.95,0.55,57.09,22.73,97,1.39,1013
2026-07-21T23:47:56,Kaduna,10.5222,7.4383,71,Moderate,21.49,24.67,545.54,3.22,0.35,14.45,21.75,84,1.55,1013
2026-07-21T23:47:56,Ogun (Ode-Remo),6.85,3.6167,30,Good,3.35,9.01,271.64,0.09,0.15,64.34,24.25,90,2.06,1013
2026-07-22T01:30:53,Lagos,6.5244,3.3792,32,Good,3.13,8.25,287.89,0.08,0.17,68.5,25.35,85,4.58,1012
2026-07-22T01:30:53,Abuja,9.0765,7.3986,109,Unhealthy for Sensitive Groups,38.61,48.18,595.82,2.47,0.31,11.41,22.17,91,0.78,1012
2026-07-22T01:30:54,Port Harcourt,4.8156,7.0498,35,Good,6.95,9.11,363.18,0.11,0.17,73.15,24.33,94,2.06,1012
2026-07-22T01:30:55,Kano,12.0022,8.592,125,Unhealthy for Sensitive Groups,45.34,56.97,821.34,5.25,0.62,10.08,25.14,70,3.88,1011
2026-07-22T01:30:56,Ibadan,7.3775,3.947,28,Good,4.92,13.43,301.13,0.72,0.49,58.24,22.64,97,1.24,1013
2026-07-22T01:30:56,Kaduna,10.5222,7.4383,69,Moderate,20.45,23.09,527.1,2.6,0.29,16.12,21.26,88,0.74,1013
2026-07-22T01:30:57,Ogun (Ode-Remo),6.85,3.6167,31,Good,3.28,9.03,279,0.08,0.17,65.61,24.26,90,1.65,1012
2026-07-22T04:58:39,Lagos,6.5244,3.3792,34,Good,3.31,9.11,303.19,0.08,0.19,71.56,25.13,86,4.28,1013
2026-07-22T04:58:39,Abuja,9.0765,7.3986,102,Unhealthy for Sensitive Groups,35.76,43.53,559.51,2.16,0.3,11.41,21.62,92,0.41,1013
2026-07-22T04:58:39,Port Harcourt,4.8156,7.0498,36,Good,7.44,10.24,371.22,0.1,0.19,76.56,24.19,94,1.64,1013
2026-07-22T04:58:40,Kano,12.0022,8.592,117,Unhealthy for Sensitive Groups,42.08,51.47,783.11,4.33,0.56,9.05,25.12,69,3.38,1011
2026-07-22T04:58:40,Ibadan,7.3775,3.947,28,Good,4.74,13.67,311.07,0.76,0.55,60.31,22.61,97,1.39,1013
2026-07-22T04:58:40,Kaduna,10.5222,7.4383,70,Moderate,21.37,23.71,525.35,2.3,0.2,11.72,20.76,89,0.88,1013
2026-07-22T04:58:41,Ogun (Ode-Remo),6.85,3.6167,32,Good,3.22,9.17,286.15,0.08,0.17,67.91,24.02,93,1.44,1013
2026-07-22T07:33:29,Lagos,6.5244,3.3792,37,Good,3.98,9.64,333.57,0.09,0.24,77.32,25.84,81,4.21,1014
2026-07-22T07:33:29,Abuja,9.0765,7.3986,86,Moderate,28.61,36.72,566.83,2.3,0.52,22.86,25.03,86,1.64,1014
2026-07-22T07:33:30,Port Harcourt,4.8156,7.0498,37,Good,6.58,9.15,361.07,0.12,0.2,78.79,25.89,85,3.43,1014
2026-07-22T07:33:30,Kano,12.0022,8.592,112,Unhealthy for Sensitive Groups,40.15,54.73,797.94,4.18,1.1,30.42,29.76,53,2.59,1012
2026-07-22T07:33:30,Ibadan,7.3775,3.947,31,Good,7.32,18.49,395.62,2.14,0.93,60.81,24.04,89,2.1,1015
2026-07-22T07:33:31,Kaduna,10.5222,7.4383,80,Moderate,26.06,31.08,597.47,2.98,0.34,10.22,25.37,74,1.01,1014
2026-07-22T07:33:31,Ogun (Ode-Remo),6.85,3.6167,34,Good,3.42,8.88,302.27,0.08,0.19,71.37,24.95,86,2.06,1014
2026-07-22T10:14:12,Lagos,6.5244,3.3792,37,Good,4.42,9.47,345.39,0.06,0.24,78.65,26.92,76,4.11,1014
2026-07-22T10:14:12,Abuja,9.0765,7.3986,72,Moderate,22.16,28.2,514.51,1.02,0.47,44.43,27.25,76,1.85,1013
2026-07-22T10:14:13,Port Harcourt,4.8156,7.0498,38,Good,5.57,7.92,345.66,0.11,0.2,79.77,26.84,80,3.65,1014
2026-07-22T10:14:14,Kano,12.0022,8.592,97,Moderate,34.12,45.33,611.66,1.29,0.91,57.96,33.32,41,1.91,1011
2026-07-22T10:14:15,Ibadan,7.3775,3.947,35,Good,8.34,19.67,407.75,1.45,0.94,66.19,24.66,86,1.76,1014
2026-07-22T10:14:15,Kaduna,10.5222,7.4383,70,Moderate,21.16,23.45,480,1.32,0.16,36.72,29.27,58,1.76,1013
2026-07-22T10:14:16,Ogun (Ode-Remo),6.85,3.6167,35,Good,3.87,10.43,317.53,0.05,0.2,73.43,27.45,73,2.21,1014
2026-07-22T12:21:45,Lagos,6.5244,3.3792,37,Good,4.78,9.25,347.88,0.04,0.22,77.28,29.54,63,2.79,1013
2026-07-22T12:21:45,Abuja,9.0765,7.3986,67,Moderate,19.67,23.99,449.56,0.58,0.41,54.94,28.07,73,1.22,1012
2026-07-22T12:21:46,Port Harcourt,4.8156,7.0498,38,Good,5.05,7.28,331.09,0.11,0.19,80.3,26.49,83,3.5,1013
2026-07-22T12:21:46,Kano,12.0022,8.592,82,Moderate,26.87,36.69,486.2,1.18,0.74,54.25,36.8,29,0.68,1009
2026-07-22T12:21:47,Ibadan,7.3775,3.947,32,Good,7.6,17.22,392.47,1.11,0.82,67.04,27.24,74,2.71,1013
2026-07-22T12:21:47,Kaduna,10.5222,7.4383,61,Moderate,16.72,18.27,430.44,0.78,0.12,42.21,31.31,52,2.27,1012
2026-07-22T12:21:48,Ogun (Ode-Remo),6.85,3.6167,34,Good,4.28,10.84,324.82,0.04,0.21,72.49,27.45,74,1.43,1013
2026-07-22T14:55:56,Lagos,6.5244,3.3792,36,Good,4.63,7.45,340.35,0.04,0.17,75.51,28,73,6.66,1011
2026-07-22T14:55:57,Abuja,9.0765,7.3986,42,Good,10.08,13.34,446.11,1.37,0.35,41.27,22.81,93,4.09,1012
2026-07-22T14:55:57,Port Harcourt,4.8156,7.0498,38,Good,5.64,9.1,314.02,0.1,0.22,79.88,25.41,88,3.6,1012
2026-07-22T14:55:57,Kano,12.0022,8.592,69,Moderate,20.48,25.53,435.65,1.13,0.71,50.6,37.74,25,1.59,1007
2026-07-22T14:55:58,Ibadan,7.3775,3.947,32,Good,5.13,10.67,366.74,0.61,0.54,68.19,27.55,79,1.83,1011
2026-07-22T14:55:58,Kaduna,10.5222,7.4383,52,Moderate,12.44,13.32,418.88,0.7,0.09,45,31.96,49,1.55,1009
2026-07-22T14:55:58,Ogun (Ode-Remo),6.85,3.6167,34,Good,3.99,7.52,333.68,0.06,0.15,72.11,29.18,70,3.19,1011
2026-07-22T16:15:12,Lagos,6.5244,3.3792,36,Good,4.79,8.17,332.1,0.05,0.18,75.33,27.46,75,6.62,1011
2026-07-22T16:15:12,Abuja,9.0765,7.3986,43,Good,10.42,13.79,452.49,1.87,0.38,38.02,22.36,90,0.9,1011
2026-07-22T16:15:12,Port Harcourt,4.8156,7.0498,38,Good,5.59,8.95,309.82,0.1,0.22,79.74,24.92,90,3.15,1012
2026-07-22T16:15:13,Kano,12.0022,8.592,81,Moderate,26.21,34.38,521.94,2.78,0.92,42.76,37.29,26,1.97,1006
2026-07-22T16:15:13,Ibadan,7.3775,3.947,33,Good,4.97,10.21,365.74,0.65,0.49,68.89,26.74,84,1.99,1011
2026-07-22T16:15:13,Kaduna,10.5222,7.4383,52,Moderate,12.79,14.09,430.26,1.09,0.12,39.82,30.56,57,2.81,1009
2026-07-22T16:15:14,Ogun (Ode-Remo),6.85,3.6167,34,Good,4.29,8.1,336.08,0.06,0.16,72.55,28.55,73,2.99,1011
2026-07-22T18:02:25,Lagos,6.5244,3.3792,36,Good,5.1,10.92,310.54,0.07,0.24,75.17,26.27,81,6.36,1012
2026-07-22T18:02:25,Abuja,9.0765,7.3986,47,Good,11.2,14.96,472.17,2.63,0.44,33.89,22.11,88,1.58,1012
2026-07-22T18:02:26,Port Harcourt,4.8156,7.0498,37,Good,5.48,8.75,297,0.11,0.22,77.95,24.33,92,3.71,1012
2026-07-22T18:02:26,Kano,12.0022,8.592,124,Unhealthy for Sensitive Groups,44.67,64.58,815.46,8.43,1.62,24.91,35.05,30,1.62,1007
2026-07-22T18:02:26,Ibadan,7.3775,3.947,32,Good,5.99,12.24,390.41,1.23,0.58,68.27,24.08,94,1.86,1012
2026-07-22T18:02:27,Kaduna,10.5222,7.4383,58,Moderate,15.54,18.46,474.77,2.22,0.24,29.48,24.04,88,3.53,1012
2026-07-22T18:02:27,Ogun (Ode-Remo),6.85,3.6167,35,Good,4.8,9.36,330.87,0.08,0.19,73.78,25.47,85,2.93,1012
2026-07-22T20:06:19,Lagos,6.5244,3.3792,36,Good,5.66,13.68,299.33,0.08,0.28,76.73,25.78,83,5.44,1013
2026-07-22T20:06:19,Abuja,9.0765,7.3986,50,Good,11.95,17.44,485.92,2.89,0.5,29.69,21.82,92,1.94,1014
2026-07-22T20:06:20,Port Harcourt,4.8156,7.0498,36,Good,5.41,9.23,283.51,0.11,0.22,75.53,23.86,94,2.11,1014
2026-07-22T20:06:21,Kano,12.0022,8.592,154,Unhealthy,61.37,90.19,1083.96,12.24,2.56,17.39,24.84,68,15.37,1013
2026-07-22T20:06:22,Ibadan,7.3775,3.947,32,Good,7.35,15.21,403.71,1.34,0.71,68.59,22.82,96,2.2,1013
2026-07-22T20:06:22,Kaduna,10.5222,7.4383,63,Moderate,17.6,21.64,509.91,2.75,0.31,24.65,22.64,90,2.91,1012
2026-07-22T20:06:23,Ogun (Ode-Remo),6.85,3.6167,35,Good,5.12,10.55,314.73,0.07,0.21,74.87,24.36,90,2.44,1013
2026-07-22T21:57:01,Lagos,6.5244,3.3792,37,Good,5.85,14.12,298.35,0.08,0.28,79.19,25.56,84,5.22,1014
2026-07-22T21:57:01,Abuja,9.0765,7.3986,54,Moderate,13.39,19.89,505.09,2.77,0.49,25,21.01,95,1.99,1015
2026-07-22T21:57:02,Port Harcourt,4.8156,7.0498,35,Good,5.16,10.56,276.13,0.09,0.23,73.5,24.09,93,1.65,1015
2026-07-22T21:57:02,Kano,12.0022,8.592,160,Unhealthy,72.76,102.03,1247.4,14.18,2.81,13.04,24.16,70,5.09,1016
2026-07-22T21:57:02,Ibadan,7.3775,3.947,33,Good,7.98,16.16,396.3,1.33,0.73,68.35,22.1,98,1.27,1015
2026-07-22T21:57:03,Kaduna,10.5222,7.4383,65,Moderate,18.55,22.16,522.73,2.87,0.3,21.89,21.76,87,4.73,1016
2026-07-22T21:57:03,Ogun (Ode-Remo),6.85,3.6167,36,Good,5.38,10.95,301.01,0.07,0.22,75.81,23.98,92,1.73,1015
2026-07-22T22:56:09,Lagos,6.5244,3.3792,38,Good,5.7,13.46,300.09,0.08,0.26,80.48,25.45,85,4.66,1015
2026-07-22T22:56:10,Abuja,9.0765,7.3986,54,Moderate,13.57,19.57,502.7,2.56,0.43,23.46,20.84,96,1.69,1015
2026-07-22T22:56:10,Port Harcourt,4.8156,7.0498,34,Good,4.98,11.47,275.72,0.09,0.24,72.54,23.91,93,1.7,1015
2026-07-22T22:56:11,Kano,12.0022,8.592,158,Unhealthy,68.27,90.7,1186.46,12.39,2,13.43,24.07,70,3.56,1014
2026-07-22T22:56:12,Ibadan,7.3775,3.947,32,Good,7.45,14.72,376.67,1.15,0.64,68.47,21.94,99,0.79,1016
2026-07-22T22:56:13,Kaduna,10.5222,7.4383,63,Moderate,17.95,20.82,515.05,2.79,0.24,20.53,20.72,90,1.94,1015
2026-07-22T22:56:14,Ogun (Ode-Remo),6.85,3.6167,36,Good,5.44,10.69,297.12,0.07,0.22,76.49,23.69,93,0.93,1015
2026-07-22T23:56:00,Lagos,6.5244,3.3792,38,Good,5.48,12.6,302.54,0.07,0.24,81.46,25.12,86,3.67,1014
2026-07-22T23:56:00,Abuja,9.0765,7.3986,54,Moderate,13.35,18.85,496.81,2.36,0.39,22.9,20.77,95,1.84,1014
2026-07-22T23:56:01,Port Harcourt,4.8156,7.0498,34,Good,4.78,11.79,275.3,0.08,0.24,71.35,23.67,94,1.82,1014
2026-07-22T23:56:01,Kano,12.0022,8.592,155,Unhealthy,62.28,78.22,1102.53,10.19,1.32,14.95,24.34,68,4.37,1012
2026-07-22T23:56:01,Ibadan,7.3775,3.947,32,Good,7.11,13.66,361.99,0.99,0.58,68.75,21.94,99,1.14,1015
2026-07-22T23:56:02,Kaduna,10.5222,7.4383,62,Moderate,17.22,19.51,504.94,2.62,0.2,19.2,20.76,90,0.6,1014
2026-07-22T23:56:02,Ogun (Ode-Remo),6.85,3.6167,37,Good,5.44,10.23,296.06,0.07,0.21,77.48,23.39,95,0.67,1015
2026-07-23T01:53:56,Lagos,6.5244,3.3792,39,Good,5.03,10.82,305.25,0.07,0.21,82.41,24.72,88,3.3,1013
2026-07-23T01:53:57,Abuja,9.0765,7.3986,50,Good,11.97,15.33,491.56,2.15,0.34,22.22,21.05,97,0.67,1013
2026-07-23T01:53:57,Port Harcourt,4.8156,7.0498,33,Good,4.42,11.32,273.52,0.07,0.23,69.52,23.98,92,1.97,1013
2026-07-23T01:53:58,Kano,12.0022,8.592,140,Unhealthy for Sensitive Groups,51.17,60.08,910.83,6.24,0.79,20.91,23.93,71,4.35,1010
2026-07-23T01:53:58,Ibadan,7.3775,3.947,33,Good,6.63,12.05,348.53,0.79,0.52,69.61,22.14,99,1.78,1013
2026-07-23T01:53:59,Kaduna,10.5222,7.4383,59,Moderate,15.95,17.57,484.95,2.31,0.17,16.39,20.44,92,1.17,1012
2026-07-23T01:54:00,Ogun (Ode-Remo),6.85,3.6167,37,Good,5.11,9.38,298.17,0.07,0.19,79.37,23.17,96,1.51,1013
2026-07-23T05:16:13,Lagos,6.5244,3.3792,39,Good,5.09,10.17,298.68,0.07,0.2,81.85,24.73,87,3.13,1014
2026-07-23T05:16:14,Abuja,9.0765,7.3986,47,Good,11.16,13.69,494.19,2.02,0.29,18.14,21.01,96,1.17,1014
2026-07-23T05:16:15,Port Harcourt,4.8156,7.0498,32,Good,4.55,11.51,265.76,0.07,0.23,68.62,23.95,93,1.65,1014
2026-07-23T05:16:15,Kano,12.0022,8.592,108,Unhealthy for Sensitive Groups,38.5,44.71,744.3,3.81,0.61,21.99,24.66,67,4.4,1011
2026-07-23T05:16:16,Ibadan,7.3775,3.947,33,Good,6.71,12.67,360.94,0.97,0.57,70.53,22.06,98,1.22,1014
2026-07-23T05:16:17,Kaduna,10.5222,7.4383,57,Moderate,14.82,16.28,467.4,2.28,0.13,14.12,20.35,90,3.11,1014
2026-07-23T05:16:18,Ogun (Ode-Remo),6.85,3.6167,38,Good,4.79,8.85,302.17,0.06,0.17,80.92,23.09,96,1.23,1014
2026-07-23T08:11:34,Lagos,6.5244,3.3792,38,Good,4.99,8.87,289.96,0.08,0.19,79.63,25.62,84,3.28,1015
2026-07-23T08:11:35,Abuja,9.0765,7.3986,52,Moderate,12.56,17.49,543.62,2.26,0.44,16.87,20.96,94,2,1016
2026-07-23T08:11:35,Port Harcourt,4.8156,7.0498,32,Good,5.08,10.39,258.35,0.09,0.22,68.78,24.83,89,2.04,1015
2026-07-23T08:11:36,Kano,12.0022,8.592,87,Moderate,29.05,40.59,696.44,4.35,1.05,23.13,26,60,4.54,1014
2026-07-23T08:11:37,Ibadan,7.3775,3.947,49,Good,11.7,22.31,489.07,3.35,1.09,67.24,24.11,92,1.62,1016
2026-07-23T08:11:38,Kaduna,10.5222,7.4383,52,Moderate,12.67,14.86,486.03,2.47,0.2,17.69,23.31,82,3.85,1015
2026-07-23T08:11:39,Ogun (Ode-Remo),6.85,3.6167,38,Good,4.62,8.05,297.55,0.07,0.15,80.48,25.09,89,1.8,1015
2026-07-23T11:00:00,Lagos,6.5244,3.3792,36,Good,4.87,8.38,276.87,0.06,0.18,76.97,26.3,82,5.25,1015
2026-07-23T11:00:01,Abuja,9.0765,7.3986,31,Good,7.41,9.86,466.21,0.74,0.31,46.47,22.79,90,0.85,1015
2026-07-23T11:00:02,Port Harcourt,4.8156,7.0498,33,Good,5.8,10.32,247.28,0.06,0.21,69.27,25.73,84,2.77,1015
2026-07-23T11:00:02,Kano,12.0022,8.592,60,Moderate,16.27,22.92,464.37,1.02,0.79,47.57,31.84,41,4.78,1013
2026-07-23T11:00:03,Ibadan,7.3775,3.947,33,Good,7.74,14.51,391.53,1.53,0.76,70.73,26.32,85,1.23,1015
2026-07-23T11:00:04,Kaduna,10.5222,7.4383,41,Good,9.79,11.07,486.87,1.01,0.12,35.61,22.45,86,2.93,1015
2026-07-23T11:00:05,Ogun (Ode-Remo),6.85,3.6167,37,Good,4.67,8.47,283.83,0.06,0.15,77.4,26.73,83,1.88,1015
2026-07-23T12:24:45,Lagos,6.5244,3.3792,36,Good,4.94,8.77,271.08,0.05,0.19,75.58,25.26,86,4.74,1014
2026-07-23T12:24:45,Abuja,9.0765,7.3986,28,Good,6.6,8.67,447.84,0.69,0.29,49.13,25.11,73,1.78,1014
2026-07-23T12:24:45,Port Harcourt,4.8156,7.0498,32,Good,5.97,10.37,244.48,0.05,0.21,68.62,25.35,87,3.15,1014
2026-07-23T12:24:45,Kano,12.0022,8.592,58,Moderate,15.43,21.64,441.81,0.93,0.76,48.04,33.58,34,1.9,1011
2026-07-23T12:24:45,Ibadan,7.3775,3.947,33,Good,7.09,13.42,372.3,1.33,0.7,70.1,26.27,84,2.14,1014
2026-07-23T12:24:46,Kaduna,10.5222,7.4383,43,Good,10.3,11.49,485.97,0.73,0.11,40.98,26.72,68,2.55,1014
2026-07-23T12:24:47,Ogun (Ode-Remo),6.85,3.6167,36,Good,4.72,8.67,278.46,0.06,0.16,76.17,25.91,87,1.87,1014
2026-07-23T15:01:38,Lagos,6.5244,3.3792,35,Good,4.76,8.03,236.73,0.05,0.2,73.61,25.83,83,6.79,1012
2026-07-23T15:01:39,Abuja,9.0765,7.3986,21,Good,4.87,6.42,426.33,1,0.24,45.23,27.34,65,2.26,1011
2026-07-23T15:01:39,Port Harcourt,4.8156,7.0498,34,Good,6.77,10.25,239.06,0.07,0.2,70.98,25.62,84,4.23,1012
2026-07-23T15:01:39,Kano,12.0022,8.592,53,Moderate,13.16,17.13,368,0.95,0.61,44.37,35.66,29,2.81,1009
2026-07-23T15:01:40,Ibadan,7.3775,3.947,32,Good,5.64,9.39,335.9,1.35,0.53,68.5,25.43,88,2.55,1012
2026-07-23T15:01:40,Kaduna,10.5222,7.4383,40,Good,9.52,11.51,502.47,1.64,0.2,29.38,26.29,72,2.47,1012
2026-07-23T15:01:40,Ogun (Ode-Remo),6.85,3.6167,35,Good,4.11,6.35,252.12,0.06,0.15,74.56,25.81,88,3,1012
2026-07-23T17:09:06,Lagos,6.5244,3.3792,34,Good,4.84,8.19,218.01,0.06,0.2,71.52,25.6,83,6.57,1013
2026-07-23T17:09:06,Abuja,9.0765,7.3986,25,Good,5.97,7.99,458.6,1.67,0.31,37.61,26.27,76,1.16,1012
2026-07-23T17:09:07,Port Harcourt,4.8156,7.0498,33,Good,6.8,11.11,247.24,0.09,0.21,70.35,25.03,87,3.4,1013
2026-07-23T17:09:07,Kano,12.0022,8.592,71,Moderate,21.62,31.46,513.6,4.48,1.01,33.75,34.84,31,2.69,1009
2026-07-23T17:09:08,Ibadan,7.3775,3.947,32,Good,5.65,9.71,319.59,1.49,0.51,68.64,23.58,95,2.44,1012
2026-07-23T17:09:08,Kaduna,10.5222,7.4383,42,Good,10.07,12.62,528.27,2.32,0.24,25.39,25.61,76,1.86,1012
2026-07-23T17:09:09,Ogun (Ode-Remo),6.85,3.6167,35,Good,4.22,6.48,239.43,0.07,0.15,73.54,24.75,91,2.92,1012
2026-07-23T18:58:37,Lagos,6.5244,3.3792,33,Good,5.02,9.26,205.26,0.06,0.21,69.77,25.22,86,5.16,1014
2026-07-23T18:58:37,Abuja,9.0765,7.3986,32,Good,7.57,10.48,496.03,2.3,0.37,33.01,23.71,80,0.94,1014
2026-07-23T18:58:38,Port Harcourt,4.8156,7.0498,32,Good,6.48,11.65,256.31,0.09,0.22,68.47,23.37,97,2.17,1014
2026-07-23T18:58:38,Kano,12.0022,8.592,94,Moderate,32.62,50.5,714.14,8.21,1.46,22.72,31.35,40,2.06,1010
2026-07-23T18:58:38,Ibadan,7.3775,3.947,32,Good,6.62,11.86,316.08,1.43,0.6,68.06,22.66,97,2.45,1014
2026-07-23T18:58:39,Kaduna,10.5222,7.4383,42,Good,10.07,12.86,542.46,2.54,0.25,24.01,23.13,85,1.88,1014
2026-07-23T18:58:39,Ogun (Ode-Remo),6.85,3.6167,34,Good,4.36,6.97,223.88,0.07,0.15,71.66,23.68,94,2.25,1014
2026-07-23T20:10:45,Lagos,6.5244,3.3792,33,Good,5.23,10.71,202.32,0.06,0.24,68.81,25.12,86,4.91,1014
2026-07-23T20:10:45,Abuja,9.0765,7.3986,33,Good,7.98,11.21,503.99,2.34,0.38,32.34,23.34,81,0.92,1014
2026-07-23T20:10:46,Port Harcourt,4.8156,7.0498,32,Good,6.25,11.79,260.3,0.09,0.22,67.25,23.29,97,1.51,1015
2026-07-23T20:10:47,Kano,12.0022,8.592,105,Unhealthy for Sensitive Groups,36.99,57.66,786.88,8.75,1.49,19.55,30.79,41,2.48,1011
2026-07-23T20:10:47,Ibadan,7.3775,3.947,32,Good,6.97,12.89,309.51,1.33,0.62,67.27,22.54,97,2.22,1015
2026-07-23T20:10:48,Kaduna,10.5222,7.4383,42,Good,10.05,13.01,549.13,2.58,0.25,23,22.71,85,2.05,1014
2026-07-23T20:10:48,Ogun (Ode-Remo),6.85,3.6167,33,Good,4.56,7.92,217.41,0.06,0.17,70.55,23.56,95,2.04,1015
2026-07-23T21:56:33,Lagos,6.5244,3.3792,32,Good,5.28,11.44,204.59,0.06,0.26,67.72,24.98,86,4.33,1015
2026-07-23T21:56:33,Abuja,9.0765,7.3986,34,Good,8.12,11.64,497.05,2.28,0.37,31.68,22.58,87,1.35,1015
2026-07-23T21:56:34,Port Harcourt,4.8156,7.0498,30,Good,5.71,10.73,264.52,0.08,0.2,64.25,23.42,96,1.67,1016
2026-07-23T21:56:34,Kano,12.0022,8.592,110,Unhealthy for Sensitive Groups,39.09,57.71,820.69,8.09,1.16,14.93,28.15,57,4.17,1013
2026-07-23T21:56:35,Ibadan,7.3775,3.947,31,Good,7.24,13.98,291.07,1.19,0.63,65.07,22.32,98,1.54,1016
2026-07-23T21:56:35,Kaduna,10.5222,7.4383,34,Good,8.16,10.37,519.41,2.3,0.2,25.47,22.29,85,2.21,1015
2026-07-23T21:56:36,Ogun (Ode-Remo),6.85,3.6167,32,Good,4.96,9.69,208.66,0.05,0.21,68.53,23.53,95,1.54,1016
2026-07-23T22:49:24,Lagos,6.5244,3.3792,32,Good,5.12,10.54,210.51,0.06,0.25,67.66,24.93,86,3.99,1015
2026-07-23T22:49:24,Abuja,9.0765,7.3986,33,Good,7.89,11.34,482.31,2.16,0.34,31.44,22.19,90,1.29,1015
2026-07-23T22:49:25,Port Harcourt,4.8156,7.0498,30,Good,5.43,9.74,265.53,0.08,0.18,63.02,23.38,96,1.75,1015
2026-07-23T22:49:25,Kano,12.0022,8.592,102,Unhealthy for Sensitive Groups,35.9,49.31,781.39,7.05,0.83,13.89,27.39,63,4.7,1013
2026-07-23T22:49:26,Ibadan,7.3775,3.947,30,Good,6.62,12.77,269.33,0.98,0.54,64.04,22.31,98,1.41,1016
2026-07-23T22:49:26,Kaduna,10.5222,7.4383,31,Good,7.4,9.22,504.12,2.14,0.16,25.84,21.86,87,2.09,1015
2026-07-23T22:49:26,Ogun (Ode-Remo),6.85,3.6167,32,Good,5,9.68,207.43,0.05,0.21,67.7,23.47,96,1.28,1015
2026-07-23T23:52:06,Lagos,6.5244,3.3792,32,Good,4.94,9.9,217.67,0.06,0.23,67.69,23.62,94,1.96,1015
2026-07-23T23:52:06,Abuja,9.0765,7.3986,32,Good,7.68,11,466.85,1.99,0.32,31.14,21.6,91,1.48,1015
2026-07-23T23:52:07,Port Harcourt,4.8156,7.0498,29,Good,5.28,9.09,265.77,0.07,0.17,62.31,23.18,96,1.93,1014
2026-07-23T23:52:07,Kano,12.0022,8.592,94,Moderate,32.36,41.38,734.01,5.95,0.64,13.79,25.6,68,5.12,1013
2026-07-23T23:52:08,Ibadan,7.3775,3.947,30,Good,6.17,11.74,254.09,0.79,0.49,63.12,22.27,98,1.36,1015
2026-07-23T23:52:09,Kaduna,10.5222,7.4383,30,Good,7.15,8.74,496.53,1.98,0.14,25.39,20.67,90,1.33,1015
2026-07-23T23:52:10,Ogun (Ode-Remo),6.85,3.6167,32,Good,4.94,9.24,208.15,0.05,0.21,66.94,23.07,97,1.27,1015
2026-07-24T01:45:45,Lagos,6.5244,3.3792,32,Good,4.66,9.29,229.2,0.05,0.22,68.07,24.47,88,3.76,1014
2026-07-24T01:45:45,Abuja,9.0765,7.3986,32,Good,7.57,10.89,441.72,1.67,0.28,28.4,21.36,94,0.67,1015
2026-07-24T01:45:46,Port Harcourt,4.8156,7.0498,30,Good,5.63,8.75,265.74,0.07,0.16,63,22.99,97,1.6,1014
2026-07-24T01:45:47,Kano,12.0022,8.592,76,Moderate,24,28.62,604.17,4.03,0.58,17.54,25,70,4.18,1013
2026-07-24T01:45:48,Ibadan,7.3775,3.947,29,Good,5.97,11.42,248.86,0.65,0.46,61.96,22.07,98,1.52,1014
2026-07-24T01:45:49,Kaduna,10.5222,7.4383,31,Good,7.49,8.92,497.44,1.67,0.12,24.02,20.59,91,1.39,1015
2026-07-24T01:45:49,Ogun (Ode-Remo),6.85,3.6167,31,Good,4.79,8.86,215.4,0.05,0.19,66.56,23.01,97,1.23,1014
2026-07-24T05:00:51,Lagos,6.5244,3.3792,32,Good,4.28,8.87,239.74,0.05,0.21,67.86,24.58,87,3.94,1014
2026-07-24T05:00:52,Abuja,9.0765,7.3986,33,Good,8.03,12.33,421.53,1.53,0.28,20.84,21.52,95,0.74,1015
2026-07-24T05:00:52,Port Harcourt,4.8156,7.0498,32,Good,6.4,9.2,264.58,0.08,0.16,67.09,22.76,97,1.46,1014
2026-07-24T05:00:53,Kano,12.0022,8.592,67,Moderate,19.56,24.47,574.34,3.51,0.68,15.24,24.25,72,4.44,1013
2026-07-24T05:00:53,Ibadan,7.3775,3.947,29,Good,6.16,12.36,274.17,0.89,0.56,60.95,21.56,99,1.31,1014
2026-07-24T05:00:53,Kaduna,10.5222,7.4383,39,Good,9.36,11.02,540.44,1.69,0.11,22.35,20.37,92,1.98,1015
2026-07-24T05:00:54,Ogun (Ode-Remo),6.85,3.6167,32,Good,4.28,7.75,228.08,0.05,0.17,66.97,22.97,97,0.85,1014
2026-07-24T08:07:00,Lagos,6.5244,3.3792,32,Good,3.94,7.49,241.82,0.06,0.18,67.57,25.53,82,3.21,1016
2026-07-24T08:07:00,Abuja,9.0765,7.3986,46,Good,11.1,19.65,483.76,2.39,0.53,16.58,24.42,85,1.99,1016
2026-07-24T08:07:01,Port Harcourt,4.8156,7.0498,33,Good,6.39,8.86,262.88,0.1,0.15,69.21,24.99,87,1.06,1015
2026-07-24T08:07:02,Kano,12.0022,8.592,59,Moderate,16.03,23.71,613.04,3.6,1.19,22.63,27.9,55,3.98,1014
2026-07-24T08:07:02,Ibadan,7.3775,3.947,39,Good,9.47,19.78,379.7,2.7,1.01,58.06,23.85,90,1.67,1016
2026-07-24T08:07:03,Kaduna,10.5222,7.4383,44,Good,10.48,12.86,591.19,2.3,0.19,24.56,24.26,76,2.48,1015
2026-07-24T08:07:04,Ogun (Ode-Remo),6.85,3.6167,32,Good,4.1,7.86,235.1,0.06,0.16,66.82,25.23,87,1.82,1016
2026-07-24T10:53:31,Lagos,6.5244,3.3792,32,Good,3.76,6.59,239.04,0.04,0.15,66.75,27.45,73,4.67,1015
2026-07-24T10:53:32,Abuja,9.0765,7.3986,23,Good,5.05,7.84,349.21,0.69,0.33,48.5,27.05,73,2.47,1015
2026-07-24T10:53:32,Port Harcourt,4.8156,7.0498,32,Good,5.84,8.14,260.97,0.09,0.14,67.59,25.74,84,2.13,1015
2026-07-24T10:53:33,Kano,12.0022,8.592,40,Good,9.68,13.87,495.7,0.99,0.64,46.15,33.54,36,2.46,1012
2026-07-24T10:53:34,Ibadan,7.3775,3.947,29,Good,6.21,13.03,309.09,1.09,0.66,62.04,27.19,74,2.31,1015
2026-07-24T10:53:35,Kaduna,10.5222,7.4383,30,Good,7.21,8.71,482.83,0.83,0.14,47.04,28.89,59,3.02,1014
2026-07-24T10:53:35,Ogun (Ode-Remo),6.85,3.6167,31,Good,4.14,8.66,236.95,0.04,0.15,66.15,28.06,72,2.46,1015
2026-07-24T12:12:44,Lagos,6.5244,3.3792,31,Good,3.73,6.45,237.89,0.04,0.15,65.97,27.42,73,5.52,1015
2026-07-24T12:12:45,Abuja,9.0765,7.3986,24,Good,5.01,7.5,346.45,0.56,0.31,49.97,27.47,72,2.93,1014
2026-07-24T12:12:46,Port Harcourt,4.8156,7.0498,31,Good,5.74,8.29,259.37,0.09,0.15,66.54,26.33,81,2.45,1014
2026-07-24T12:12:47,Kano,12.0022,8.592,40,Good,9.5,13.3,482.69,0.89,0.59,48.07,35.01,32,1.77,1011
2026-07-24T12:12:48,Ibadan,7.3775,3.947,29,Good,5.69,12.1,296.76,0.89,0.59,62.04,27,77,2.54,1014
2026-07-24T12:12:49,Kaduna,10.5222,7.4383,29,Good,7.05,8.39,460.45,0.63,0.13,51.06,29.78,56,2.97,1013
2026-07-24T12:12:50,Ogun (Ode-Remo),6.85,3.6167,31,Good,4.1,8.69,237.24,0.04,0.16,65.53,28.29,71,2.63,1014
2026-07-24T14:44:22,Lagos,6.5244,3.3792,28,Good,3.44,6.99,233.99,0.03,0.16,58.9,27.15,72,5.7,1012
2026-07-24T14:44:23,Abuja,9.0765,7.3986,23,Good,3.67,5.9,328.7,0.61,0.28,49.08,27.93,72,2.59,1011
2026-07-24T14:44:23,Port Harcourt,4.8156,7.0498,29,Good,5.07,9.59,255.32,0.08,0.2,61.94,28.09,74,3.51,1012
2026-07-24T14:44:23,Kano,12.0022,8.592,28,Good,6.81,9.7,508.52,1.28,0.51,45.3,36.53,28,1,1008
2026-07-24T14:44:24,Ibadan,7.3775,3.947,27,Good,4.7,13.63,288.38,0.73,0.57,57.97,25.87,86,2.36,1012
2026-07-24T14:44:25,Kaduna,10.5222,7.4383,26,Good,4.59,5.59,367.45,0.45,0.1,55.22,28.51,63,3.04,1011
2026-07-24T14:44:26,Ogun (Ode-Remo),6.85,3.6167,28,Good,3.69,11.23,238.87,0.03,0.2,59.03,26.45,82,2.41,1012
2026-07-24T16:17:39,Lagos,6.5244,3.3792,27,Good,3.44,6.79,233.71,0.03,0.15,58.15,26.96,73,5.51,1012
2026-07-24T16:17:40,Abuja,9.0765,7.3986,21,Good,5.04,8.17,354.34,1.09,0.35,45.26,27.81,73,2.7,1011
2026-07-24T16:17:40,Port Harcourt,4.8156,7.0498,29,Good,4.85,9.67,254.14,0.08,0.2,61.06,27.67,76,3.73,1011
2026-07-24T16:17:41,Kano,12.0022,8.592,35,Good,8.35,11.84,530.4,1.73,0.66,46.4,36.45,28,1.33,1008
2026-07-24T16:17:41,Ibadan,7.3775,3.947,27,Good,4.85,14.42,298.79,0.95,0.63,56.94,25.2,90,2.34,1012
2026-07-24T16:17:42,Kaduna,10.5222,7.4383,23,Good,5.38,6.86,384.29,1.03,0.15,48.2,27.09,71,2.98,1011
2026-07-24T16:17:42,Ogun (Ode-Remo),6.85,3.6167,28,Good,3.56,10.86,239.99,0.04,0.2,58.43,25.92,84,2.26,1012
2026-07-24T18:11:05,Lagos,6.5244,3.3792,28,Good,3.53,6.53,230.29,0.04,0.14,58.32,26.06,77,4.95,1013
2026-07-24T18:11:06,Abuja,9.0765,7.3986,38,Good,9.18,15.77,444.05,2.82,0.52,27.6,24.33,87,1.23,1012
2026-07-24T18:11:07,Port Harcourt,4.8156,7.0498,28,Good,4.59,10,252.67,0.1,0.21,59.08,25.31,86,2.96,1012
2026-07-24T18:11:07,Kano,12.0022,8.592,53,Moderate,13.23,19.37,616.94,3.74,1.03,40.56,33.7,33,1.49,1009
2026-07-24T18:11:08,Ibadan,7.3775,3.947,26,Good,6.11,17.19,337.67,1.73,0.83,54.82,23.34,96,1.9,1013
2026-07-24T18:11:08,Kaduna,10.5222,7.4383,32,Good,7.79,11.41,446.75,3.2,0.32,32.88,24.83,81,2.33,1012
2026-07-24T18:11:09,Ogun (Ode-Remo),6.85,3.6167,27,Good,3.35,9.23,238.67,0.06,0.17,58.15,24.5,87,2.06,1013
2026-07-24T20:10:20,Lagos,6.5244,3.3792,28,Good,3.74,6.76,227.73,0.05,0.15,59.83,25.71,81,4.36,1014
2026-07-24T20:10:21,Abuja,9.0765,7.3986,52,Moderate,12.37,20.91,505.59,3.39,0.54,20.2,23.82,86,0.85,1014
2026-07-24T20:10:21,Port Harcourt,4.8156,7.0498,27,Good,4.3,8.6,255.19,0.11,0.21,57.63,24.63,90,2.43,1014
2026-07-24T20:10:21,Kano,12.0022,8.592,72,Moderate,21.87,32.97,771.2,5.98,1.34,29,31.7,40,2.48,1011
2026-07-24T20:10:22,Ibadan,7.3775,3.947,31,Good,7.45,19.11,359.86,1.86,0.92,53.6,22.67,97,1.39,1014
2026-07-24T20:10:22,Kaduna,10.5222,7.4383,41,Good,9.87,14.73,484.96,3.58,0.44,28.57,22.92,91,2.69,1014
2026-07-24T20:10:23,Ogun (Ode-Remo),6.85,3.6167,28,Good,3.38,8.1,234.72,0.06,0.14,58.9,23.71,90,1.54,1014
2026-07-24T21:55:35,Lagos,6.5244,3.3792,29,Good,4.01,7.08,225.36,0.06,0.16,61.5,25.46,83,4.27,1015
2026-07-24T21:55:35,Abuja,9.0765,7.3986,17,Good,12.08,17.84,490.15,2.76,0.42,22.58,23.13,89,0.46,1015
2026-07-24T21:55:36,Port Harcourt,4.8156,7.0498,27,Good,3.99,7.52,257.32,0.11,0.18,56.23,24.11,92,2.32,1015
2026-07-24T21:55:37,Kano,12.0022,8.592,89,Moderate,30.02,45.9,904.96,7.56,1.62,21.48,28.67,53,3.71,1013
2026-07-24T21:55:37,Ibadan,7.3775,3.947,33,Good,7.81,19.45,352.07,1.71,0.85,52.67,22.05,98,1.18,1015
2026-07-24T21:55:38,Kaduna,10.5222,7.4383,44,Good,10.51,14.45,480.94,2.87,0.34,26.07,22.52,92,2.31,1015
2026-07-24T21:55:39,Ogun (Ode-Remo),6.85,3.6167,28,Good,3.65,8.35,229.56,0.05,0.14,59.06,23.25,93,1.02,1015
2026-07-24T22:53:18,Lagos,6.5244,3.3792,29,Good,4.11,7.18,224.86,0.06,0.16,62.12,25.32,84,3.43,1015
2026-07-24T22:53:19,Abuja,9.0765,7.3986,49,Good,11.79,16.43,478.79,2.54,0.34,21.27,22.71,91,0.09,1015
2026-07-24T22:53:20,Port Harcourt,4.8156,7.0498,26,Good,3.93,7.3,257.76,0.11,0.18,55.65,23.88,93,1.87,1015
2026-07-24T22:53:20,Kano,12.0022,8.592,86,Moderate,28.9,43.71,881.49,7,1.22,20.03,28.49,56,3.62,1012
2026-07-24T22:53:21,Ibadan,7.3775,3.947,29,Good,6.98,17.56,328.03,1.43,0.71,52.52,21.83,98,1.29,1015
2026-07-24T22:53:22,Kaduna,10.5222,7.4383,44,Good,10.67,13.99,480.39,2.77,0.28,22.53,22.48,93,1.46,1015
2026-07-24T22:53:22,Ogun (Ode-Remo),6.85,3.6167,28,Good,3.79,8.51,228.02,0.05,0.15,59.38,23.09,93,1.1,1015
2026-07-24T23:55:27,Lagos,6.5244,3.3792,29,Good,4.16,7.27,225.07,0.06,0.16,62.43,25.15,85,3.8,1014
2026-07-24T23:55:28,Abuja,9.0765,7.3986,49,Good,11.84,15.8,472.69,2.32,0.28,19.38,22.52,92,0.89,1013
2026-07-24T23:55:29,Port Harcourt,4.8156,7.0498,26,Good,3.87,7.07,258.26,0.1,0.17,55.21,23.79,93,2.32,1014
2026-07-24T23:55:29,Kano,12.0022,8.592,81,Moderate,26.28,39.1,832.7,6.05,0.93,20.08,27.85,60,4.39,1012
2026-07-24T23:55:30,Ibadan,7.3775,3.947,26,Good,6.18,15.42,302.56,1.08,0.59,52.68,21.58,98,1.23,1014
2026-07-24T23:55:30,Kaduna,10.5222,7.4383,44,Good,10.68,13.32,475.01,2.52,0.25,19.9,22.15,93,1.44,1014
2026-07-24T23:55:31,Ogun (Ode-Remo),6.85,3.6167,28,Good,3.92,8.39,227.17,0.05,0.15,59.84,22.94,94,0.93,1014
2026-07-25T01:45:40,Lagos,6.5244,3.3792,30,Good,4.08,7.28,225.76,0.06,0.16,62.5,24.95,85,3.41,1013
2026-07-25T01:45:40,Abuja,9.0765,7.3986,53,Moderate,13.03,17.06,472.37,1.93,0.23,15.28,22.06,95,1.28,1013
2026-07-25T01:45:41,Port Harcourt,4.8156,7.0498,26,Good,3.87,7.45,260.01,0.09,0.18,54.74,23.57,94,1.78,1013
2026-07-25T01:45:42,Kano,12.0022,8.592,73,Moderate,22.43,32.33,760.84,4.58,0.68,20.04,27.04,66,3.91,1010
2026-07-25T01:45:42,Ibadan,7.3775,3.947,25,Good,5.49,13.04,272.44,0.7,0.46,53.58,21.25,98,1,1014
2026-07-25T01:45:43,Kaduna,10.5222,7.4383,46,Good,11.05,13.18,466.44,2.01,0.2,15.28,21.77,93,1.68,1013
2026-07-25T01:45:44,Ogun (Ode-Remo),6.85,3.6167,29,Good,4.1,8.26,225.38,0.05,0.15,60.83,22.7,96,0.95,1013
2026-07-25T04:56:32,Lagos,6.5244,3.3792,29,Good,3.63,6.69,225.86,0.05,0.15,62,24.8,86,3.05,1014
2026-07-25T04:56:33,Abuja,9.0765,7.3986,57,Moderate,15.03,18.99,480.45,1.78,0.22,10.63,21.71,97,1.22,1014
2026-07-25T04:56:33,Port Harcourt,4.8156,7.0498,26,Good,3.65,6.45,264.03,0.08,0.17,54.69,23.61,94,1.81,1014
2026-07-25T04:56:34,Kano,12.0022,8.592,59,Moderate,15.71,21.09,621.86,2.53,0.48,24.31,25.93,71,3.8,1012
2026-07-25T04:56:35,Ibadan,7.3775,3.947,25,Good,6.04,14.28,274.33,0.82,0.51,52.84,21.13,99,1.38,1015
2026-07-25T04:56:35,Kaduna,10.5222,7.4383,47,Good,11.22,12.75,455.94,1.67,0.16,13.81,21.35,94,1.91,1013
2026-07-25T04:56:36,Ogun (Ode-Remo),6.85,3.6167,29,Good,4.21,9.21,222.66,0.06,0.17,60.48,22.67,96,1.31,1014
2026-07-25T07:11:01,Lagos,6.5244,3.3792,29,Good,3.52,6.83,224.28,0.05,0.16,61.37,25.14,85,3.04,1015
2026-07-25T07:11:01,Abuja,9.0765,7.3986,63,Moderate,17.74,23.15,541.78,2.49,0.36,12.32,23.31,93,1.35,1015
2026-07-25T07:11:02,Port Harcourt,4.8156,7.0498,25,Good,3.28,5.34,266.96,0.1,0.14,53.79,24.6,89,2.11,1015
2026-07-25T07:11:02,Kano,12.0022,8.592,55,Moderate,14.05,20.47,577.74,2.72,0.67,26.36,27.49,63,5.09,1012
2026-07-25T07:11:03,Ibadan,7.3775,3.947,40,Good,9.54,23.06,358.76,2.27,0.91,49.95,22.24,96,1.66,1016
2026-07-25T07:11:03,Kaduna,10.5222,7.4383,50,Good,11.9,14.44,480.76,2.35,0.26,14.01,23.22,88,1.51,1015
2026-07-25T07:11:04,Ogun (Ode-Remo),6.85,3.6167,28,Good,4.14,10.59,222.85,0.07,0.18,59.54,23.9,92,1.55,1015
2026-07-25T09:27:46,Lagos,6.5244,3.3792,29,Good,3.58,7.51,222.51,0.04,0.17,60.66,27.04,74,3.89,1015
2026-07-25T09:27:47,Abuja,9.0765,7.3986,68,Moderate,20.1,25.82,603,2.11,0.39,16.49,25.59,84,2.49,1015
2026-07-25T09:27:47,Port Harcourt,4.8156,7.0498,25,Good,3.06,4.92,271.13,0.12,0.14,52.25,25.82,83,2.04,1015
2026-07-25T09:27:47,Kano,12.0022,8.592,54,Moderate,13.55,21.03,527.78,1.76,0.79,37.96,30.62,52,4.89,1012
2026-07-25T09:27:48,Ibadan,7.3775,3.947,42,Good,10.12,25.59,373.75,1.74,1.05,54.95,24.75,84,1.88,1015
2026-07-25T09:27:48,Kaduna,10.5222,7.4383,14,Good,12.08,15.28,483.99,1.86,0.24,18.6,24.84,81,2.5,1015
2026-07-25T09:27:49,Ogun (Ode-Remo),6.85,3.6167,28,Good,4.03,11.41,223.92,0.06,0.17,59.44,26.97,75,2.09,1015
2026-07-25T11:01:54,Lagos,6.5244,3.3792,27,Good,3.64,8.33,219.8,0.03,0.17,58.2,27.76,72,5.48,1014
2026-07-25T11:01:54,Abuja,9.0765,7.3986,52,Moderate,12.79,15.45,557.13,1.23,0.28,42.5,27.09,77,2.34,1014
2026-07-25T11:01:54,Port Harcourt,4.8156,7.0498,24,Good,2.84,4.65,271.68,0.1,0.14,50.6,28.12,72,2.59,1014
2026-07-25T11:01:54,Kano,12.0022,8.592,35,Good,8.48,12.53,424.94,0.73,0.48,48.37,33.99,41,3.89,1011
2026-07-25T11:01:55,Ibadan,7.3775,3.947,28,Good,6.31,16.61,294.57,0.59,0.67,58.5,27.78,71,1.98,1014
2026-07-25T11:01:55,Kaduna,10.5222,7.4383,33,Good,7.89,9.06,407.57,0.62,0.09,44.46,26.95,71,2.49,1013
2026-07-25T11:01:55,Ogun (Ode-Remo),6.85,3.6167,27,Good,4.02,11.47,223.7,0.04,0.18,57.82,29.86,62,2.09,1014
2026-07-25T13:00:04,Lagos,6.5244,3.3792,26,Good,3.65,9.08,217.48,0.02,0.18,54.46,27.93,72,5.6,1012
2026-07-25T13:00:04,Abuja,9.0765,7.3986,52,Moderate,12.63,14.86,552.11,1.1,0.26,46.39,28.08,72,2.5,1011
2026-07-25T13:00:05,Port Harcourt,4.8156,7.0498,23,Good,2.82,4.94,270.77,0.07,0.15,48.98,28.15,73,3.3,1012
2026-07-25T13:00:05,Kano,12.0022,8.592,36,Good,8.7,12.79,416.84,1.12,0.51,43.34,35.09,38,4.38,1009
2026-07-25T13:00:06,Ibadan,7.3775,3.947,27,Good,6.24,16.05,291.85,0.59,0.65,57.17,27.7,76,1.57,1012
2026-07-25T13:00:07,Kaduna,10.5222,7.4383,33,Good,7.84,8.89,408.95,0.61,0.08,44.86,29.86,59,2.7,1011
2026-07-25T13:00:08,Ogun (Ode-Remo),6.85,3.6167,26,Good,4.14,11.87,223.85,0.03,0.2,55.14,28.39,74,1.26,1012
2026-07-25T14:38:36,Lagos,6.5244,3.3792,23,Good,3.3,9.32,219.19,0.02,0.18,49.39,27.69,72,6.29,1011
2026-07-25T14:38:36,Abuja,9.0765,7.3986,41,Good,9.81,13.17,494.18,1.32,0.34,37.21,27.02,80,1.83,1010
2026-07-25T14:38:37,Port Harcourt,4.8156,7.0498,24,Good,2.91,4.81,274.09,0.11,0.15,50.39,27.6,75,3.83,1011
2026-07-25T14:38:37,Kano,12.0022,8.592,34,Good,8.15,11.42,387.66,1.09,0.43,43.9,35.46,36,4.25,1008
2026-07-25T14:38:37,Ibadan,7.3775,3.947,25,Good,5.22,13.05,262.94,0.56,0.5,52.41,28.92,69,1.79,1010
2026-07-25T14:38:38,Kaduna,10.5222,7.4383,27,Good,6.57,7.77,400.47,0.61,0.09,44.69,29.02,64,1.5,1010
2026-07-25T14:38:38,Ogun (Ode-Remo),6.85,3.6167,24,Good,3.75,11.13,219.96,0.03,0.19,51,28.41,74,2.11,1011
2026-07-25T15:56:17,Lagos,6.5244,3.3792,23,Good,3.28,9.44,218.55,0.03,0.18,48.61,27.26,74,6.35,1011
2026-07-25T15:56:18,Abuja,9.0765,7.3986,46,Good,11.13,14.87,504.88,1.66,0.39,37.16,26.65,82,1.76,1010
2026-07-25T15:56:19,Port Harcourt,4.8156,7.0498,24,Good,2.9,4.87,274.96,0.11,0.15,50.34,27.35,76,4.16,1011
2026-07-25T15:56:19,Kano,12.0022,8.592,38,Good,9.14,13.39,414.36,1.88,0.53,39.7,35.21,36,4.34,1007
2026-07-25T15:56:20,Ibadan,7.3775,3.947,24,Good,5.07,13.02,263.63,0.74,0.5,50.81,27.6,78,1.88,1010
2026-07-25T15:56:21,Kaduna,10.5222,7.4383,31,Good,7.55,9.14,413.21,0.9,0.13,38.13,26.82,79,1.85,1010
2026-07-25T15:56:22,Ogun (Ode-Remo),6.85,3.6167,24,Good,3.68,10.81,220.02,0.04,0.19,50.59,27.81,76,2.37,1010
2026-07-25T16:47:55,Lagos,6.5244,3.3792,23,Good,3.26,9.71,218.69,0.03,0.19,47.85,26.69,77,5.78,1011
2026-07-25T16:47:55,Abuja,9.0765,7.3986,49,Good,11.86,15.84,510.67,1.85,0.41,35.17,26.22,85,1.38,1010
2026-07-25T16:47:56,Port Harcourt,4.8156,7.0498,24,Good,2.93,4.97,274.93,0.11,0.15,50.39,26.42,81,3.89,1011
2026-07-25T16:47:56,Kano,12.0022,8.592,49,Good,11.68,17.86,465.18,3.09,0.68,34.12,34.53,37,5.28,1007
2026-07-25T16:47:56,Ibadan,7.3775,3.947,23,Good,5.25,14.1,270.13,0.99,0.55,49.06,25.8,88,2.29,1011
2026-07-25T16:47:57,Kaduna,10.5222,7.4383,38,Good,9.1,11.47,434.83,1.47,0.18,30.11,25.79,83,3.17,1009
2026-07-25T16:47:57,Ogun (Ode-Remo),6.85,3.6167,24,Good,3.62,10.97,219.46,0.04,0.19,49.75,26.45,82,2.52,1011
2026-07-25T17:50:07,Lagos,6.5244,3.3792,22,Good,3.26,10.12,219.01,0.05,0.21,47.04,26.17,79,5.72,1011
2026-07-25T17:50:08,Abuja,9.0765,7.3986,48,Good,11.61,15.71,509.56,2.05,0.42,34.02,24.57,89,1.61,1010
2026-07-25T17:50:08,Port Harcourt,4.8156,7.0498,24,Good,2.99,5.17,275.42,0.12,0.15,50.55,25.41,85,3.47,1012
2026-07-25T17:50:08,Kano,12.0022,8.592,56,Moderate,14.36,22.6,518.34,4.37,0.82,28.78,33.11,39,4.71,1007
2026-07-25T17:50:09,Ibadan,7.3775,3.947,23,Good,5.56,15.36,277.81,1.15,0.6,47.72,24.35,93,2.34,1011
2026-07-25T17:50:09,Kaduna,10.5222,7.4383,43,Good,10.4,13.63,458.51,2.1,0.24,25.31,24.34,88,1.15,1011
2026-07-25T17:50:09,Ogun (Ode-Remo),6.85,3.6167,23,Good,3.57,11.35,218.71,0.05,0.2,48.8,25.05,86,2.57,1011
2026-07-25T18:52:13,Lagos,6.5244,3.3792,22,Good,3.24,10.45,220.29,0.06,0.22,46.11,26.05,82,5.38,1012
2026-07-25T18:52:13,Abuja,9.0765,7.3986,45,Good,10.9,14.83,496.57,2.06,0.41,33.39,23.87,91,0.37,1012
2026-07-25T18:52:14,Port Harcourt,4.8156,7.0498,24,Good,3.05,5.23,276.86,0.11,0.15,50.88,25.16,90,2.59,1012
2026-07-25T18:52:14,Kano,12.0022,8.592,61,Moderate,16.9,27,560.16,4.91,0.89,24.68,30.65,47,4.53,1009
2026-07-25T18:52:14,Ibadan,7.3775,3.947,24,Good,5.8,16.44,282.14,1.16,0.63,46.67,23.76,96,1.93,1012
2026-07-25T18:52:15,Kaduna,10.5222,7.4383,48,Good,11.59,15.59,482.57,2.65,0.29,21.89,23.6,88,2.55,1013
2026-07-25T18:52:15,Ogun (Ode-Remo),6.85,3.6167,23,Good,3.54,11.84,218.24,0.06,0.21,47.79,24.78,89,2.08,1012
2026-07-25T20:05:25,Lagos,6.5244,3.3792,21,Good,3.17,10.56,222.02,0.06,0.23,44.96,25.82,83,5.2,1013
2026-07-25T20:05:25,Abuja,9.0765,7.3986,45,Good,10.74,14.79,495.26,2.09,0.39,31.25,23.56,92,0.7,1013
2026-07-25T20:05:25,Port Harcourt,4.8156,7.0498,24,Good,3.12,5.23,278.72,0.11,0.15,51.2,25,91,2.45,1013
2026-07-25T20:05:25,Kano,12.0022,8.592,66,Moderate,19.17,30.6,595.4,5.03,0.91,21.61,27.74,64,6.25,1010
2026-07-25T20:05:26,Ibadan,7.3775,3.947,24,Good,5.81,17.07,281.22,1.06,0.63,45.87,23.26,97,1.87,1013
2026-07-25T20:05:26,Kaduna,10.5222,7.4383,53,Moderate,12.86,17.24,508.76,3.02,0.29,19.04,22.67,93,2.13,1013
2026-07-25T20:05:26,Ogun (Ode-Remo),6.85,3.6167,22,Good,3.52,12.24,218.22,0.06,0.22,46.88,24.3,91,1.99,1012
2026-07-25T21:43:40,Lagos,6.5244,3.3792,20,Good,2.93,10.05,225.77,0.06,0.24,42.51,25.58,85,5.07,1014
2026-07-25T21:43:41,Abuja,9.0765,7.3986,45,Good,10.74,14.76,491.67,2.04,0.36,27.48,23.09,93,1.07,1014
2026-07-25T21:43:41,Port Harcourt,4.8156,7.0498,24,Good,3.25,5.33,281.11,0.1,0.15,50.82,24.69,92,2.14,1014
2026-07-25T21:43:42,Kano,12.0022,8.592,69,Moderate,20.87,31.86,610.89,4.62,0.79,18.42,27.4,66,6.17,1011
2026-07-25T21:43:43,Ibadan,7.3775,3.947,23,Good,5.6,17.47,275.88,0.93,0.61,43.83,22.54,98,1.76,1014
2026-07-25T21:43:44,Kaduna,10.5222,7.4383,53,Moderate,12.96,16.29,516.53,3.08,0.23,22.03,21.86,93,1.79,1015
2026-07-25T21:43:45,Ogun (Ode-Remo),6.85,3.6167,21,Good,3.41,12.45,219.53,0.06,0.23,44.73,23.92,92,1.78,1014
2026-07-25T22:43:27,Lagos,6.5244,3.3792,20,Good,2.79,9.61,228.29,0.06,0.24,41.53,25.5,86,4.87,1014
2026-07-25T22:43:28,Abuja,9.0765,7.3986,44,Good,10.62,14.41,486.71,1.97,0.31,25.76,22.83,94,1.09,1014
2026-07-25T22:43:28,Port Harcourt,4.8156,7.0498,24,Good,3.28,5.4,282.41,0.1,0.16,50.34,24.57,93,2.12,1014
2026-07-25T22:43:28,Kano,12.0022,8.592,67,Moderate,19.83,28.87,588.29,4.13,0.63,18.26,26.88,68,4.88,1011
2026-07-25T22:43:29,Ibadan,7.3775,3.947,21,Good,5.08,16.53,265.58,0.81,0.54,42.74,22.3,99,1.64,1014
2026-07-25T22:43:29,Kaduna,10.5222,7.4383,53,Moderate,12.96,15.89,518.92,3.11,0.2,20.51,21.45,92,2.39,1013
2026-07-25T22:43:29,Ogun (Ode-Remo),6.85,3.6167,21,Good,3.32,12.3,221,0.06,0.23,43.68,23.76,93,1.7,1014
2026-07-25T23:51:44,Lagos,6.5244,3.3792,19,Good,2.69,9.21,230.44,0.06,0.23,40.7,25.36,86,5.18,1013
2026-07-25T23:51:44,Abuja,9.0765,7.3986,43,Good,10.43,13.91,477.89,1.86,0.28,24.38,22.42,94,0.92,1013
2026-07-25T23:51:45,Port Harcourt,4.8156,7.0498,24,Good,3.31,5.47,283.77,0.1,0.16,49.96,24.52,93,2.17,1013
2026-07-25T23:51:45,Kano,12.0022,8.592,65,Moderate,18.6,25.82,560.34,3.61,0.52,18.67,26.16,69,5.07,1010
2026-07-25T23:51:45,Ibadan,7.3775,3.947,20,Good,4.7,15.65,258.93,0.69,0.5,41.65,22.02,99,1.44,1013
2026-07-25T23:51:46,Kaduna,10.5222,7.4383,53,Moderate,13.03,15.51,519.25,3.02,0.17,18.85,20.91,92,1.63,1013
2026-07-25T23:51:46,Ogun (Ode-Remo),6.85,3.6167,20,Good,3.21,11.81,223.17,0.07,0.23,42.63,23.68,93,2.2,1013
2026-07-26T01:48:16,Lagos,6.5244,3.3792,19,Good,2.6,8.93,234.67,0.06,0.23,39.45,25.18,87,4.67,1012
2026-07-26T01:48:17,Abuja,9.0765,7.3986,42,Good,10.06,13.27,452.24,1.65,0.25,22.48,22.13,92,0.31,1012
2026-07-26T01:48:17,Port Harcourt,4.8156,7.0498,23,Good,3.42,5.66,285.44,0.1,0.16,49.64,24.27,94,2.14,1012
2026-07-26T01:48:18,Kano,12.0022,8.592,62,Moderate,17.31,23.17,522.75,2.95,0.5,19.49,25.26,65,4.46,1010
2026-07-26T01:48:18,Ibadan,7.3775,3.947,19,Good,4.2,14.46,254.55,0.56,0.47,39.59,22.02,99,1.62,1013
2026-07-26T01:48:19,Kaduna,10.5222,7.4383,53,Moderate,13.17,15.15,516.24,2.5,0.13,17.66,21.15,93,1.58,1012
2026-07-26T01:48:20,Ogun (Ode-Remo),6.85,3.6167,19,Good,2.95,10.91,227.76,0.07,0.23,40.69,23.54,95,1.99,1012
2026-07-26T05:21:52,Lagos,6.5244,3.3792,18,Good,2.79,9.37,239.55,0.06,0.23,39.13,25.1,87,4.44,1013
2026-07-26T05:21:53,Abuja,9.0765,7.3986,39,Good,9.39,12.48,423.08,1.61,0.25,20,21.8,95,1.33,1013
2026-07-26T05:21:53,Port Harcourt,4.8156,7.0498,24,Good,3.62,6.02,288.58,0.09,0.16,51.04,24.11,92,2.09,1013
2026-07-26T05:21:53,Kano,12.0022,8.592,57,Moderate,15.01,19.87,472.35,2.14,0.69,22.03,24.54,67,4.28,1011
2026-07-26T05:21:54,Ibadan,7.3775,3.947,18,Good,3.85,13.13,263.32,0.62,0.49,37.16,22.18,98,1.29,1014
2026-07-26T05:21:55,Kaduna,10.5222,7.4383,52,Moderate,12.42,14.16,501.36,1.64,0.12,22.28,20.76,95,1.66,1013
2026-07-26T05:21:56,Ogun (Ode-Remo),6.85,3.6167,18,Good,2.75,9.96,234.81,0.07,0.22,38.78,23.29,96,0.98,1013
2026-07-26T08:07:46,Lagos,6.5244,3.3792,19,Good,3.24,9.93,239.25,0.06,0.24,40.03,26.19,81,5.01,1015
2026-07-26T08:07:46,Abuja,9.0765,7.3986,36,Good,8.56,13.26,415.58,1.75,0.38,22.34,24.61,89,1.28,1014
2026-07-26T08:07:46,Port Harcourt,4.8156,7.0498,24,Good,3.93,7.52,294.4,0.16,0.24,51.33,26.12,83,2.84,1015
2026-07-26T08:07:47,Kano,12.0022,8.592,58,Moderate,15.46,22.47,499.24,1.99,1.01,29.01,29.57,48,4.46,1012
2026-07-26T08:07:47,Ibadan,7.3775,3.947,23,Good,5.49,15.08,323.01,1.61,0.76,34.97,22.58,97,1.5,1015
2026-07-26T08:07:47,Kaduna,10.5222,7.4383,46,Good,11.02,13.4,501.55,1.7,0.18,21.08,24.96,80,3,1014
2026-07-26T08:07:48,Ogun (Ode-Remo),6.85,3.6167,18,Good,2.91,9.38,237,0.09,0.21,38.7,25.41,86,2.29,1015
2026-07-26T10:28:31,Lagos,6.5244,3.3792,19,Good,3.45,9.65,238.23,0.05,0.25,39.8,27.27,75,5.23,1015
2026-07-26T10:28:32,Abuja,9.0765,7.3986,26,Good,6.16,9.59,376.08,0.89,0.32,36.58,27.18,78,2.63,1014
2026-07-26T10:28:33,Port Harcourt,4.8156,7.0498,24,Good,4.17,8.48,300.84,0.17,0.3,51.48,28.16,75,3.67,1014
2026-07-26T10:28:33,Kano,12.0022,8.592,47,Good,11.25,15.6,454.35,1.08,0.7,41.9,33.61,37,4.22,1011
2026-07-26T10:28:34,Ibadan,7.3775,3.947,21,Good,5.11,13.62,312.95,0.97,0.71,38.21,24.25,89,2.16,1015
2026-07-26T10:28:35,Kaduna,10.5222,7.4383,37,Good,8.82,10.58,469.5,1.05,0.14,31.69,27.95,66,3.55,1014
2026-07-26T10:28:36,Ogun (Ode-Remo),6.85,3.6167,18,Good,3.09,9.97,239.85,0.08,0.22,38.84,27.89,74,2.67,1015
2026-07-26T11:54:51,Lagos,6.5244,3.3792,18,Good,3.66,9.71,236.83,0.04,0.26,38.4,27.29,75,6.37,1014
2026-07-26T11:54:52,Abuja,9.0765,7.3986,21,Good,4.93,7.13,357.6,0.52,0.24,42.37,28.83,70,2.59,1012
2026-07-26T11:54:52,Port Harcourt,4.8156,7.0498,25,Good,4.24,8.69,305.33,0.13,0.29,53,28.77,72,4.36,1013
2026-07-26T11:54:53,Kano,12.0022,8.592,30,Good,7.21,9.56,425.01,0.67,0.42,42.74,36.11,32,3.12,1009
2026-07-26T11:54:53,Ibadan,7.3775,3.947,20,Good,4.84,13.34,300.4,0.6,0.65,41.29,26.86,79,2.08,1013
2026-07-26T11:54:53,Kaduna,10.5222,7.4383,31,Good,7.48,8.69,437.39,0.59,0.1,39.99,29.36,61,3.94,1012
2026-07-26T11:54:54,Ogun (Ode-Remo),6.85,3.6167,18,Good,3.44,11.03,244.79,0.07,0.26,38.89,28.61,71,3.51,1013
2026-07-26T12:57:19,Lagos,6.5244,3.3792,18,Good,3.73,10.44,236.47,0.04,0.27,37.73,27.44,75,6.13,1013
2026-07-26T12:57:19,Abuja,9.0765,7.3986,22,Good,5.28,7.29,359.03,0.49,0.23,44.09,28.87,72,2.75,1011
2026-07-26T12:57:19,Port Harcourt,4.8156,7.0498,26,Good,4.01,7.71,307.83,0.1,0.24,54.27,28.66,73,4.61,1012
2026-07-26T12:57:20,Kano,12.0022,8.592,32,Good,7.79,10.65,442.74,0.9,0.47,40.51,36.13,31,2.53,1009
2026-07-26T12:57:20,Ibadan,7.3775,3.947,20,Good,4.43,12.57,290.62,0.47,0.57,42.6,27.31,78,2.4,1012
2026-07-26T12:57:20,Kaduna,10.5222,7.4383,32,Good,7.75,8.83,434.16,0.51,0.09,42.83,30.11,58,3.11,1011
2026-07-26T12:57:20,Ogun (Ode-Remo),6.85,3.6167,19,Good,3.64,11.56,248.33,0.07,0.28,39.35,28.01,76,3.42,1012
2026-07-26T14:26:25,Lagos,6.5244,3.3792,18,Good,2.69,5.01,243.22,0.03,0.14,39.07,27.33,75,6.67,1012
2026-07-26T14:26:25,Abuja,9.0765,7.3986,25,Good,6.02,7.3,326.19,0.33,0.16,45.7,28.33,75,2.42,1011
2026-07-26T14:26:26,Port Harcourt,4.8156,7.0498,29,Good,4.73,7.88,320.45,0.08,0.22,60.98,28.47,74,5.12,1011
2026-07-26T14:26:27,Kano,12.0022,8.592,65,Moderate,18.67,28.35,375.41,0.71,0.46,48.77,36.66,30,2.79,1008
2026-07-26T14:26:27,Ibadan,7.3775,3.947,19,Good,3.53,7.77,268.51,0.4,0.4,39.4,27.04,81,2.56,1012
2026-07-26T14:26:28,Kaduna,10.5222,7.4383,39,Good,9.45,10.37,391.1,0.45,0.09,47.35,30.1,58,2.82,1011
2026-07-26T14:26:29,Ogun (Ode-Remo),6.85,3.6167,18,Good,2.7,5.6,240.66,0.04,0.13,38.68,27.96,75,3.34,1012
2026-07-26T15:54:32,Lagos,6.5244,3.3792,18,Good,2.86,5.92,242.98,0.03,0.16,39.08,26.92,76,6.85,1011
2026-07-26T15:54:33,Abuja,9.0765,7.3986,34,Good,8.17,9.91,328.14,0.51,0.22,43.27,27.55,81,2.14,1010
2026-07-26T15:54:33,Port Harcourt,4.8156,7.0498,30,Good,5.5,9.92,333.25,0.09,0.22,62.73,27.24,79,4.71,1011
2026-07-26T15:54:34,Kano,12.0022,8.592,68,Moderate,20.19,28.82,429.42,2.22,0.58,37.13,36.6,30,4.46,1006
2026-07-26T15:54:34,Ibadan,7.3775,3.947,19,Good,3.48,8.29,268.9,0.47,0.42,39.28,26.07,87,2.53,1011
2026-07-26T15:54:35,Kaduna,10.5222,7.4383,46,Good,10.98,12.09,404.97,0.95,0.11,44.44,26.64,76,2.54,1010
2026-07-26T15:54:35,Ogun (Ode-Remo),6.85,3.6167,18,Good,2.73,6.32,240.35,0.05,0.15,38.15,27.47,77,3.4,1011
2026-07-26T16:46:46,Lagos,6.5244,3.3792,18,Good,3.06,7.05,241.89,0.04,0.19,38.81,26.45,78,6.54,1011
2026-07-26T16:46:46,Abuja,9.0765,7.3986,39,Good,9.35,11.57,339.71,0.86,0.28,41.33,26.63,87,1.47,1010
2026-07-26T16:46:47,Port Harcourt,4.8156,7.0498,30,Good,5.77,10.71,338.18,0.1,0.22,62.71,26.29,84,4.16,1011
2026-07-26T16:46:47,Kano,12.0022,8.592,75,Moderate,23.64,33.76,512.99,4.05,0.78,28.01,35.45,34,4.72,1007
2026-07-26T16:46:48,Ibadan,7.3775,3.947,18,Good,3.74,9.38,278.11,0.71,0.48,38.53,25.06,90,2.41,1011
2026-07-26T16:46:48,Kaduna,10.5222,7.4383,52,Moderate,12.49,14.05,428.16,1.62,0.15,39.36,25.71,81,2.21,1011
2026-07-26T16:46:49,Ogun (Ode-Remo),6.85,3.6167,18,Good,2.82,6.96,240.4,0.06,0.17,38.27,26.78,79,3.24,1011
2026-07-26T17:54:09,Lagos,6.5244,3.3792,18,Good,3.25,8.17,241.68,0.06,0.22,38.42,25.99,80,5.75,1012
2026-07-26T17:54:10,Abuja,9.0765,7.3986,42,Good,10.04,12.5,355.55,1.24,0.33,39.54,24.47,90,0.92,1011
2026-07-26T17:54:11,Port Harcourt,4.8156,7.0498,29,Good,5.88,11.13,340.88,0.11,0.23,62.42,25.07,89,3.69,1012
2026-07-26T17:54:11,Kano,12.0022,8.592,84,Moderate,27.81,40.67,602,5.81,1.06,23.01,33.67,37,3.23,1007
2026-07-26T17:54:12,Ibadan,7.3775,3.947,18,Good,4.12,10.53,288.28,0.97,0.54,37.39,23.67,95,1.95,1012
2026-07-26T17:54:12,Kaduna,10.5222,7.4383,55,Moderate,13.8,15.85,451.61,2.15,0.2,36.21,24.63,83,0.36,1011
2026-07-26T17:54:13,Ogun (Ode-Remo),6.85,3.6167,18,Good,2.94,7.58,240.63,0.07,0.19,38.43,25.3,84,2.9,1012
2026-07-26T18:55:39,Lagos,6.5244,3.3792,18,Good,3.37,8.92,241.9,0.07,0.24,38.05,25.93,82,5.52,1013
2026-07-26T18:55:40,Abuja,9.0765,7.3986,44,Good,10.68,13.64,373.6,1.66,0.37,34.63,24.44,90,1.26,1012
2026-07-26T18:55:41,Port Harcourt,4.8156,7.0498,29,Good,5.91,11.19,341.59,0.11,0.23,62.33,24.76,92,3.78,1013
2026-07-26T18:55:41,Kano,12.0022,8.592,93,Moderate,32.21,48.57,676.79,6.88,1.39,20.33,33.01,38,3.02,1007
2026-07-26T18:55:42,Ibadan,7.3775,3.947,19,Good,4.58,11.72,297.22,1.07,0.59,36.75,23.37,95,1.49,1013
2026-07-26T18:55:43,Kaduna,10.5222,7.4383,57,Moderate,14.8,17.26,466.98,2.32,0.24,34.15,22.12,84,2.01,1011
2026-07-26T18:55:44,Ogun (Ode-Remo),6.85,3.6167,18,Good,3.09,8.27,240.89,0.07,0.2,38.59,24.82,87,2.39,1013
2026-07-26T20:04:47,Lagos,6.5244,3.3792,18,Good,3.36,9.02,242.74,0.07,0.24,38,25.75,83,5.29,1013
2026-07-26T20:04:48,Abuja,9.0765,7.3986,50,Good,11.95,15.91,404.59,2.12,0.42,28.53,23.78,91,1.33,1012
2026-07-26T20:04:48,Port Harcourt,4.8156,7.0498,30,Good,5.93,11.4,340.66,0.11,0.23,62.49,24.63,92,3.66,1013
2026-07-26T20:04:49,Kano,12.0022,8.592,104,Unhealthy for Sensitive Groups,36.78,56.31,749.4,7.52,1.64,17.61,31.07,46,5.62,1009
2026-07-26T20:04:50,Ibadan,7.3775,3.947,21,Good,5.03,13.27,303.17,1.07,0.63,36.37,23.12,96,1.65,1013
2026-07-26T20:04:50,Kaduna,10.5222,7.4383,59,Moderate,15.72,18.48,483.11,2.36,0.24,32.01,22.1,84,0.45,1013
2026-07-26T20:04:50,Ogun (Ode-Remo),6.85,3.6167,18,Good,3.33,9.51,240.99,0.08,0.23,38.31,24.35,88,2.23,1013
2026-07-26T21:49:28,Lagos,6.5244,3.3792,18,Good,3.23,8.11,244.71,0.07,0.22,38.9,25.5,85,5.78,1013
2026-07-26T21:49:29,Abuja,9.0765,7.3986,54,Moderate,13.66,18.08,436.34,2.3,0.39,21.52,23.23,92,0.42,1013
2026-07-26T21:49:29,Port Harcourt,4.8156,7.0498,31,Good,5.87,11.23,335.04,0.1,0.24,64.62,24.1,94,3.18,1014
2026-07-26T21:49:29,Kano,12.0022,8.592,120,Unhealthy for Sensitive Groups,43.38,63.73,842.69,8.07,1.78,12.93,28.78,59,5.96,1010
2026-07-26T21:49:30,Ibadan,7.3775,3.947,23,Good,5.53,15.21,305.67,1.05,0.65,35.78,22.43,98,2.29,1013
2026-07-26T21:49:30,Kaduna,10.5222,7.4383,58,Moderate,15.42,17.51,465.03,1.92,0.17,31.07,20.94,87,1.67,1014
2026-07-26T21:49:31,Ogun (Ode-Remo),6.85,3.6167,18,Good,3.53,10.64,241.17,0.09,0.25,37.92,23.89,91,2.28,1013
2026-07-26T22:50:23,Lagos,6.5244,3.3792,19,Good,3.19,7.65,245.4,0.07,0.21,39.92,25.35,86,5.41,1014
2026-07-26T22:50:24,Abuja,9.0765,7.3986,54,Moderate,13.55,17.24,433.19,2.15,0.31,20.1,23.06,93,0.55,1013
2026-07-26T22:50:24,Port Harcourt,4.8156,7.0498,31,Good,5.7,10.02,331.33,0.09,0.22,66.28,23.89,95,2.89,1013
2026-07-26T22:50:25,Kano,12.0022,8.592,118,Unhealthy for Sensitive Groups,42.27,57.99,812.56,7,1.13,11.11,24.89,75,8.06,1012
2026-07-26T22:50:26,Ibadan,7.3775,3.947,21,Good,5.1,14.36,293.48,0.9,0.58,35.65,22.08,98,1.72,1014
2026-07-26T22:50:26,Kaduna,10.5222,7.4383,57,Moderate,14.96,16.62,458.37,1.83,0.13,29.39,21.33,85,1.1,1014
2026-07-26T22:50:27,Ogun (Ode-Remo),6.85,3.6167,18,Good,3.5,10.41,242.29,0.09,0.24,38.04,23.78,92,2.25,1014
2026-07-26T23:52:21,Lagos,6.5244,3.3792,20,Good,3.22,7.41,245.74,0.07,0.21,41.29,25.2,86,5.27,1013
2026-07-26T23:52:21,Abuja,9.0765,7.3986,54,Moderate,13.35,16.54,430.39,2.03,0.28,18.86,22.77,94,0.63,1012
2026-07-26T23:52:22,Port Harcourt,4.8156,7.0498,32,Good,5.53,8.94,327.27,0.08,0.21,67.86,23.74,95,2.64,1012
2026-07-26T23:52:22,Kano,12.0022,8.592,111,Unhealthy for Sensitive Groups,39.7,50.81,763.21,5.84,0.75,11.52,23.23,80,8.59,1011
2026-07-26T23:52:23,Ibadan,7.3775,3.947,20,Good,4.91,13.9,288.12,0.82,0.57,35.54,21.82,98,1.75,1014
2026-07-26T23:52:24,Kaduna,10.5222,7.4383,56,Moderate,14.63,16.02,455.85,1.78,0.12,27.48,21.14,89,2.37,1013
2026-07-26T23:52:24,Ogun (Ode-Remo),6.85,3.6167,18,Good,3.44,9.82,243.75,0.1,0.24,38.5,23.68,93,2.15,1013
2026-07-27T01:55:39,Lagos,6.5244,3.3792,21,Good,3.26,6.75,244.44,0.07,0.19,44.16,24.94,87,5.48,1012
2026-07-27T01:55:39,Abuja,9.0765,7.3986,52,Moderate,12.55,15.73,424.29,1.9,0.26,15.5,22,97,0.65,1012
2026-07-27T01:55:40,Port Harcourt,4.8156,7.0498,33,Good,5.41,8.47,317.92,0.08,0.22,70.07,23.47,96,1.78,1012
2026-07-27T01:55:40,Kano,12.0022,8.592,83,Moderate,27.39,32.94,578.51,3.24,0.73,22.69,24.76,67,6.29,1009
2026-07-27T01:55:40,Ibadan,7.3775,3.947,20,Good,4.91,13.78,288.61,0.78,0.59,35.45,21.89,99,1.48,1013
2026-07-27T01:55:41,Kaduna,10.5222,7.4383,56,Moderate,14.25,15.41,449.68,1.58,0.1,25.38,20.98,90,2.76,1011
2026-07-27T01:55:41,Ogun (Ode-Remo),6.85,3.6167,19,Good,3.46,9.6,246.36,0.11,0.23,40.16,23.28,94,2.12,1012
2026-07-27T05:40:19,Lagos,6.5244,3.3792,22,Good,3.44,7.48,245.31,0.1,0.24,46.76,24.7,87,4.79,1014
2026-07-27T05:40:19,Abuja,9.0765,7.3986,40,Good,9.62,13.27,405.04,1.79,0.33,11.7,22.24,99,1.47,1013
2026-07-27T05:40:19,Port Harcourt,4.8156,7.0498,34,Good,6.55,11.09,316.9,0.07,0.24,71.45,23.87,94,2.03,1013
2026-07-27T05:40:20,Kano,12.0022,8.592,63,Moderate,17.98,23.36,525.17,2.58,0.99,25.47,24.63,70,4.76,1011
2026-07-27T05:40:20,Ibadan,7.3775,3.947,28,Good,6.73,14.97,340.98,1.7,0.84,34.56,21.77,98,1.58,1014
2026-07-27T05:40:21,Kaduna,10.5222,7.4383,55,Moderate,14.07,15.47,439.96,1.43,0.13,25.13,21.71,95,3.24,1013
2026-07-27T05:40:22,Ogun (Ode-Remo),6.85,3.6167,20,Good,3.72,8.33,250.92,0.22,0.28,41.79,23.09,95,1.35,1014
2026-07-27T09:29:24,Lagos,6.5244,3.3792,23,Good,3.3,5.51,250.69,0.14,0.23,48.77,26.39,79,5.22,1015
2026-07-27T09:29:24,Abuja,9.0765,7.3986,42,Good,10.03,17.07,430.97,1.7,0.52,17.89,23.43,95,2.56,1014
2026-07-27T09:29:25,Port Harcourt,4.8156,7.0498,34,Good,6.33,10.4,329.21,0.09,0.22,71.18,24.09,94,0.11,1013
2026-07-27T09:29:25,Kano,12.0022,8.592,57,Moderate,14.91,21.48,552.51,3.22,1.1,25.92,30.22,50,5.37,1012
2026-07-27T09:29:26,Ibadan,7.3775,3.947,34,Good,8.28,16.84,386.46,2.27,1.03,35.15,23.87,92,2.04,1015
2026-07-27T09:29:27,Kaduna,10.5222,7.4383,57,Moderate,15.18,17.71,472.47,1.84,0.21,23.76,24.37,84,3.62,1014
2026-07-27T09:29:28,Ogun (Ode-Remo),6.85,3.6167,20,Good,3.82,8.3,256.06,0.32,0.31,42.69,25.98,82,2.31,1015
2026-07-27T12:50:32,Lagos,6.5244,3.3792,25,Good,4.25,7.48,259.33,0.07,0.25,53.75,27.27,76,8.55,1012
2026-07-27T12:50:32,Abuja,9.0765,7.3986,29,Good,7.06,10.51,379.82,0.87,0.37,34.24,28.56,72,2.51,1011
2026-07-27T12:50:32,Port Harcourt,4.8156,7.0498,33,Good,5.81,10.23,334.58,0.08,0.22,69.04,21.82,97,2.04,1013
2026-07-27T12:50:32,Kano,12.0022,8.592,38,Good,9.18,12.49,448.73,0.67,0.52,50.59,37.8,28,4.64,1007
2026-07-27T12:50:33,Ibadan,7.3775,3.947,26,Good,6.3,13.06,308.01,0.76,0.76,49.07,27.32,81,2.49,1011
2026-07-27T12:50:33,Kaduna,10.5222,7.4383,53,Moderate,12.83,14.14,470.88,0.81,0.14,40.88,30.3,59,2.89,1010
2026-07-27T12:50:33,Ogun (Ode-Remo),6.85,3.6167,24,Good,4.7,10.75,259.22,0.13,0.38,50.99,27.92,77,3.55,1011
2026-07-27T15:36:58,Lagos,6.5244,3.3792,29,Good,5.53,12.41,282.99,0.06,0.27,62.31,26.17,81,7.36,1011
2026-07-27T15:36:59,Abuja,9.0765,7.3986,32,Good,7.61,10.66,406.67,1.88,0.37,23.66,26.86,83,1.87,1009
2026-07-27T15:36:59,Port Harcourt,4.8156,7.0498,37,Good,6.96,9.85,333.86,0.09,0.18,78.69,23.22,95,4.13,1012
2026-07-27T15:37:00,Kano,12.0022,8.592,62,Moderate,17.21,22.81,426.11,1.23,0.58,49.12,37.72,26,4.96,1005
2026-07-27T15:37:01,Ibadan,7.3775,3.947,27,Good,6.49,13.8,298.67,0.86,0.66,54.21,25.12,90,2.82,1011
2026-07-27T15:37:01,Kaduna,10.5222,7.4383,65,Moderate,18.73,22.52,481.48,1.89,0.36,38.53,29.02,67,2.73,1009
2026-07-27T15:37:02,Ogun (Ode-Remo),6.85,3.6167,28,Good,5.79,13.18,270.97,0.09,0.31,59.28,25.63,85,3.89,1011
2026-07-27T17:29:43,Lagos,6.5244,3.3792,30,Good,5.59,13.35,291.1,0.07,0.29,63.67,25.5,85,6.65,1012
2026-07-27T17:29:43,Abuja,9.0765,7.3986,40,Good,9.61,14.55,458.37,3.36,0.57,19.31,25.61,89,1.77,1010
2026-07-27T17:29:44,Port Harcourt,4.8156,7.0498,37,Good,7.23,10.65,333.94,0.1,0.19,77.39,23.14,94,4.62,1012
2026-07-27T17:29:44,Kano,12.0022,8.592,66,Moderate,19.03,24.93,464.84,2.12,0.75,45.03,36.5,29,3.76,1003
2026-07-27T17:29:44,Ibadan,7.3775,3.947,28,Good,6.71,14.95,307.99,1.08,0.68,54.74,23.56,94,3.01,1011
2026-07-27T17:29:44,Kaduna,10.5222,7.4383,64,Moderate,18.31,22.12,488.39,2.32,0.36,37,26.06,82,4.68,1008
2026-07-27T17:29:45,Ogun (Ode-Remo),6.85,3.6167,29,Good,5.79,13.76,275.97,0.09,0.31,60.42,24.85,88,3.56,1011
2026-07-27T19:11:48,Lagos,6.5244,3.3792,32,Good,5.64,13.98,304.62,0.09,0.3,66.72,25.47,85,5.34,1012
2026-07-27T19:11:48,Abuja,9.0765,7.3986,56,Moderate,14.64,25.28,568.28,5.81,1.21,17.84,23.31,94,0.76,1012
2026-07-27T19:11:49,Port Harcourt,4.8156,7.0498,34,Good,7.25,11.84,327.54,0.1,0.21,72.36,22.87,96,3.07,1013
2026-07-27T19:11:49,Kano,12.0022,8.592,71,Moderate,21.49,27.24,530.42,3.32,0.99,37.16,26.85,70,7.48,1008
2026-07-27T19:11:50,Ibadan,7.3775,3.947,32,Good,7.56,17.77,335.39,1.22,0.76,56.77,22.81,97,2.53,1013
2026-07-27T19:11:50,Kaduna,10.5222,7.4383,60,Moderate,16.4,19.44,480.15,2.26,0.28,37.12,23.25,93,2.92,1011
2026-07-27T19:11:51,Ogun (Ode-Remo),6.85,3.6167,30,Good,5.73,13.98,287.8,0.09,0.29,62.66,23.96,94,2.05,1013
2026-07-27T21:02:17,Lagos,6.5244,3.3792,33,Good,5.71,13.06,314.64,0.08,0.28,69.85,25.34,87,4.94,1013
2026-07-27T21:02:18,Abuja,9.0765,7.3986,55,Moderate,14.08,23.79,554.52,4.01,0.82,16.58,22.81,95,1.66,1012
2026-07-27T21:02:19,Port Harcourt,4.8156,7.0498,33,Good,7.39,12.51,312.07,0.09,0.22,69.04,22.92,97,1.95,1014
2026-07-27T21:02:19,Kano,12.0022,8.592,75,Moderate,23.42,28.25,574.54,3.36,0.88,34.51,24.01,71,8.01,1009
2026-07-27T21:02:20,Ibadan,7.3775,3.947,34,Good,8.14,19.87,355.79,1.21,0.8,57.93,22.38,98,1.73,1013
2026-07-27T21:02:20,Kaduna,10.5222,7.4383,56,Moderate,14.39,17.14,478.1,2.37,0.24,33.53,23.02,92,1.83,1012
2026-07-27T21:02:21,Ogun (Ode-Remo),6.85,3.6167,30,Good,5.61,13.77,296.29,0.09,0.27,64.55,23.68,96,1.45,1013
2026-07-27T22:51:32,Lagos,6.5244,3.3792,34,Good,6.29,12.66,319.36,0.07,0.27,72.61,25.27,88,5.34,1013
2026-07-27T22:51:32,Abuja,9.0765,7.3986,45,Good,10.9,16.97,498.97,2.85,0.47,16.45,22.63,96,2.27,1013
2026-07-27T22:51:32,Port Harcourt,4.8156,7.0498,32,Good,7.35,11.95,296.98,0.08,0.2,67.28,22.71,98,0.19,1014
2026-07-27T22:51:33,Kano,12.0022,8.592,74,Moderate,22.9,26,571.25,2.99,0.61,32.81,23.91,66,7.11,1009
2026-07-27T22:51:33,Ibadan,7.3775,3.947,29,Good,6.91,17.64,339.66,0.88,0.64,59.67,21.94,99,1.4,1013
2026-07-27T22:51:33,Kaduna,10.5222,7.4383,52,Moderate,12.69,15,468.88,2.47,0.2,26.81,22.82,93,2.17,1012
2026-07-27T22:51:33,Ogun (Ode-Remo),6.85,3.6167,32,Good,5.65,13.91,303.83,0.08,0.26,67,23.47,96,1.82,1013
2026-07-27T23:55:19,Lagos,6.5244,3.3792,35,Good,6.97,14.03,319.71,0.06,0.29,73.9,25.16,88,5.27,1012
2026-07-27T23:55:19,Abuja,9.0765,7.3986,42,Good,10.17,15.45,481.99,2.66,0.42,16.49,22.27,98,2.33,1012
2026-07-27T23:55:20,Port Harcourt,4.8156,7.0498,33,Good,7.63,12.42,292.01,0.08,0.2,68.82,22.64,98,0.51,1013
2026-07-27T23:55:20,Kano,12.0022,8.592,72,Moderate,21.89,24.33,562.44,2.69,0.49,32.09,24.15,64,1.82,1010
2026-07-27T23:55:20,Ibadan,7.3775,3.947,29,Good,6.3,15.78,330.35,0.66,0.55,61.29,21.86,99,2.05,1013
2026-07-27T23:55:21,Kaduna,10.5222,7.4383,52,Moderate,12.39,14.56,464.97,2.39,0.17,23.79,22.45,93,2.5,1012
2026-07-27T23:55:21,Ogun (Ode-Remo),6.85,3.6167,32,Good,5.82,13.44,308.44,0.07,0.26,68.6,23.35,97,1.97,1012
2026-07-28T01:29:47,Lagos,6.5244,3.3792,36,Good,7.79,14.83,318.62,0.06,0.31,75.18,25.08,87,5.15,1012
2026-07-28T01:29:48,Abuja,9.0765,7.3986,39,Good,9.3,13.92,461.08,2.43,0.39,18.05,22.23,98,1.5,1012
2026-07-28T01:29:48,Port Harcourt,4.8156,7.0498,33,Good,7.86,12.2,288.98,0.07,0.2,70.78,23.13,97,1.13,1012
2026-07-28T01:29:48,Kano,12.0022,8.592,68,Moderate,20.37,22.66,545.91,2.35,0.43,32.06,23.56,71,4.66,1009
2026-07-28T01:29:49,Ibadan,7.3775,3.947,30,Good,6.08,14.18,326.9,0.53,0.5,62.69,21.97,98,2.39,1012
2026-07-28T01:29:49,Kaduna,10.5222,7.4383,13,Good,12.04,14.11,458.65,2.24,0.15,21.55,21.91,95,2.32,1012
2026-07-28T01:29:49,Ogun (Ode-Remo),6.85,3.6167,33,Good,6.08,12.51,310.89,0.07,0.26,69.88,23.22,97,1.84,1012
2026-07-28T04:54:09,Lagos,6.5244,3.3792,38,Good,8.32,11,311.66,0.06,0.2,80.54,24.7,88,5.28,1012
2026-07-28T04:54:09,Abuja,9.0765,7.3986,32,Good,7.62,11.24,396.87,1.67,0.34,22.31,21.9,97,1.86,1013
2026-07-28T04:54:10,Port Harcourt,4.8156,7.0498,35,Good,8.41,11.34,299.16,0.07,0.17,73.87,22.91,97,0.62,1013
2026-07-28T04:54:10,Kano,12.0022,8.592,48,Good,11.47,13.9,480.38,1.83,0.54,34.05,23.74,69,5.95,1009
2026-07-28T04:54:11,Ibadan,7.3775,3.947,31,Good,7.5,13.51,344.32,0.62,0.53,66.53,21.85,98,1.95,1013
2026-07-28T04:54:12,Kaduna,10.5222,7.4383,39,Good,9.26,11.24,434.12,1.71,0.13,17.4,21.48,97,3.84,1012
2026-07-28T04:54:13,Ogun (Ode-Remo),6.85,3.6167,35,Good,7.52,11.03,314.35,0.07,0.21,75.03,22.68,97,1.52,1013
2026-07-28T07:32:11,Lagos,6.5244,3.3792,37,Good,7.63,9.64,297.08,0.07,0.18,79.21,26.23,80,6.43,1014
2026-07-28T07:32:11,Abuja,9.0765,7.3986,27,Good,6.58,9.97,395.67,1.71,0.37,26.63,22.01,96,2.38,1014
2026-07-28T07:32:11,Port Harcourt,4.8156,7.0498,41,Good,9.91,12.84,310.04,0.09,0.18,76.54,25.16,87,1.55,1014
2026-07-28T07:32:12,Kano,12.0022,8.592,36,Good,8.53,12.48,496.75,2.78,0.72,27.5,27.57,65,6.96,1010
2026-07-28T07:32:13,Ibadan,7.3775,3.947,41,Good,9.74,17.51,393.47,1.61,0.78,68.01,23.7,91,2.59,1014
2026-07-28T07:32:13,Kaduna,10.5222,7.4383,41,Good,9.93,12.91,477.46,2.44,0.21,15.15,21.61,96,4.15,1013
2026-07-28T07:32:13,Ogun (Ode-Remo),6.85,3.6167,36,Good,7.61,11.62,310.27,0.09,0.2,77,25.66,85,3.16,1014
2026-07-28T10:23:57,Lagos,6.5244,3.3792,36,Good,7.14,9.08,281.8,0.06,0.18,76.49,27.3,75,7.07,1014
2026-07-28T10:23:57,Abuja,9.0765,7.3986,21,Good,5.11,7.42,383.18,1.29,0.34,34.3,25.45,78,2.94,1014
2026-07-28T10:23:57,Port Harcourt,4.8156,7.0498,42,Good,10.02,13.29,310.78,0.09,0.2,76.25,26.11,82,3.28,1014
2026-07-28T10:23:58,Kano,12.0022,8.592,27,Good,6.59,9.7,463.11,1.61,0.6,33.21,31.19,50,6.62,1010
2026-07-28T10:23:58,Ibadan,7.3775,3.947,38,Good,9.23,16.37,369.81,1.16,0.71,68.95,26.44,78,3.1,1014
2026-07-28T10:23:58,Kaduna,10.5222,7.4383,38,Good,9.13,10.88,486.9,1.63,0.17,26.05,23.97,84,4.51,1013
2026-07-28T10:23:59,Ogun (Ode-Remo),6.85,3.6167,36,Good,7.52,12.2,299.97,0.06,0.2,75.49,27.83,74,3.68,1014
2026-07-28T12:30:39,Lagos,6.5244,3.3792,34,Good,6.36,8.54,262.19,0.05,0.17,71.71,27.35,75,7.76,1013
2026-07-28T12:30:40,Abuja,9.0765,7.3986,17,Good,3.86,5.58,374.15,1.08,0.28,36.92,25.95,78,2.66,1012
2026-07-28T12:30:40,Port Harcourt,4.8156,7.0498,41,Good,9.91,14.69,305.69,0.08,0.25,72.91,24.42,91,3.01,1012
2026-07-28T12:30:40,Kano,12.0022,8.592,22,Good,5.2,7.56,435.57,1.14,0.49,37.68,34.4,40,5.89,1008
2026-07-28T12:30:41,Ibadan,7.3775,3.947,38,Good,9.16,16.12,357.95,1.16,0.69,66.49,27.77,73,3.69,1012
2026-07-28T12:30:41,Kaduna,10.5222,7.4383,27,Good,6.42,7.44,410.12,0.88,0.13,36.32,26.22,75,4.3,1011
2026-07-28T12:30:41,Ogun (Ode-Remo),6.85,3.6167,34,Good,6.96,11.33,276.32,0.04,0.19,71.89,28.71,71,4.39,1012
2026-07-28T15:11:41,Lagos,6.5244,3.3792,31,Good,6.79,12.09,240.53,0.05,0.26,65.21,26.81,77,7.94,1011
2026-07-28T15:11:42,Abuja,9.0765,7.3986,30,Good,7.19,9.54,390.82,0.71,0.32,44.09,26.08,75,2.25,1011
2026-07-28T15:11:42,Port Harcourt,4.8156,7.0498,44,Good,10.52,14.43,311.76,0.07,0.23,72.49,23.77,94,2.17,1012
2026-07-28T15:11:43,Kano,12.0022,8.592,19,Good,4.64,7.91,378.23,1.36,0.59,34.59,32.99,43,6.5,1007
2026-07-28T15:11:43,Ibadan,7.3775,3.947,35,Good,8.38,12.64,298.66,0.61,0.46,65.91,26.15,84,3.19,1011
2026-07-28T15:11:43,Kaduna,10.5222,7.4383,19,Good,4.47,5.32,337.83,0.56,0.1,39.34,26.08,76,3.48,1011
2026-07-28T15:11:44,Ogun (Ode-Remo),6.85,3.6167,31,Good,7.19,11.69,249.68,0.04,0.21,66.16,27.31,76,4.23,1011
2026-07-28T17:18:18,Lagos,6.5244,3.3792,31,Good,6.66,12.57,229.08,0.07,0.27,64.79,26.17,80,7.26,1012
2026-07-28T17:18:18,Abuja,9.0765,7.3986,39,Good,9.43,12.7,427.82,1.2,0.37,41.28,24.79,83,2.19,1011
2026-07-28T17:18:19,Port Harcourt,4.8156,7.0498,44,Good,10.44,14.6,315.52,0.09,0.22,70.26,23.31,96,1.34,1012
2026-07-28T17:18:19,Kano,12.0022,8.592,27,Good,6.59,11.83,432.28,3.07,0.79,29.62,26.99,73,5.56,1008
2026-07-28T17:18:19,Ibadan,7.3775,3.947,34,Good,8.28,15.2,293.8,0.94,0.53,62.76,24.52,91,2.98,1012
2026-07-28T17:18:20,Kaduna,10.5222,7.4383,27,Good,6.48,8.25,373.88,1.43,0.18,34.34,24.45,84,3.23,1011
2026-07-28T17:18:20,Ogun (Ode-Remo),6.85,3.6167,31,Good,7.11,13.76,237.68,0.07,0.26,64.57,25.55,83,3.93,1012
2026-07-28T19:06:52,Lagos,6.5244,3.3792,31,Good,7.05,12.98,215.42,0.08,0.27,64.94,25.5,84,6.24,1013
2026-07-28T19:06:52,Abuja,9.0765,7.3986,44,Good,10.6,15.07,460.46,1.96,0.44,35.39,22.81,86,0.92,1013
2026-07-28T19:06:53,Port Harcourt,4.8156,7.0498,43,Good,10.38,14.8,317.62,0.09,0.21,70.11,23.47,94,1.99,1014
2026-07-28T19:06:54,Kano,12.0022,8.592,41,Good,9.86,18.66,505.51,4.39,1.17,25.88,25.15,76,3.88,1012
2026-07-28T19:06:54,Ibadan,7.3775,3.947,36,Good,8.75,18.07,296.49,1.14,0.66,61.17,22.99,95,2.75,1013
2026-07-28T19:06:55,Kaduna,10.5222,7.4383,36,Good,8.52,11.57,415.64,2.41,0.27,29.62,22.67,88,2.03,1013
2026-07-28T19:06:55,Ogun (Ode-Remo),6.85,3.6167,30,Good,6.91,14.45,225.3,0.08,0.27,64.17,24.37,88,3.33,1013
2026-07-28T20:58:33,Lagos,6.5244,3.3792,36,Good,8.76,15.84,205.7,0.08,0.31,65.99,25.44,85,6.02,1013
2026-07-28T20:58:33,Abuja,9.0765,7.3986,45,Good,10.9,15.77,476.71,2.12,0.46,32.29,21.94,93,1.1,1014
2026-07-28T20:58:34,Port Harcourt,4.8156,7.0498,38,Good,9.04,13.77,313.17,0.09,0.2,66.53,23.4,94,2.28,1015
2026-07-28T20:58:35,Kano,12.0022,8.592,21,Good,12.03,22.19,536.34,4.28,1.32,25.08,21.31,88,7.37,1014
2026-07-28T20:58:36,Ibadan,7.3775,3.947,36,Good,8.68,18.3,288.48,1.03,0.66,60.73,22.25,97,2.28,1014
2026-07-28T20:58:36,Kaduna,10.5222,7.4383,42,Good,10.16,13.48,437.14,2.24,0.27,29.39,22.31,88,2.1,1014
2026-07-28T20:58:37,Ogun (Ode-Remo),6.85,3.6167,30,Good,7.29,15.13,215.31,0.08,0.28,64.02,23.94,90,2.79,1014
2026-07-28T22:03:17,Lagos,6.5244,3.3792,39,Good,9.3,16.55,208.05,0.07,0.31,67.06,25.33,85,5.49,1014
2026-07-28T22:03:17,Abuja,9.0765,7.3986,45,Good,10.71,15.44,472.94,2.12,0.44,30.75,21.92,95,1.48,1014
2026-07-28T22:03:18,Port Harcourt,4.8156,7.0498,35,Good,8.51,13.7,307.06,0.09,0.21,64.84,23.27,94,2.33,1015
2026-07-28T22:03:19,Kano,12.0022,8.592,20,Good,12.06,21.54,526.22,3.95,1.25,24.62,21.76,79,6.81,1013
2026-07-28T22:03:20,Ibadan,7.3775,3.947,36,Good,8.66,17.92,278.74,0.97,0.64,60.46,22.17,97,2.23,1014
2026-07-28T22:03:20,Kaduna,10.5222,7.4383,43,Good,10.28,12.97,436.06,2.04,0.23,30.37,21.85,89,2.08,1014
2026-07-28T22:03:21,Ogun (Ode-Remo),6.85,3.6167,32,Good,7.75,15.14,212.02,0.07,0.27,64.35,23.77,92,2.25,1014
2026-07-28T23:50:56,Lagos,6.5244,3.3792,40,Good,9.63,16.09,221.52,0.07,0.29,69.88,25.32,86,5.13,1013
2026-07-28T23:50:56,Abuja,9.0765,7.3986,42,Good,10.01,13.83,459.06,1.99,0.34,27.77,22.14,95,1.65,1014
2026-07-28T23:50:56,Port Harcourt,4.8156,7.0498,34,Good,8.05,14.63,293.45,0.08,0.23,63.52,23.37,94,1.85,1014
2026-07-28T23:50:56,Kano,12.0022,8.592,45,Good,10.81,17.48,483.78,3.08,0.92,23.69,23.24,75,2.59,1013
2026-07-28T23:50:57,Ibadan,7.3775,3.947,36,Good,8.6,16.37,247.88,0.67,0.51,61.16,22.22,98,1.94,1014
2026-07-28T23:50:57,Kaduna,10.5222,7.4383,42,Good,10.09,11.63,442.29,1.71,0.16,29.83,21.61,87,1.68,1014
2026-07-28T23:50:57,Ogun (Ode-Remo),6.85,3.6167,36,Good,8.7,14.47,210.66,0.07,0.25,66.72,23.66,94,1.72,1014
2026-07-29T01:30:25,Lagos,6.5244,3.3792,38,Good,9.18,14.42,235.1,0.06,0.28,70.8,24.81,86,5.56,1012
2026-07-29T01:30:25,Abuja,9.0765,7.3986,38,Good,9.14,12.5,447.37,1.81,0.28,24.7,21.42,96,1.04,1013
2026-07-29T01:30:25,Port Harcourt,4.8156,7.0498,32,Good,7.69,14.78,278.1,0.08,0.24,63.75,23.23,94,1.65,1013
2026-07-29T01:30:26,Kano,12.0022,8.592,37,Good,8.91,12.53,441.19,2.23,0.59,24.92,23.81,78,6.75,1009
2026-07-29T01:30:26,Ibadan,7.3775,3.947,36,Good,8.75,15.1,243.44,0.53,0.47,63.24,22.16,97,2.02,1013
2026-07-29T01:30:26,Kaduna,10.5222,7.4383,38,Good,9.16,10.21,442.83,1.35,0.12,29.5,21.08,89,1.93,1013
2026-07-29T01:30:27,Ogun (Ode-Remo),6.85,3.6167,36,Good,8.72,13.18,220.85,0.06,0.23,69.41,23.26,95,1.92,1013
2026-07-29T04:59:12,Lagos,6.5244,3.3792,33,Good,7.13,10.17,241.11,0.06,0.22,69.19,24.42,88,5.06,1013
2026-07-29T04:59:13,Abuja,9.0765,7.3986,34,Good,8.13,10.8,435.93,1.69,0.26,21.34,21.08,99,1.05,1013
2026-07-29T04:59:13,Port Harcourt,4.8156,7.0498,31,Good,6.81,14,264.08,0.07,0.24,64.81,23.29,94,1.6,1013
2026-07-29T04:59:13,Kano,12.0022,8.592,24,Good,5.84,7.9,411.54,1.63,0.46,30.35,24.09,77,4.99,1010
2026-07-29T04:59:14,Ibadan,7.3775,3.947,36,Good,8.7,14.62,266.21,0.65,0.53,64.32,22.04,97,2.11,1013
2026-07-29T04:59:14,Kaduna,10.5222,7.4383,33,Good,8,8.96,456.58,1.29,0.1,26.94,20.97,94,3.83,1013
2026-07-29T04:59:14,Ogun (Ode-Remo),6.85,3.6167,34,Good,8.05,11.92,236.37,0.07,0.24,69.47,22.77,96,1.49,1013
2026-07-29T07:42:18,Lagos,6.5244,3.3792,32,Good,5.27,7.27,243.91,0.06,0.15,67.88,25.16,84,5.87,1014
2026-07-29T07:42:19,Abuja,9.0765,7.3986,33,Good,7.99,12.1,453.99,2.11,0.39,20.97,21.47,98,1.34,1015
2026-07-29T07:42:19,Port Harcourt,4.8156,7.0498,30,Good,5.42,12.69,260.89,0.08,0.24,62.92,23.56,95,1.46,1015
2026-07-29T07:42:20,Kano,12.0022,8.592,27,Good,6.42,10.28,488.36,2.77,0.72,32.47,25.37,69,2.56,1015
2026-07-29T07:42:21,Ibadan,7.3775,3.947,40,Good,9.64,17.73,342.42,1.94,0.81,61.61,23.69,92,2.69,1015
2026-07-29T07:42:21,Kaduna,10.5222,7.4383,35,Good,8.51,10.66,500.13,2.04,0.2,27.69,21.75,90,3.28,1015
2026-07-29T07:42:22,Ogun (Ode-Remo),6.85,3.6167,32,Good,6.32,11.02,241.69,0.08,0.21,67.25,24.6,90,2.57,1014
2026-07-29T10:29:52,Lagos,6.5244,3.3792,32,Good,4.46,6.44,246.63,0.05,0.14,67.25,26.67,77,7.39,1015
2026-07-29T10:29:52,Abuja,9.0765,7.3986,26,Good,6.25,9.01,416.22,1.57,0.37,34.01,22.11,95,1.41,1015
2026-07-29T10:29:53,Port Harcourt,4.8156,7.0498,29,Good,4.6,11.48,258.42,0.07,0.23,60.4,24.24,92,2.71,1015
2026-07-29T10:29:54,Kano,12.0022,8.592,26,Good,6.27,9.57,532.58,2.23,0.67,37.31,26.54,62,2.39,1015
2026-07-29T10:29:55,Ibadan,7.3775,3.947,33,Good,7.98,14.25,332.66,1.41,0.69,61.86,25.05,87,3.4,1015
2026-07-29T10:29:55,Kaduna,10.5222,7.4383,32,Good,7.67,8.76,486.23,1.18,0.11,40.19,23.9,81,4.18,1015
2026-07-29T10:29:56,Ogun (Ode-Remo),6.85,3.6167,31,Good,5.21,9.45,244.68,0.07,0.18,66.14,26.43,82,3.83,1014
2026-07-29T12:55:32,Lagos,6.5244,3.3792,31,Good,4.09,6.41,246.05,0.05,0.17,65.85,26.51,77,7.52,1014
2026-07-29T12:55:32,Abuja,9.0765,7.3986,28,Good,6.8,8.99,415.23,1.69,0.34,29.62,25.9,78,2.09,1013
2026-07-29T12:55:33,Port Harcourt,4.8156,7.0498,27,Good,4.05,9.39,253.93,0.07,0.23,57.73,25.52,84,3.74,1014
2026-07-29T12:55:34,Kano,12.0022,8.592,26,Good,6.28,8.86,541.2,1.83,0.59,38.1,27.18,61,2.37,1012
2026-07-29T12:55:35,Ibadan,7.3775,3.947,30,Good,5.08,9.28,289.8,0.71,0.46,62.71,24.47,90,3.23,1013
2026-07-29T12:55:35,Kaduna,10.5222,7.4383,28,Good,6.84,7.66,452.36,0.85,0.12,41.62,26.24,69,2.81,1013
2026-07-29T12:55:36,Ogun (Ode-Remo),6.85,3.6167,31,Good,4.2,7.72,249.34,0.07,0.16,64.8,24.13,91,3.22,1013
2026-07-29T15:04:52,Lagos,6.5244,3.3792,29,Good,5.36,10.1,237.89,0.05,0.27,61.51,25.44,83,7.04,1013
2026-07-29T15:04:56,Abuja,9.0765,7.3986,20,Good,4.79,6.58,347.71,1.48,0.3,31.29,24.03,90,1.95,1012
2026-07-29T15:04:58,Port Harcourt,4.8156,7.0498,29,Good,4.41,8.18,256.93,0.08,0.21,60.73,24.63,88,2.58,1013
2026-07-29T15:05:00,Kano,12.0022,8.592,27,Good,6.37,8.47,495.34,1.42,0.48,44.6,29.63,52,2.95,1010
2026-07-29T15:05:02,Ibadan,7.3775,3.947,28,Good,6.26,10.86,290.21,1,0.52,59.39,22.27,97,2.67,1013
2026-07-29T15:05:06,Kaduna,10.5222,7.4383,24,Good,5.69,7.01,458.57,1.85,0.17,29.26,25.89,71,2.2,1012
2026-07-29T15:05:12,Ogun (Ode-Remo),6.85,3.6167,30,Good,5.13,9.13,235.05,0.06,0.22,63.03,23.5,94,2.92,1013
2026-07-29T17:03:58,Lagos,6.5244,3.3792,28,Good,5.94,12.89,232.48,0.07,0.31,59.23,24.33,90,5.96,1013
2026-07-29T17:03:58,Abuja,9.0765,7.3986,22,Good,5.23,7.23,363.13,1.97,0.31,27.55,22.5,96,0.97,1012
2026-07-29T17:03:59,Port Harcourt,4.8156,7.0498,28,Good,4.1,7.16,248.55,0.07,0.17,59.53,24.67,87,3.19,1013
2026-07-29T17:03:59,Kano,12.0022,8.592,37,Good,8.99,12.46,544.12,2.52,0.7,39.89,29.85,52,2.36,1010
2026-07-29T17:03:59,Ibadan,7.3775,3.947,27,Good,6.16,11.72,291.63,1.26,0.54,57.88,21.83,98,2.71,1013
2026-07-29T17:04:00,Kaduna,10.5222,7.4383,24,Good,5.87,7.23,454.66,2.33,0.18,25.88,23.97,86,2.58,1012
2026-07-29T17:04:00,Ogun (Ode-Remo),6.85,3.6167,29,Good,5.33,10.4,235.67,0.07,0.24,60.45,23.05,96,2.9,1013
2026-07-29T18:56:36,Lagos,6.5244,3.3792,28,Good,6.13,14.56,221.08,0.08,0.34,58.95,24.78,88,5.46,1013
2026-07-29T18:56:36,Abuja,9.0765,7.3986,28,Good,6.62,9.34,387.39,2.38,0.35,25.8,22.2,93,2.25,1014
2026-07-29T18:56:37,Port Harcourt,4.8156,7.0498,29,Good,3.98,6.79,242.97,0.08,0.17,60.55,24.05,90,2.34,1014
2026-07-29T18:56:37,Kano,12.0022,8.592,52,Moderate,12.68,18.17,606.24,3.69,0.94,33.72,25.42,74,4.73,1012
2026-07-29T18:56:37,Ibadan,7.3775,3.947,30,Good,7.29,14.83,304.88,1.34,0.67,55.74,21.88,98,2.03,1014
2026-07-29T18:56:38,Kaduna,10.5222,7.4383,26,Good,6.28,8.2,462.27,2.98,0.22,23.12,21.68,94,2.05,1013
2026-07-29T18:56:38,Ogun (Ode-Remo),6.85,3.6167,27,Good,5.83,12.74,229.3,0.08,0.28,58.21,23.04,96,1.93,1014
2026-07-29T20:08:41,Lagos,6.5244,3.3792,28,Good,5.73,13.49,215.78,0.08,0.32,59.39,24.82,87,5.98,1014
2026-07-29T20:08:41,Abuja,9.0765,7.3986,31,Good,7.37,10.35,398.48,2.43,0.36,25.52,21.92,94,2.91,1015
2026-07-29T20:08:42,Port Harcourt,4.8156,7.0498,29,Good,3.93,6.64,241.27,0.09,0.17,61.47,23.89,91,2.23,1015
2026-07-29T20:08:43,Kano,12.0022,8.592,54,Moderate,13.7,19.43,627.03,3.87,0.95,31.3,23.36,84,4.4,1013
2026-07-29T20:08:44,Ibadan,7.3775,3.947,32,Good,7.69,16.18,303.8,1.26,0.7,55.24,21.86,98,2.07,1015
2026-07-29T20:08:44,Kaduna,10.5222,7.4383,26,Good,6.3,8.33,461.93,2.96,0.22,22.74,21.41,95,1.76,1014
2026-07-29T20:08:45,Ogun (Ode-Remo),6.85,3.6167,27,Good,5.87,13.28,225.06,0.08,0.28,58.18,23.04,96,1.96,1015
2026-07-29T21:48:36,Lagos,6.5244,3.3792,29,Good,4.83,11.29,203.47,0.07,0.27,60.65,24.7,87,5.83,1016
2026-07-29T21:48:37,Abuja,9.0765,7.3986,35,Good,8.48,11.32,401.87,2.31,0.34,27.09,21.04,98,2.17,1016
2026-07-29T21:48:37,Port Harcourt,4.8156,7.0498,29,Good,3.66,6.17,237.71,0.09,0.17,61.55,23.51,92,1.44,1016
2026-07-29T21:48:38,Kano,12.0022,8.592,54,Moderate,13.36,18.04,622.94,3.77,0.78,26.98,23.95,80,3.19,1015
2026-07-29T21:48:39,Ibadan,7.3775,3.947,32,Good,7.76,16.7,291.05,1.16,0.69,54.77,21.76,98,2.17,1016
2026-07-29T21:48:40,Kaduna,10.5222,7.4383,26,Good,6.22,8.18,453.38,2.78,0.2,22.38,21.39,92,3.98,1016
2026-07-29T21:48:40,Ogun (Ode-Remo),6.85,3.6167,28,Good,5.31,12.22,214.15,0.07,0.26,58.98,23.09,95,2.38,1016
2026-07-29T22:49:27,Lagos,6.5244,3.3792,29,Good,4.46,10.5,198.87,0.06,0.25,61.03,24.42,87,5.58,1016
2026-07-29T22:49:27,Abuja,9.0765,7.3986,35,Good,8.46,10.86,392.85,2.12,0.3,28.19,20.73,98,1.14,1016
2026-07-29T22:49:27,Port Harcourt,4.8156,7.0498,29,Good,3.43,5.88,236.14,0.09,0.17,60.87,23.43,92,1.42,1016
2026-07-29T22:49:28,Kano,12.0022,8.592,15,Good,12.09,15.71,600.84,3.52,0.65,24.99,23.79,79,2.92,1014
2026-07-29T22:49:28,Ibadan,7.3775,3.947,29,Good,7.05,15.39,272.61,1,0.6,54.67,21.8,98,2.36,1016
2026-07-29T22:49:28,Kaduna,10.5222,7.4383,26,Good,6.27,8.02,452.25,2.78,0.17,20.71,20.88,96,3.91,1016
2026-07-29T22:49:29,Ogun (Ode-Remo),6.85,3.6167,28,Good,5.02,11.92,208.83,0.07,0.25,59.36,22.92,95,2.27,1016
2026-07-29T23:52:52,Lagos,6.5244,3.3792,29,Good,4.19,9.79,196.57,0.06,0.24,61.19,24.25,88,5.66,1015
2026-07-29T23:52:53,Abuja,9.0765,7.3986,35,Good,8.39,10.44,383.82,1.93,0.27,28.57,20.64,98,1.01,1016
2026-07-29T23:52:53,Port Harcourt,4.8156,7.0498,28,Good,3.2,5.7,234.09,0.09,0.17,59.94,23.41,92,1.49,1015
2026-07-29T23:52:53,Kano,12.0022,8.592,46,Good,10.99,13.92,580.08,3.28,0.56,23.12,23.74,79,2.68,1014
2026-07-29T23:52:53,Ibadan,7.3775,3.947,27,Good,6.53,14.43,257.25,0.84,0.54,54.69,21.72,97,2.53,1016
2026-07-29T23:52:54,Kaduna,10.5222,7.4383,26,Good,6.26,7.75,447.88,2.63,0.14,19.29,20.67,97,3.3,1015
2026-07-29T23:52:54,Ogun (Ode-Remo),6.85,3.6167,28,Good,4.81,11.45,203.33,0.07,0.25,59.67,22.73,96,2.25,1015
2026-07-30T01:23:28,Lagos,6.5244,3.3792,29,Good,4,8.85,196.22,0.06,0.23,60.96,24.03,88,5.38,1015
2026-07-30T01:23:29,Abuja,9.0765,7.3986,35,Good,8.32,10.21,377.55,1.78,0.25,28.46,20.3,98,0.98,1016
2026-07-30T01:23:30,Port Harcourt,4.8156,7.0498,28,Good,2.97,5.58,231.42,0.08,0.17,59.03,23.33,92,1.73,1015
2026-07-30T01:23:30,Kano,12.0022,8.592,42,Good,10.12,12.98,561.85,3.07,0.53,21.53,22.97,84,1.61,1014
2026-07-30T01:23:31,Ibadan,7.3775,3.947,26,Good,6.25,13.98,246.96,0.73,0.52,54.76,21.58,97,2.51,1015
2026-07-30T01:23:31,Kaduna,10.5222,7.4383,26,Good,6.27,7.6,442.15,2.39,0.12,18.21,20.6,97,3.09,1015
2026-07-30T01:23:32,Ogun (Ode-Remo),6.85,3.6167,28,Good,4.61,10.54,198.72,0.07,0.23,59.9,22.24,97,1.55,1015
2026-07-30T04:47:39,Lagos,6.5244,3.3792,28,Good,3.58,6.45,205.54,0.05,0.19,59.39,23.97,88,4.31,1015
2026-07-30T04:47:39,Abuja,9.0765,7.3986,35,Good,8.41,10.57,371.04,1.62,0.25,23.61,20.71,98,0.88,1016
2026-07-30T04:47:40,Port Harcourt,4.8156,7.0498,28,Good,2.07,4.68,238.53,0.07,0.15,58.33,22.87,92,1.74,1016
2026-07-30T04:47:41,Kano,12.0022,8.592,30,Good,7.26,10.9,490.19,2.51,0.64,20.86,22.67,87,3.01,1015
2026-07-30T04:47:41,Ibadan,7.3775,3.947,27,Good,6.4,13.5,246.47,0.91,0.58,54.29,21.23,98,1.78,1015
2026-07-30T04:47:42,Kaduna,10.5222,7.4383,26,Good,6.28,7.48,418.87,1.84,0.11,17.73,20.35,98,2.31,1016
2026-07-30T04:47:43,Ogun (Ode-Remo),6.85,3.6167,28,Good,4.09,7.59,194.9,0.07,0.18,60,22.17,97,0.88,1015
2026-07-30T07:27:10,Lagos,6.5244,3.3792,28,Good,3.51,6.34,211.36,0.06,0.18,59.39,23.85,90,3.04,1016
2026-07-30T07:27:11,Abuja,9.0765,7.3986,34,Good,8.23,11.23,375.12,1.91,0.34,24.21,21.1,97,0.97,1017
2026-07-30T07:27:11,Port Harcourt,4.8156,7.0498,28,Good,1.84,4.34,250.05,0.09,0.15,59.05,24.18,87,1.67,1017
2026-07-30T07:27:12,Kano,12.0022,8.592,28,Good,6.71,11.65,493.43,3.12,0.8,26.45,23.33,82,4.38,1016
2026-07-30T07:27:13,Ibadan,7.3775,3.947,38,Good,9.2,20.02,321.85,2.33,0.93,51.93,21.8,97,1.17,1017
2026-07-30T07:27:14,Kaduna,10.5222,7.4383,30,Good,7.29,9.65,441.55,2.59,0.21,16.98,20.64,97,2.12,1017
2026-07-30T07:27:15,Ogun (Ode-Remo),6.85,3.6167,28,Good,3.94,8.14,198.91,0.07,0.18,59.39,22.63,97,0.96,1016
2026-07-30T10:12:30,Lagos,6.5244,3.3792,29,Good,3.45,6.8,216.41,0.04,0.19,60.41,25.8,80,4.09,1017
2026-07-30T10:12:31,Abuja,9.0765,7.3986,26,Good,6.29,9.11,355.24,1.19,0.34,34.05,22.1,93,1.26,1018
2026-07-30T10:12:31,Port Harcourt,4.8156,7.0498,29,Good,1.82,4.49,258.69,0.09,0.16,60.76,27.06,73,2.19,1017
2026-07-30T10:12:31,Kano,12.0022,8.592,19,Good,4.23,7.1,433.06,1.42,0.57,41.15,27.68,62,5.44,1016
2026-07-30T10:12:31,Ibadan,7.3775,3.947,27,Good,6.55,15.75,262.98,0.74,0.66,57.55,23.2,92,2.14,1017
2026-07-30T10:12:32,Kaduna,10.5222,7.4383,24,Good,5.72,6.85,392.26,0.92,0.11,38.53,23.74,83,3.71,1017
2026-07-30T10:12:32,Ogun (Ode-Remo),6.85,3.6167,27,Good,4.05,11.43,205.84,0.04,0.2,57.77,23.82,92,1.65,1017
2026-07-30T12:23:12,Lagos,6.5244,3.3792,28,Good,3.31,6.77,217.73,0.03,0.19,59.62,26.41,76,5.66,1016
2026-07-30T12:23:13,Abuja,9.0765,7.3986,24,Good,5.65,7.82,327.88,0.55,0.28,43.57,22.85,92,2.2,1016
2026-07-30T12:23:14,Port Harcourt,4.8156,7.0498,29,Good,1.89,4.65,261.82,0.09,0.17,60.77,28.12,71,2.02,1015
2026-07-30T12:23:14,Kano,12.0022,8.592,21,Good,3.8,5.83,396.26,0.83,0.47,45.13,29.3,55,4.87,1014
2026-07-30T12:23:14,Ibadan,7.3775,3.947,27,Good,5.12,13.01,237.28,0.48,0.52,56.32,24.67,87,3.32,1016
2026-07-30T12:23:15,Kaduna,10.5222,7.4383,21,Good,4.93,5.62,353.9,0.54,0.08,41.99,25.94,73,3.62,1015
2026-07-30T12:23:16,Ogun (Ode-Remo),6.85,3.6167,27,Good,3.98,10.89,207.87,0.04,0.21,56.9,24.27,90,1.74,1016
2026-07-30T15:02:05,Lagos,6.5244,3.3792,28,Good,3.5,6.65,219.72,0.04,0.17,59.61,26.63,74,6.13,1013
2026-07-30T15:02:05,Abuja,9.0765,7.3986,23,Good,5.41,7.21,328.97,0.57,0.27,43.49,25.24,79,1.19,1013
2026-07-30T15:02:06,Port Harcourt,4.8156,7.0498,29,Good,2.39,6.39,277.63,0.17,0.24,62.3,27.15,75,3.55,1013
2026-07-30T15:02:06,Kano,12.0022,8.592,27,Good,6.5,10.17,431.4,1.51,0.63,43.09,29.12,54,4.1,1012
2026-07-30T15:02:07,Ibadan,7.3775,3.947,26,Good,4.92,10.9,260.61,0.67,0.51,54.62,23.03,95,1.8,1014
2026-07-30T15:02:07,Kaduna,10.5222,7.4383,20,Good,4.89,5.54,382.5,0.79,0.09,37.18,25.01,78,3.25,1013
2026-07-30T15:02:08,Ogun (Ode-Remo),6.85,3.6167,27,Good,3.81,8.56,224.42,0.04,0.17,57.21,25.99,84,2.9,1013
2026-07-30T17:14:39,Lagos,6.5244,3.3792,28,Good,3.55,7.58,212.13,0.05,0.19,58.89,25.99,77,5.38,1014
2026-07-30T17:14:39,Abuja,9.0765,7.3986,34,Good,8.13,12.05,375.98,1.57,0.35,28.44,24.07,88,0.96,1014
2026-07-30T17:14:40,Port Harcourt,4.8156,7.0498,30,Good,1.9,5.34,268.79,0.13,0.17,63.22,26.03,81,3.1,1014
2026-07-30T17:14:40,Kano,12.0022,8.592,41,Good,9.83,15.69,492.01,3.24,0.8,38.04,29.02,55,2,1012
2026-07-30T17:14:40,Ibadan,7.3775,3.947,26,Good,5.57,12.81,279.62,1.13,0.61,55.12,22.9,96,1.52,1014
2026-07-30T17:14:41,Kaduna,10.5222,7.4383,26,Good,6.17,7.52,404.85,1.47,0.15,32.14,24.69,80,2.28,1014
2026-07-30T17:14:41,Ogun (Ode-Remo),6.85,3.6167,28,Good,3.77,8.69,218.58,0.06,0.18,58.23,25.16,85,2.66,1014
2026-07-30T19:09:07,Lagos,6.5244,3.3792,28,Good,3.61,8.28,205.3,0.07,0.21,58.61,25.31,81,4.35,1015
2026-07-30T19:09:08,Abuja,9.0765,7.3986,47,Good,11.24,18.73,437.74,2.95,0.51,19.52,22.3,93,0.63,1015
2026-07-30T19:09:08,Port Harcourt,4.8156,7.0498,31,Good,1.9,4.91,269.11,0.13,0.15,64.61,24.35,89,1.89,1015
2026-07-30T19:09:09,Kano,12.0022,8.592,56,Moderate,14.26,25.19,584.18,5.22,1.16,31.69,27.93,56,2.6,1013
2026-07-30T19:09:10,Ibadan,7.3775,3.947,32,Good,7.72,18.12,324.38,1.94,0.87,53.27,22.33,97,1.38,1015
2026-07-30T19:09:10,Kaduna,10.5222,7.4383,36,Good,8.7,11.9,448.22,2.49,0.27,26.45,22.36,89,2.12,1015
2026-07-30T19:09:11,Ogun (Ode-Remo),6.85,3.6167,28,Good,3.73,9.07,211.35,0.08,0.18,58.46,23.22,92,1.68,1015
2026-07-30T20:55:31,Lagos,6.5244,3.3792,28,Good,3.69,8.93,199.97,0.07,0.21,58.94,25.17,83,3.39,1016
2026-07-30T20:55:32,Abuja,9.0765,7.3986,56,Moderate,14.59,26.03,492.26,3.34,0.56,13.93,21.89,94,0.74,1017
2026-07-30T20:55:32,Port Harcourt,4.8156,7.0498,31,Good,1.9,4.52,270.51,0.13,0.13,66.01,23.74,92,1.85,1016
2026-07-30T20:55:32,Kano,12.0022,8.592,68,Moderate,20,36.97,683.7,6.4,1.32,22.66,26.49,65,3.86,1015
2026-07-30T20:55:33,Ibadan,7.3775,3.947,44,Good,10.65,24.94,373.66,2.36,1.06,50.94,21.91,98,1.29,1017
2026-07-30T20:55:33,Kaduna,10.5222,7.4383,52,Moderate,12.56,18.68,517.93,3.41,0.4,18.2,21.62,91,1.99,1017
2026-07-30T20:55:33,Ogun (Ode-Remo),6.85,3.6167,27,Good,3.73,9.76,204.21,0.07,0.19,58.17,22.99,94,1.29,1017
2026-07-30T21:59:05,Lagos,6.5244,3.3792,28,Good,3.7,9.19,197.24,0.07,0.21,59.04,25.09,84,3.27,1017
2026-07-30T21:59:05,Abuja,9.0765,7.3986,59,Moderate,15.82,28.28,507.12,3.37,0.52,11.77,21.65,95,0.91,1017
2026-07-30T21:59:06,Port Harcourt,4.8156,7.0498,31,Good,1.87,4.19,270.18,0.13,0.13,66.22,23.54,92,1.89,1017
2026-07-30T21:59:06,Kano,12.0022,8.592,70,Moderate,21.14,38.95,697.5,6.45,1.24,19,25.94,69,4.44,1015
2026-07-30T21:59:07,Ibadan,7.3775,3.947,47,Good,11.34,26.5,382.14,2.43,1.03,49.89,21.67,98,1.59,1017
2026-07-30T21:59:07,Kaduna,10.5222,7.4383,55,Moderate,13.85,20.73,534.47,3.6,0.4,15.81,21.29,93,1.86,1017
2026-07-30T21:59:08,Ogun (Ode-Remo),6.85,3.6167,27,Good,3.71,10.03,200.78,0.07,0.19,57.9,22.88,94,1.33,1017
2026-07-30T23:06:46,Lagos,6.5244,3.3792,28,Good,3.68,9.37,195.87,0.07,0.2,59.13,25.03,84,3.46,1016
2026-07-30T23:06:46,Abuja,9.0765,7.3986,60,Moderate,16.24,28.47,507.31,3.2,0.43,10.55,21.43,96,0.67,1017
2026-07-30T23:06:47,Port Harcourt,4.8156,7.0498,31,Good,1.81,3.84,270.4,0.13,0.12,66.09,23.33,93,1.79,1016
2026-07-30T23:06:48,Kano,12.0022,8.592,68,Moderate,20,36.34,671.99,5.92,1.04,17.07,25.69,71,4.78,1015
2026-07-30T23:06:48,Ibadan,7.3775,3.947,45,Good,10.81,25.47,367.61,2.25,0.87,49.08,21.59,98,1.36,1017
2026-07-30T23:06:49,Kaduna,10.5222,7.4383,56,Moderate,14.25,21.02,534.36,3.59,0.34,13.78,21,94,1.75,1017
2026-07-30T23:06:50,Ogun (Ode-Remo),6.85,3.6167,27,Good,3.68,10.15,198.37,0.07,0.18,57.77,22.7,95,1.34,1016
2026-07-31T01:50:34,Lagos,6.5244,3.3792,28,Good,3.55,9.79,193.8,0.06,0.19,59.15,24.51,85,2.72,1014
2026-07-31T01:50:34,Abuja,9.0765,7.3986,58,Moderate,15.34,24.72,479.6,2.5,0.33,10.79,21.15,98,0.52,1015
2026-07-31T01:50:35,Port Harcourt,4.8156,7.0498,31,Good,1.64,3.22,268.84,0.13,0.1,65.85,22.77,95,1.56,1015
2026-07-31T01:50:35,Kano,12.0022,8.592,54,Moderate,13.73,23.02,532.91,3.42,0.7,16.51,24.36,77,4.57,1013
2026-07-31T01:50:36,Ibadan,7.3775,3.947,36,Good,8.68,20.43,314.2,1.42,0.63,48.18,20.88,99,0.8,1015
2026-07-31T01:50:36,Kaduna,10.5222,7.4383,57,Moderate,14.81,19.31,514.22,2.73,0.22,10.27,20.54,95,1.85,1015
2026-07-31T01:50:37,Ogun (Ode-Remo),6.85,3.6167,27,Good,3.61,9.59,193.9,0.07,0.16,57.73,22.16,97,1.25,1015
2026-07-31T05:25:06,Lagos,6.5244,3.3792,27,Good,3.35,9.68,193.92,0.05,0.18,58.2,24.17,86,2.91,1015
2026-07-31T05:25:06,Abuja,9.0765,7.3986,58,Moderate,15.23,22.8,482.43,2.32,0.34,10.99,20.87,98,0.8,1015
2026-07-31T05:25:07,Port Harcourt,4.8156,7.0498,31,Good,1.6,3,266.96,0.14,0.09,65.69,22.86,94,1.79,1015
2026-07-31T05:25:08,Kano,12.0022,8.592,45,Good,10.81,17.3,471.12,2.57,0.64,15.91,23.58,80,4.13,1014
2026-07-31T05:25:09,Ibadan,7.3775,3.947,30,Good,7.31,18.48,286.52,1.26,0.68,48.46,20.8,99,1.04,1015
2026-07-31T05:25:09,Kaduna,10.5222,7.4383,54,Moderate,13.64,16.8,473.18,2.01,0.14,13.69,20.16,97,1.72,1016
2026-07-31T05:25:10,Ogun (Ode-Remo),6.85,3.6167,27,Good,3.7,10.98,193.29,0.07,0.17,57.54,22.03,97,1.18,1015
2026-07-31T08:33:18,Lagos,6.5244,3.3792,27,Good,3.32,9.38,195.42,0.05,0.18,57.07,26.37,72,2.31,1017
2026-07-31T08:33:19,Abuja,9.0765,7.3986,53,Moderate,13.05,21.05,500.01,1.9,0.55,32.28,25.08,82,1.97,1016
2026-07-31T08:33:19,Port Harcourt,4.8156,7.0498,30,Good,3.03,5.71,293.41,0.28,0.21,63.37,26.89,78,2.45,1016
2026-07-31T08:33:20,Kano,12.0022,8.592,45,Good,10.83,19.7,498.8,2.84,0.91,27.96,28.18,59,4.45,1014
2026-07-31T08:33:20,Ibadan,7.3775,3.947,53,Moderate,13.2,34.74,406.81,2.12,1.33,54.01,24.58,84,1.61,1017
2026-07-31T08:33:20,Kaduna,10.5222,7.4383,49,Good,11.79,14.86,441.58,1.71,0.2,33.15,25.27,73,2.47,1016
2026-07-31T08:33:21,Ogun (Ode-Remo),6.85,3.6167,26,Good,4.07,17.1,201.82,0.08,0.23,54.62,26.78,74,1.54,1017
2026-07-31T11:19:54,Lagos,6.5244,3.3792,26,Good,3.37,9.63,197.07,0.05,0.2,55.31,27.67,69,4.3,1015
2026-07-31T11:19:54,Abuja,9.0765,7.3986,33,Good,7.93,11.39,385.43,0.69,0.35,48.75,26.06,81,2.39,1015
2026-07-31T11:19:55,Port Harcourt,4.8156,7.0498,30,Good,3.73,6.43,298.19,0.21,0.24,64.18,29.69,65,2.47,1015
2026-07-31T11:19:55,Kano,12.0022,8.592,18,Good,4.37,7.8,349.72,1.12,0.43,37.12,30.91,49,2.93,1013
2026-07-31T11:19:55,Ibadan,7.3775,3.947,32,Good,7.74,23.12,291.89,0.7,0.84,57.07,27.21,72,1.89,1015
2026-07-31T11:19:56,Kaduna,10.5222,7.4383,40,Good,9.66,11.49,375.86,0.71,0.13,40.34,27.13,66,1.81,1015
2026-07-31T11:19:57,Ogun (Ode-Remo),6.85,3.6167,25,Good,4.29,17.82,204.59,0.06,0.25,53.8,29.58,62,1.88,1015
2026-07-31T13:31:04,Lagos,6.5244,3.3792,25,Good,2.95,8.66,195.49,0.03,0.14,52.27,27.27,72,5.87,1012
2026-07-31T13:31:05,Abuja,9.0765,7.3986,27,Good,6.44,8.4,346.63,0.68,0.24,47.63,26.31,81,2.44,1013
2026-07-31T13:31:06,Port Harcourt,4.8156,7.0498,29,Good,1.65,4.49,264.75,0.1,0.14,61.71,28.72,70,2.99,1012
2026-07-31T13:31:06,Kano,12.0022,8.592,31,Good,7.43,11.37,319.08,0.88,0.38,43.62,33.09,39,2.14,1009
2026-07-31T13:31:07,Ibadan,7.3775,3.947,24,Good,5.87,16.99,268.68,0.94,0.7,51.59,28.02,71,2.08,1012
2026-07-31T13:31:07,Kaduna,10.5222,7.4383,49,Good,11.68,13.11,333.72,0.43,0.1,46.39,28.06,63,0.86,1012
2026-07-31T13:31:08,Ogun (Ode-Remo),6.85,3.6167,24,Good,3.43,13.24,192.97,0.04,0.17,51.27,28.69,69,2.03,1012
2026-07-31T15:54:03,Lagos,6.5244,3.3792,24,Good,2.96,8.66,197.8,0.04,0.17,50.62,26.59,74,5.57,1012
2026-07-31T15:54:04,Abuja,9.0765,7.3986,29,Good,6.98,8.93,343.95,0.85,0.27,44.58,26.02,82,2.16,1011
2026-07-31T15:54:04,Port Harcourt,4.8156,7.0498,28,Good,1.48,4.41,262.27,0.11,0.13,60.18,27.22,78,3.3,1011
2026-07-31T15:54:05,Kano,12.0022,8.592,42,Good,10.11,16.03,367.9,2.18,0.58,41.41,31.42,45,2.9,1009
2026-07-31T15:54:05,Ibadan,7.3775,3.947,24,Good,5.65,15.36,261.44,0.99,0.63,51.74,27.11,79,1.77,1011
2026-07-31T15:54:06,Kaduna,10.5222,7.4383,48,Good,11.57,13.25,343.23,1.35,0.16,37.15,27.43,68,1.95,1011
2026-07-31T15:54:06,Ogun (Ode-Remo),6.85,3.6167,24,Good,3.22,10.75,194.55,0.04,0.16,50.98,27.21,76,1.78,1011
2026-07-31T17:18:36,Lagos,6.5244,3.3792,24,Good,2.98,8.96,198.98,0.05,0.2,50.22,26.19,76,5.35,1012
2026-07-31T17:18:37,Abuja,9.0765,7.3986,33,Good,7.92,10.18,357.51,1.21,0.32,40.93,25.29,89,1.86,1011
2026-07-31T17:18:37,Port Harcourt,4.8156,7.0498,28,Good,1.38,4.16,260.9,0.13,0.13,59.6,26.07,83,3.49,1012
2026-07-31T17:18:38,Kano,12.0022,8.592,51,Moderate,12.19,19.83,417.25,3.52,0.75,37.45,30.88,47,3.25,1009
2026-07-31T17:18:39,Ibadan,7.3775,3.947,24,Good,5.88,16.15,269.03,1.28,0.68,50.74,25.89,86,1.56,1012
2026-07-31T17:18:40,Kaduna,10.5222,7.4383,53,Moderate,13.03,15.73,380.67,2.68,0.25,28.07,25.51,80,1.76,1011
2026-07-31T17:18:40,Ogun (Ode-Remo),6.85,3.6167,24,Good,3.21,10.44,195.71,0.05,0.17,50.66,26.46,80,1.88,1012
2026-07-31T19:07:28,Lagos,6.5244,3.3792,23,Good,2.94,9.58,201.8,0.08,0.23,49.05,25.24,82,4.87,1013
2026-07-31T19:07:29,Abuja,9.0765,7.3986,42,Good,10.1,13.2,389.36,1.84,0.39,34.49,23.14,94,1.42,1013
2026-07-31T19:07:29,Port Harcourt,4.8156,7.0498,28,Good,1.21,3.41,259.96,0.12,0.11,58.3,25.21,88,3.48,1013
2026-07-31T19:07:29,Kano,12.0022,8.592,66,Moderate,19.33,32.28,566.79,6.2,1.14,27.38,28.92,56,4.28,1011
2026-07-31T19:07:29,Ibadan,7.3775,3.947,29,Good,6.87,19.07,291.91,1.73,0.85,47.86,23.68,94,1.53,1013
2026-07-31T19:07:30,Kaduna,10.5222,7.4383,60,Moderate,16.36,21.88,449.89,4.22,0.45,20.64,23.01,86,1.67,1013
2026-07-31T19:07:30,Ogun (Ode-Remo),6.85,3.6167,24,Good,3.28,10.85,197.47,0.08,0.21,50.16,24.04,89,1.7,1013
2026-07-31T20:52:59,Lagos,6.5244,3.3792,23,Good,2.77,9.51,205.17,0.08,0.24,47.8,25.16,83,4.62,1015
2026-07-31T20:53:00,Abuja,9.0765,7.3986,52,Moderate,12.52,17.94,442.25,2.51,0.46,23.75,23.05,92,0.85,1014
2026-07-31T20:53:00,Port Harcourt,4.8156,7.0498,27,Good,1.17,2.98,261.88,0.12,0.1,57.46,24.79,90,3.11,1015
2026-07-31T20:53:01,Kano,12.0022,8.592,97,Moderate,33.95,56.42,841.75,9.45,1.8,15.48,28.12,61,4.69,1012
2026-07-31T20:53:02,Ibadan,7.3775,3.947,31,Good,7.33,20.71,299.83,1.58,0.9,46.66,22.82,96,1.65,1015
2026-07-31T20:53:02,Kaduna,10.5222,7.4383,66,Moderate,19.19,25.74,492.31,4.17,0.45,16.69,22.46,88,1.88,1015
2026-07-31T20:53:02,Ogun (Ode-Remo),6.85,3.6167,23,Good,3.22,11.11,201.21,0.08,0.24,49.38,23.47,91,1.89,1015
2026-07-31T21:56:45,Lagos,6.5244,3.3792,22,Good,2.67,9.28,206.18,0.08,0.24,47.03,25.03,84,4.65,1015
2026-07-31T21:56:45,Abuja,9.0765,7.3986,54,Moderate,13.43,19.42,462.96,2.72,0.46,19.86,23,91,0.32,1015
2026-07-31T21:56:46,Port Harcourt,4.8156,7.0498,27,Good,1.18,2.97,261.8,0.12,0.11,56.98,24.58,91,3.18,1015
2026-07-31T21:56:46,Kano,12.0022,8.592,108,Unhealthy for Sensitive Groups,38.49,61.3,919.35,10.17,1.89,12.65,27.67,63,3.3,1012
2026-07-31T21:56:46,Ibadan,7.3775,3.947,29,Good,7.06,20.2,295.33,1.49,0.84,45.88,22.44,97,1.74,1015
2026-07-31T21:56:47,Kaduna,10.5222,7.4383,68,Moderate,20.2,26.26,505.21,4.08,0.39,15.35,22.33,89,1.95,1015
2026-07-31T21:56:47,Ogun (Ode-Remo),6.85,3.6167,23,Good,3.1,10.95,202.57,0.08,0.24,48.62,23.37,92,1.83,1015
2026-07-31T22:55:04,Lagos,6.5244,3.3792,22,Good,2.6,9.11,207.49,0.08,0.23,46.33,24.94,84,4.54,1015
2026-07-31T22:55:05,Abuja,9.0765,7.3986,54,Moderate,13.7,19.19,470.16,2.7,0.39,17.49,22.87,91,0.89,1014
2026-07-31T22:55:05,Port Harcourt,4.8156,7.0498,27,Good,1.19,2.92,261.96,0.13,0.11,56.73,24.39,92,2.95,1015
2026-07-31T22:55:05,Kano,12.0022,8.592,107,Unhealthy for Sensitive Groups,37.92,56.49,900.85,9.39,1.51,11.74,27.77,62,3.49,1012
2026-07-31T22:55:06,Ibadan,7.3775,3.947,26,Good,6.13,18.17,277.21,1.23,0.71,45.2,21.93,98,1.81,1015
2026-07-31T22:55:06,Kaduna,10.5222,7.4383,69,Moderate,20.82,25.8,510.09,3.93,0.31,14.3,21.99,90,2.11,1014
2026-07-31T22:55:06,Ogun (Ode-Remo),6.85,3.6167,23,Good,2.98,10.68,203.87,0.08,0.23,47.83,23.26,92,1.61,1015
2026-07-31T23:53:27,Lagos,6.5244,3.3792,22,Good,2.54,8.88,208.62,0.08,0.23,45.66,23.85,88,2.71,1014
2026-07-31T23:53:27,Abuja,9.0765,7.3986,55,Moderate,13.77,18.43,471.4,2.52,0.33,16.23,22.39,93,1.05,1013
2026-07-31T23:53:28,Port Harcourt,4.8156,7.0498,27,Good,1.18,2.71,261.66,0.14,0.11,56.59,24.3,93,2.89,1014
2026-07-31T23:53:29,Kano,12.0022,8.592,101,Unhealthy for Sensitive Groups,35.6,49.47,851.06,7.87,1.07,12,26.44,70,3.37,1012
2026-07-31T23:53:30,Ibadan,7.3775,3.947,22,Good,5.2,16,257.66,0.9,0.58,44.77,21.57,99,1.66,1014
2026-07-31T23:53:31,Kaduna,10.5222,7.4383,70,Moderate,21.21,25.16,509.45,3.61,0.23,13.76,21.88,91,1.71,1013
2026-07-31T23:53:32,Ogun (Ode-Remo),6.85,3.6167,22,Good,2.88,10.26,205.35,0.08,0.22,47.16,22.97,95,1.6,1014
2026-08-01T01:51:20,Lagos,6.5244,3.3792,21,Good,2.47,8.77,209.18,0.08,0.23,44.52,24.47,86,4.42,1013
2026-08-01T01:51:21,Abuja,9.0765,7.3986,57,Moderate,15.05,19.12,478.41,2.19,0.27,15.97,22.02,93,0.58,1012
2026-08-01T01:51:22,Port Harcourt,4.8156,7.0498,27,Good,1.17,2.39,258.08,0.13,0.09,56.57,23.97,94,2.31,1013
2026-08-01T01:51:22,Kano,12.0022,8.592,85,Moderate,28.16,36.7,710.89,5.53,0.59,13.33,24.78,77,3.22,1011
2026-08-01T01:51:23,Ibadan,7.3775,3.947,21,Good,4.21,13.52,237.39,0.58,0.47,43.87,21.48,99,1.62,1013
2026-08-01T01:51:24,Kaduna,10.5222,7.4383,69,Moderate,20.56,22.78,494.75,2.79,0.14,14.34,21.48,92,1.65,1012
2026-08-01T01:51:24,Ogun (Ode-Remo),6.85,3.6167,22,Good,2.73,9.74,206.23,0.08,0.22,45.79,22.74,95,1.51,1013
2026-08-01T05:18:18,Lagos,6.5244,3.3792,21,Good,2.51,9.82,208.22,0.08,0.28,43.52,24.28,87,3.99,1014
2026-08-01T05:18:18,Abuja,9.0765,7.3986,61,Moderate,16.95,19.95,478.83,1.88,0.25,18.45,21.61,94,0.4,1013
2026-08-01T05:18:18,Port Harcourt,4.8156,7.0498,28,Good,1.23,2.32,254.6,0.09,0.08,58.38,23.7,95,2.1,1014
2026-08-01T05:18:19,Kano,12.0022,8.592,71,Moderate,21.41,26.45,575.91,4.18,0.57,13.55,23.7,84,3.12,1012
2026-08-01T05:18:19,Ibadan,7.3775,3.947,20,Good,3.8,13.16,236.3,0.58,0.49,42.38,21.69,97,1.81,1014
2026-08-01T05:18:19,Kaduna,10.5222,7.4383,65,Moderate,18.57,19.87,467.93,1.94,0.09,18.43,21.1,96,1.53,1013
2026-08-01T05:18:20,Ogun (Ode-Remo),6.85,3.6167,21,Good,2.67,10.21,207.78,0.08,0.24,44.18,22.37,96,1.32,1014
2026-08-01T08:02:59,Lagos,6.5244,3.3792,21,Good,2.18,6.22,206.38,0.09,0.23,43.61,25.72,81,4.94,1015
2026-08-01T08:02:59,Abuja,9.0765,7.3986,59,Moderate,15.77,19.26,485.76,2.35,0.35,18.95,23.66,90,1.35,1014
2026-08-01T08:03:00,Port Harcourt,4.8156,7.0498,29,Good,1.55,2.7,260.36,0.12,0.1,60.74,25.95,84,3.17,1015
2026-08-01T08:03:01,Kano,12.0022,8.592,68,Moderate,20.06,27.94,559.48,3.47,0.84,17.94,26.55,68,4.15,1013
2026-08-01T08:03:02,Ibadan,7.3775,3.947,21,Good,5.05,13.13,289.04,1.55,0.71,39.6,23.49,89,2.37,1015
2026-08-01T08:03:02,Kaduna,10.5222,7.4383,61,Moderate,16.74,18.35,469.94,2.11,0.15,22.02,24.22,83,1.88,1014
2026-08-01T08:03:03,Ogun (Ode-Remo),6.85,3.6167,20,Good,2.44,7.51,208.06,0.09,0.22,43.21,25.36,83,2.57,1015
2026-08-01T10:26:18,Lagos,6.5244,3.3792,21,Good,1.99,4.53,203.68,0.07,0.2,43.87,26.92,75,5.66,1015
2026-08-01T10:26:19,Abuja,9.0765,7.3986,42,Good,10.02,12.19,433.94,1.43,0.27,33.95,23.16,94,0.98,1014
2026-08-01T10:26:19,Port Harcourt,4.8156,7.0498,29,Good,1.9,3.31,268.02,0.13,0.13,61.92,27.44,77,3.86,1014
2026-08-01T10:26:20,Kano,12.0022,8.592,42,Good,10.07,14.52,393.54,1.5,0.62,34.35,28.68,59,3.36,1012
2026-08-01T10:26:20,Ibadan,7.3775,3.947,19,Good,4.58,9.99,283.91,1.13,0.63,40.43,25.47,81,2.42,1015
2026-08-01T10:26:21,Kaduna,10.5222,7.4383,58,Moderate,15.46,16.72,445.76,1.18,0.12,29.5,26.59,70,2.83,1013
2026-08-01T10:26:21,Ogun (Ode-Remo),6.85,3.6167,20,Good,2.19,5.52,206.36,0.08,0.2,43.08,28.09,71,2.69,1014
2026-08-01T11:57:48,Lagos,6.5244,3.3792,21,Good,1.93,4.47,198.21,0.05,0.2,43.92,26.84,76,6.75,1013
2026-08-01T11:57:48,Abuja,9.0765,7.3986,31,Good,7.48,8.78,419.42,0.91,0.2,44.97,25.7,83,2.02,1012
2026-08-01T11:57:49,Port Harcourt,4.8156,7.0498,29,Good,2.19,3.87,271.31,0.11,0.16,61.05,27.52,77,4.8,1013
2026-08-01T11:57:50,Kano,12.0022,8.592,22,Good,5.39,7.91,327.12,0.87,0.43,37.12,31.68,48,2.73,1010
2026-08-01T11:57:50,Ibadan,7.3775,3.947,20,Good,3.64,7.27,260.46,0.74,0.52,42.12,27.56,73,2.4,1013
2026-08-01T11:57:51,Kaduna,10.5222,7.4383,55,Moderate,14.23,15.17,413.33,0.62,0.09,36.89,28.84,60,2.8,1011
2026-08-01T11:57:52,Ogun (Ode-Remo),6.85,3.6167,21,Good,2,4.63,204.38,0.06,0.18,43.72,28.43,72,3.13,1013
2026-08-01T12:56:15,Lagos,6.5244,3.3792,21,Good,1.96,5.08,195.41,0.04,0.2,43.74,27.06,75,7.02,1012
2026-08-01T12:56:15,Abuja,9.0765,7.3986,34,Good,8.07,9.29,424.15,0.85,0.19,45.85,22.94,94,0.48,1012
2026-08-01T12:56:15,Port Harcourt,4.8156,7.0498,29,Good,2.27,3.94,269.67,0.1,0.16,60.52,27.71,76,5.06,1012
2026-08-01T12:56:16,Kano,12.0022,8.592,20,Good,4.9,7.19,320.44,0.79,0.41,38.12,30.37,51,3.03,1010
2026-08-01T12:56:16,Ibadan,7.3775,3.947,20,Good,3.34,6.68,250.65,0.65,0.47,42.56,27.7,73,2.43,1012
2026-08-01T12:56:16,Kaduna,10.5222,7.4383,44,Good,10.55,11.2,376.01,0.46,0.06,41.69,28.17,62,2.61,1011
2026-08-01T12:56:17,Ogun (Ode-Remo),6.85,3.6167,21,Good,2.03,4.95,202.64,0.05,0.17,43.84,28.99,69,3.54,1012
2026-08-01T14:23:21,Lagos,6.5244,3.3792,20,Good,2.64,8.78,196.89,0.05,0.26,43.1,27.09,74,7.1,1012
2026-08-01T14:23:22,Abuja,9.0765,7.3986,25,Good,5.98,7.28,411.09,0.9,0.18,47.3,23.44,92,0.35,1011
2026-08-01T14:23:22,Port Harcourt,4.8156,7.0498,29,Good,2.46,3.78,264.63,0.09,0.12,62.38,27.04,79,5.02,1011
2026-08-01T14:23:22,Kano,12.0022,8.592,32,Good,7.7,10.93,355.99,0.79,0.48,41.18,31.26,47,2.96,1009
2026-08-01T14:23:23,Ibadan,7.3775,3.947,20,Good,3.78,11.5,232.31,0.51,0.5,42.21,27.11,78,2.59,1011
2026-08-01T14:23:23,Kaduna,10.5222,7.4383,43,Good,10.41,11.12,360.39,0.52,0.07,35.42,28.06,62,2.32,1010
2026-08-01T14:23:24,Ogun (Ode-Remo),6.85,3.6167,20,Good,2.83,10.57,200.66,0.06,0.26,42.7,28.53,71,3.46,1011
2026-08-01T15:52:26,Lagos,6.5244,3.3792,20,Good,3,11.14,189.32,0.05,0.29,42.92,26.73,74,6.99,1011
2026-08-01T15:52:27,Abuja,9.0765,7.3986,22,Good,5.17,6.59,412.76,1.17,0.2,41.49,23.65,91,0.91,1011
2026-08-01T15:52:27,Port Harcourt,4.8156,7.0498,30,Good,2.79,4.16,266.65,0.12,0.13,62.9,26.04,83,4.85,1011
2026-08-01T15:52:27,Kano,12.0022,8.592,40,Good,9.51,13.72,378.18,1.3,0.54,40.13,31.6,46,2.11,1008
2026-08-01T15:52:28,Ibadan,7.3775,3.947,20,Good,3.74,10.78,227.84,0.68,0.49,42.02,25.7,86,2.57,1011
2026-08-01T15:52:28,Kaduna,10.5222,7.4383,46,Good,11.1,11.88,375.01,0.69,0.08,35.98,25.08,80,2.88,1010
2026-08-01T15:52:28,Ogun (Ode-Remo),6.85,3.6167,21,Good,3.01,10.14,195.21,0.07,0.27,43.42,27.44,74,3.62,1011
2026-08-01T16:47:42,Lagos,6.5244,3.3792,20,Good,3.17,12.37,184.9,0.06,0.31,42.84,26.19,77,6.87,1011
2026-08-01T16:47:42,Abuja,9.0765,7.3986,27,Good,6.45,8.5,431.89,1.62,0.26,34.69,23.12,93,1.17,1011
2026-08-01T16:47:42,Port Harcourt,4.8156,7.0498,30,Good,2.86,4.27,266.54,0.12,0.13,63.22,25.43,85,4.51,1012
2026-08-01T16:47:43,Kano,12.0022,8.592,52,Moderate,12.65,19.32,433.74,2.58,0.68,34.69,31.13,48,2.23,1009
2026-08-01T16:47:44,Ibadan,7.3775,3.947,20,Good,4.03,11.76,232.28,0.89,0.54,41.81,24.86,90,2.44,1011
2026-08-01T16:47:44,Kaduna,10.5222,7.4383,16,Good,12.06,13.09,399.45,1.13,0.1,33.89,24.23,87,1.75,1011
2026-08-01T16:47:45,Ogun (Ode-Remo),6.85,3.6167,21,Good,3.15,10.96,191.49,0.08,0.29,43.42,26.6,77,3.35,1011
2026-08-01T17:52:16,Lagos,6.5244,3.3792,20,Good,3.3,13.13,181.01,0.08,0.32,42.69,25.52,80,6.53,1012
2026-08-01T17:52:16,Abuja,9.0765,7.3986,32,Good,7.58,10.35,447.72,2,0.32,31.25,22.35,95,0.41,1012
2026-08-01T17:52:16,Port Harcourt,4.8156,7.0498,30,Good,2.93,4.39,267.26,0.11,0.13,63.56,24.66,88,4.01,1013
2026-08-01T17:52:17,Kano,12.0022,8.592,58,Moderate,15.5,25.16,495.01,4.2,0.86,28.1,29.43,53,2.68,1009
2026-08-01T17:52:17,Ibadan,7.3775,3.947,20,Good,4.49,13.35,238.13,1.03,0.61,41.62,23.51,94,2.2,1012
2026-08-01T17:52:18,Kaduna,10.5222,7.4383,52,Moderate,12.78,14.15,428.48,1.6,0.13,31.75,23.09,89,1.79,1011
2026-08-01T17:52:18,Ogun (Ode-Remo),6.85,3.6167,20,Good,3.29,12.17,187.61,0.09,0.31,43.35,24.95,83,3.31,1012
2026-08-01T18:53:41,Lagos,6.5244,3.3792,20,Good,3.36,13.37,178.59,0.08,0.33,42.59,25.25,82,6.21,1013
2026-08-01T18:53:41,Abuja,9.0765,7.3986,34,Good,8.04,11.33,446.27,2.21,0.35,28.98,22.28,93,0.65,1012
2026-08-01T18:53:41,Port Harcourt,4.8156,7.0498,30,Good,3.02,4.49,269.41,0.1,0.13,63.9,24.47,90,3.23,1013
2026-08-01T18:53:42,Kano,12.0022,8.592,64,Moderate,18.33,30.83,554.51,5.28,1.01,23.25,26.75,66,5.15,1010
2026-08-01T18:53:42,Ibadan,7.3775,3.947,20,Good,4.91,15.2,240.99,1.04,0.67,41.45,23.16,94,2.48,1012
2026-08-01T18:53:42,Kaduna,10.5222,7.4383,54,Moderate,13.6,15.3,457.56,1.85,0.16,29.86,22.45,90,1.8,1012
2026-08-01T18:53:43,Ogun (Ode-Remo),6.85,3.6167,20,Good,3.39,13.18,183.78,0.09,0.32,43.1,24.26,86,3.08,1012
2026-08-01T20:05:12,Lagos,6.5244,3.3792,20,Good,3.37,13.37,176.75,0.08,0.32,42.43,25.2,82,6.21,1013
2026-08-01T20:05:13,Abuja,9.0765,7.3986,34,Good,8.1,11.65,442.47,2.25,0.35,26.83,22.2,93,1.08,1013
2026-08-01T20:05:14,Port Harcourt,4.8156,7.0498,30,Good,3.14,4.6,271.46,0.09,0.13,64.08,24.28,91,2.72,1014
2026-08-01T20:05:15,Kano,12.0022,8.592,68,Moderate,20,34.12,587.59,5.6,1.04,20.2,25.74,72,4.48,1010
2026-08-01T20:05:15,Ibadan,7.3775,3.947,21,Good,5.04,16.39,236.75,0.94,0.68,41.32,22.64,95,2.52,1013
2026-08-01T20:05:16,Kaduna,10.5222,7.4383,57,Moderate,14.76,16.75,484.97,1.93,0.17,27.57,21.77,91,1.98,1012
2026-08-01T20:05:17,Ogun (Ode-Remo),6.85,3.6167,20,Good,3.43,13.71,180.89,0.09,0.32,42.86,23.99,87,2.87,1013
2026-08-01T21:43:45,Lagos,6.5244,3.3792,20,Good,3.34,13.28,173.72,0.08,0.32,41.9,25.1,83,5.7,1014
2026-08-01T21:43:45,Abuja,9.0765,7.3986,34,Good,8.09,11.66,423.44,2.24,0.33,22.23,21.61,96,1.1,1013
2026-08-01T21:43:46,Port Harcourt,4.8156,7.0498,30,Good,3.4,4.79,275.75,0.08,0.13,64.5,23.88,94,2.21,1015
2026-08-01T21:43:46,Kano,12.0022,8.592,62,Moderate,17.55,29.14,538.71,4.67,0.9,18.45,25.46,73,4.38,1011
2026-08-01T21:43:47,Ibadan,7.3775,3.947,20,Good,4.79,16.42,221.06,0.77,0.61,40.64,21.81,97,2.02,1014
2026-08-01T21:43:48,Kaduna,10.5222,7.4383,60,Moderate,16.57,18.51,523.53,1.96,0.16,24.56,20.99,92,1.15,1014
2026-08-01T21:43:48,Ogun (Ode-Remo),6.85,3.6167,20,Good,3.41,13.7,176.12,0.08,0.31,42.18,23.74,88,2.47,1014
2026-08-01T22:43:58,Lagos,6.5244,3.3792,20,Good,3.29,13.07,172.31,0.08,0.32,41.48,24.96,84,5.79,1014
2026-08-01T22:43:59,Abuja,9.0765,7.3986,32,Good,7.7,11.15,404.9,2.14,0.3,20.72,21.37,96,1.06,1013
2026-08-01T22:43:59,Port Harcourt,4.8156,7.0498,31,Good,3.48,4.81,279.09,0.08,0.13,64.88,23.72,94,2.19,1014
2026-08-01T22:44:00,Kano,12.0022,8.592,59,Moderate,16.01,24.44,509.3,4.17,0.72,17.17,24.99,74,4.58,1012
2026-08-01T22:44:01,Ibadan,7.3775,3.947,19,Good,4.32,14.94,207.99,0.62,0.52,40.39,21.75,97,1.92,1014
2026-08-01T22:44:01,Kaduna,10.5222,7.4383,61,Moderate,16.68,18.21,533.12,1.98,0.13,23.38,20.72,92,1.29,1013
2026-08-01T22:44:02,Ogun (Ode-Remo),6.85,3.6167,20,Good,3.37,13.42,175.08,0.08,0.3,41.92,23.55,89,2.42,1014
2026-08-01T23:48:11,Lagos,6.5244,3.3792,19,Good,3.21,12.74,170.89,0.08,0.31,41.06,24.86,85,5.62,1013
2026-08-01T23:48:11,Abuja,9.0765,7.3986,30,Good,7.09,10.35,382.49,1.98,0.28,19.87,21.32,97,1.43,1013
2026-08-01T23:48:12,Port Harcourt,4.8156,7.0498,31,Good,3.54,4.86,282.66,0.07,0.12,65.45,23.59,94,2.01,1014
2026-08-01T23:48:12,Kano,12.0022,8.592,57,Moderate,14.79,20.88,483.76,3.66,0.57,16.31,24.35,77,4.19,1011
2026-08-01T23:48:12,Ibadan,7.3775,3.947,19,Good,4.03,14,199.4,0.51,0.47,40.13,21.58,98,1.89,1014
2026-08-01T23:48:13,Kaduna,10.5222,7.4383,60,Moderate,16.31,17.49,535.56,1.94,0.11,22.26,20.78,92,1.69,1013
2026-08-01T23:48:13,Ogun (Ode-Remo),6.85,3.6167,20,Good,3.33,13.07,174.03,0.08,0.3,41.66,23.4,90,2.47,1013
2026-08-02T01:47:38,Lagos,6.5244,3.3792,19,Good,3,10.62,168.41,0.07,0.28,40.87,24.67,85,5.66,1012
2026-08-02T01:47:38,Abuja,9.0765,7.3986,24,Good,5.88,8.93,340.05,1.64,0.27,19.51,21.47,97,1.55,1012
2026-08-02T01:47:38,Port Harcourt,4.8156,7.0498,31,Good,3.57,5.08,289.77,0.06,0.13,66.66,23.44,94,1.93,1013
2026-08-02T01:47:38,Kano,12.0022,8.592,50,Good,11.98,15.37,423.9,2.61,0.41,15.76,23.87,77,3.37,1011
2026-08-02T01:47:39,Ibadan,7.3775,3.947,19,Good,3.61,10.8,192.38,0.39,0.39,39.6,21.44,98,2.06,1013
2026-08-02T01:47:39,Kaduna,10.5222,7.4383,56,Moderate,14.67,15.45,527.29,1.77,0.09,20.48,20.47,90,1.69,1012
2026-08-02T01:47:39,Ogun (Ode-Remo),6.85,3.6167,19,Good,3,8.99,172.27,0.07,0.24,41.17,23.14,92,2.29,1012
2026-08-02T05:17:18,Lagos,6.5244,3.3792,20,Good,2.96,8.35,171.13,0.07,0.24,43.02,24.57,85,5.73,1012
2026-08-02T05:17:18,Abuja,9.0765,7.3986,23,Good,5.44,8.74,312.97,1.38,0.25,17.87,21.26,97,1.95,1014
2026-08-02T05:17:19,Port Harcourt,4.8156,7.0498,32,Good,3.18,4.92,299.95,0.06,0.15,67.56,23.32,93,2,1013
2026-08-02T05:17:19,Kano,12.0022,8.592,51,Moderate,12.3,15.15,426.91,2.41,0.36,12.87,22.38,86,3.68,1012
2026-08-02T05:17:19,Ibadan,7.3775,3.947,18,Good,3.31,9.04,191.38,0.43,0.38,38.82,21.1,98,1.26,1013
2026-08-02T05:17:20,Kaduna,10.5222,7.4383,43,Good,10.23,10.84,479.01,1.54,0.08,21.28,19.82,98,2.02,1013
2026-08-02T05:17:20,Ogun (Ode-Remo),6.85,3.6167,20,Good,2.79,7.52,169.99,0.06,0.2,41.56,22.85,92,2,1012
2026-08-02T08:04:29,Lagos,6.5244,3.3792,22,Good,3.49,9.09,177.18,0.06,0.27,46.49,25.74,79,6.09,1014
2026-08-02T08:04:29,Abuja,9.0765,7.3986,23,Good,5.43,9.28,311.35,1.54,0.34,18.87,22.19,95,1.4,1015
2026-08-02T08:04:30,Port Harcourt,4.8156,7.0498,31,Good,3.1,5.76,304.33,0.08,0.19,64.73,26.34,80,4.5,1015
2026-08-02T08:04:31,Kano,12.0022,8.592,59,Moderate,16.05,21.14,509.82,2.44,0.64,18.34,27.04,60,4.33,1013
2026-08-02T08:04:31,Ibadan,7.3775,3.947,19,Good,4.33,11.25,224.27,0.9,0.56,39.87,23.38,89,2.99,1015
2026-08-02T08:04:32,Kaduna,10.5222,7.4383,31,Good,7.45,8.79,443.98,2.03,0.15,19.84,21.37,95,2.94,1015
2026-08-02T08:04:32,Ogun (Ode-Remo),6.85,3.6167,21,Good,3.09,8.28,173.86,0.06,0.22,44.25,25.52,80,3.17,1014
2026-08-02T10:25:25,Lagos,6.5244,3.3792,23,Good,3.78,9.54,180.84,0.04,0.28,48.65,26.68,74,6.81,1015
2026-08-02T10:25:25,Abuja,9.0765,7.3986,20,Good,4.89,7.8,297.54,1.11,0.32,23.08,23.9,90,2.46,1015
2026-08-02T10:25:26,Port Harcourt,4.8156,7.0498,29,Good,3,5.95,301.67,0.07,0.2,60.85,27.67,75,5.09,1015
2026-08-02T10:25:26,Kano,12.0022,8.592,50,Good,11.93,14.97,499.53,1.16,0.5,36.24,30.68,48,4.23,1013
2026-08-02T10:25:27,Ibadan,7.3775,3.947,20,Good,3.74,9.12,204.6,0.42,0.44,43.29,25.49,79,3.46,1015
2026-08-02T10:25:27,Kaduna,10.5222,7.4383,28,Good,6.69,7.94,401,1.4,0.13,24.29,21.5,96,3.45,1015
2026-08-02T10:25:27,Ogun (Ode-Remo),6.85,3.6167,22,Good,3.44,8.58,177.85,0.04,0.24,46.25,27.41,70,4.13,1014
2026-08-02T11:53:33,Lagos,6.5244,3.3792,23,Good,3.68,8.6,186.02,0.03,0.25,49.26,26.96,72,7.43,1014
2026-08-02T11:53:34,Abuja,9.0765,7.3986,20,Good,4.8,7.04,295.62,0.86,0.29,25.36,25.33,85,2.34,1014
2026-08-02T11:53:34,Port Harcourt,4.8156,7.0498,27,Good,2.71,5.33,295.62,0.06,0.18,57.12,27,77,5.17,1014
2026-08-02T11:53:35,Kano,12.0022,8.592,36,Good,8.72,10.6,487.92,1.1,0.39,35.3,33.04,39,3.71,1011
2026-08-02T11:53:36,Ibadan,7.3775,3.947,21,Good,3.54,7.7,199.42,0.33,0.37,44.64,25.24,86,3.36,1014
2026-08-02T11:53:37,Kaduna,10.5222,7.4383,27,Good,6.44,7.41,363.4,0.96,0.11,29.68,21.66,95,2.85,1014
2026-08-02T11:53:37,Ogun (Ode-Remo),6.85,3.6167,22,Good,3.52,7.91,183.04,0.03,0.22,47.55,27.45,74,4.32,1013
2026-08-02T12:57:32,Lagos,6.5244,3.3792,23,Good,3.65,8.39,188.92,0.03,0.25,48.92,26.9,73,7.84,1013
2026-08-02T12:57:33,Abuja,9.0765,7.3986,18,Good,4.43,6.39,290.06,0.81,0.26,26.68,24.51,89,2.69,1013
2026-08-02T12:57:33,Port Harcourt,4.8156,7.0498,26,Good,2.65,5.16,291.75,0.06,0.17,55.83,26.78,78,4.96,1013
2026-08-02T12:57:33,Kano,12.0022,8.592,33,Good,7.99,10.05,481,1.31,0.42,33.09,32.99,41,3.16,1010
2026-08-02T12:57:34,Ibadan,7.3775,3.947,21,Good,3.47,7.23,200.01,0.32,0.35,45.07,25.5,86,3.82,1013
2026-08-02T12:57:34,Kaduna,10.5222,7.4383,24,Good,5.8,6.59,338.89,0.77,0.09,32.36,22.23,94,1.76,1013
2026-08-02T12:57:34,Ogun (Ode-Remo),6.85,3.6167,23,Good,3.45,7.51,185.59,0.03,0.2,47.9,27.13,78,4.44,1013
2026-08-02T14:26:02,Lagos,6.5244,3.3792,24,Good,3.26,6.25,193.99,0.04,0.22,49.94,26.64,75,7.87,1013
2026-08-02T14:26:02,Abuja,9.0765,7.3986,20,Good,4.72,6.57,316.33,1.23,0.26,21.25,23.92,91,2.63,1012
2026-08-02T14:26:03,Port Harcourt,4.8156,7.0498,26,Good,3.47,8.18,289.01,0.04,0.21,54.57,26.75,77,4.87,1012
2026-08-02T14:26:04,Kano,12.0022,8.592,32,Good,7.66,10.82,465.84,1.39,0.38,36.59,33.52,39,3.15,1009
2026-08-02T14:26:05,Ibadan,7.3775,3.947,22,Good,3.39,6.88,212.24,0.54,0.37,45.94,25.18,88,3.66,1012
2026-08-02T14:26:05,Kaduna,10.5222,7.4383,24,Good,5.85,7.19,358.12,1.18,0.12,26.77,22.38,93,1.33,1012
2026-08-02T14:26:06,Ogun (Ode-Remo),6.85,3.6167,23,Good,3.05,6.08,189.91,0.05,0.19,49.13,27.05,78,4.47,1012
2026-08-02T15:52:49,Lagos,6.5244,3.3792,24,Good,3.44,6.84,203.09,0.04,0.22,49.94,26.01,78,7.29,1012
2026-08-02T15:52:49,Abuja,9.0765,7.3986,21,Good,4.96,6.06,330.87,1.51,0.2,20.94,22.56,95,1.96,1012
2026-08-02T15:52:50,Port Harcourt,4.8156,7.0498,25,Good,4.4,10.82,284.55,0.05,0.26,53.97,25.82,81,4,1012
2026-08-02T15:52:50,Kano,12.0022,8.592,53,Moderate,13.02,18.61,509.81,2.3,0.61,39.26,30.87,51,6.27,1009
2026-08-02T15:52:50,Ibadan,7.3775,3.947,22,Good,3.41,6.7,214.77,0.56,0.36,46.77,24.65,90,3.55,1012
2026-08-02T15:52:50,Kaduna,10.5222,7.4383,27,Good,6.41,8.04,367.48,1.69,0.15,25.65,22.16,94,2.14,1012
2026-08-02T15:52:51,Ogun (Ode-Remo),6.85,3.6167,23,Good,3.18,6.45,197.27,0.05,0.2,49.3,25.69,83,4.15,1012
2026-08-02T16:46:21,Lagos,6.5244,3.3792,24,Good,3.62,7.52,206.59,0.05,0.23,49.89,25.72,79,6.88,1013
2026-08-02T16:46:21,Abuja,9.0765,7.3986,20,Good,4.87,5.96,330.31,1.65,0.19,21.57,22.28,96,1.27,1013
2026-08-02T16:46:22,Port Harcourt,4.8156,7.0498,26,Good,4.59,10.8,284.55,0.07,0.25,54.44,25.25,84,3.49,1013
2026-08-02T16:46:23,Kano,12.0022,8.592,58,Moderate,15.58,22.64,550.33,3.5,0.75,34.75,29.75,56,5.72,1010
2026-08-02T16:46:24,Ibadan,7.3775,3.947,22,Good,3.69,7.23,223.1,0.73,0.39,46.63,23.51,92,3.37,1013
2026-08-02T16:46:24,Kaduna,10.5222,7.4383,29,Good,6.87,8.5,377.46,1.93,0.14,23.44,21.84,94,2.26,1013
2026-08-02T16:46:25,Ogun (Ode-Remo),6.85,3.6167,23,Good,3.3,6.73,200.78,0.06,0.2,49.4,24.77,86,3.81,1013
2026-08-02T17:53:09,Lagos,6.5244,3.3792,24,Good,3.79,8.17,209.39,0.05,0.24,49.92,25.24,80,6.54,1014
2026-08-02T17:53:10,Abuja,9.0765,7.3986,20,Good,4.73,6,325.55,1.71,0.2,22.64,21.99,97,0.76,1014
2026-08-02T17:53:10,Port Harcourt,4.8156,7.0498,26,Good,4.52,10.4,286.68,0.07,0.25,54.61,24.65,88,2.92,1013
2026-08-02T17:53:11,Kano,12.0022,8.592,62,Moderate,17.38,26.03,588.45,4.52,0.88,29.26,28.22,61,6.14,1011
2026-08-02T17:53:12,Ibadan,7.3775,3.947,22,Good,4.08,7.95,233.44,0.83,0.43,46.53,22.46,94,3.01,1014
2026-08-02T17:53:12,Kaduna,10.5222,7.4383,29,Good,7.07,8.54,380.17,1.99,0.14,22.87,21.63,95,2.24,1014
2026-08-02T17:53:13,Ogun (Ode-Remo),6.85,3.6167,23,Good,3.42,6.97,204.28,0.06,0.2,49.51,23.7,89,3.27,1014
2026-08-02T18:54:22,Lagos,6.5244,3.3792,24,Good,4.03,8.98,211.94,0.06,0.25,50.2,25.37,81,5.53,1014
2026-08-02T18:54:22,Abuja,9.0765,7.3986,20,Good,4.72,6.29,320.24,1.73,0.22,23.58,22.18,94,1.94,1014
2026-08-02T18:54:22,Port Harcourt,4.8156,7.0498,26,Good,4.25,9.58,290.03,0.08,0.23,54.47,24.63,89,2.71,1014
2026-08-02T18:54:23,Kano,12.0022,8.592,64,Moderate,18.46,28.02,609.37,4.81,0.92,25.64,27.81,63,4.37,1011
2026-08-02T18:54:23,Ibadan,7.3775,3.947,22,Good,4.42,8.48,242.92,0.84,0.45,46.79,22.18,96,2.18,1014
2026-08-02T18:54:23,Kaduna,10.5222,7.4383,29,Good,6.86,8.08,372.04,1.89,0.14,22.3,22.1,95,2.12,1014
2026-08-02T18:54:24,Ogun (Ode-Remo),6.85,3.6167,24,Good,3.51,7.13,208.6,0.06,0.19,50.02,23.67,88,2.61,1014
2026-08-02T20:05:24,Lagos,6.5244,3.3792,24,Good,4.31,9.65,213.7,0.06,0.27,50.36,25.23,81,5.33,1015
2026-08-02T20:05:24,Abuja,9.0765,7.3986,20,Good,4.8,6.69,317.17,1.71,0.25,23.84,21.89,95,1.99,1015
2026-08-02T20:05:24,Port Harcourt,4.8156,7.0498,26,Good,3.86,8.41,294.96,0.07,0.22,54.13,24.4,91,2.3,1015
2026-08-02T20:05:25,Kano,12.0022,8.592,64,Moderate,18.09,26.83,605.62,4.49,0.83,23.62,27.15,66,4.88,1012
2026-08-02T20:05:25,Ibadan,7.3775,3.947,22,Good,4.56,8.7,247.39,0.78,0.45,47.09,21.88,97,2.09,1015
2026-08-02T20:05:25,Kaduna,10.5222,7.4383,29,Good,7.04,8.5,378.81,1.99,0.16,19.62,22.01,96,2.13,1014
2026-08-02T20:05:26,Ogun (Ode-Remo),6.85,3.6167,24,Good,3.61,7.23,211.79,0.05,0.19,50.4,23.47,89,2.21,1015
2026-08-02T21:44:17,Lagos,6.5244,3.3792,24,Good,4.7,10.47,213.27,0.06,0.28,50.39,25.05,83,5.07,1016
2026-08-02T21:44:17,Abuja,9.0765,7.3986,21,Good,5.01,7.29,315.79,1.72,0.26,22.97,21.61,96,3.67,1016
2026-08-02T21:44:18,Port Harcourt,4.8156,7.0498,26,Good,3.03,6.39,306.65,0.07,0.18,54.1,24.14,90,2.49,1016
2026-08-02T21:44:19,Kano,12.0022,8.592,54,Moderate,13.67,18.17,530.6,3.45,0.58,22,25.75,70,4.73,1013
2026-08-02T21:44:19,Ibadan,7.3775,3.947,22,Good,4.58,8.68,246.22,0.69,0.42,47.21,21.47,97,1.83,1016
2026-08-02T21:44:20,Kaduna,10.5222,7.4383,31,Good,7.38,9.19,388.09,2.05,0.18,16.11,21.67,94,3.61,1015
2026-08-02T21:44:20,Ogun (Ode-Remo),6.85,3.6167,24,Good,3.87,7.34,212.77,0.05,0.19,50.73,23.18,91,1.96,1016
2026-08-02T22:44:47,Lagos,6.5244,3.3792,24,Good,4.86,11.07,213.52,0.06,0.3,50.29,24.85,84,5.29,1016
2026-08-02T22:44:47,Abuja,9.0765,7.3986,21,Good,5.07,7.29,314.88,1.71,0.24,21.51,21.39,97,3.37,1016
2026-08-02T22:44:48,Port Harcourt,4.8156,7.0498,26,Good,2.71,5.84,312.52,0.06,0.17,54.28,23.95,92,2.35,1016
2026-08-02T22:44:48,Kano,12.0022,8.592,49,Good,11.79,14.98,498.79,3.17,0.47,20.2,25.25,72,5.23,1013
2026-08-02T22:44:48,Ibadan,7.3775,3.947,22,Good,4.31,8.14,235.5,0.55,0.37,47.33,21.26,98,1.66,1016
2026-08-02T22:44:48,Kaduna,10.5222,7.4383,30,Good,7.14,8.64,384.07,1.98,0.14,14.81,21.16,95,3.52,1016
2026-08-02T22:44:49,Ogun (Ode-Remo),6.85,3.6167,24,Good,4.04,7.74,212.98,0.05,0.2,50.7,23.04,92,1.92,1016
2026-08-02T23:49:44,Lagos,6.5244,3.3792,24,Good,4.92,11.29,212.88,0.06,0.31,50.23,24.77,84,5.28,1015
2026-08-02T23:49:44,Abuja,9.0765,7.3986,21,Good,5.13,7.31,314.33,1.67,0.23,20.21,21.22,97,3.16,1016
2026-08-02T23:49:45,Port Harcourt,4.8156,7.0498,26,Good,2.52,5.53,317.8,0.06,0.16,54.75,23.72,91,2.3,1015
2026-08-02T23:49:46,Kano,12.0022,8.592,44,Good,10.48,13.11,476.32,2.98,0.42,18.65,25.03,74,5.13,1013
2026-08-02T23:49:46,Ibadan,7.3775,3.947,22,Good,4.28,8.21,230.93,0.48,0.37,47.44,21.07,98,1.55,1016
2026-08-02T23:49:47,Kaduna,10.5222,7.4383,29,Good,6.95,8.22,380.74,1.9,0.12,13.55,20.71,97,3.36,1016
2026-08-02T23:49:48,Ogun (Ode-Remo),6.85,3.6167,24,Good,4.16,8.07,212.65,0.05,0.21,50.63,22.87,93,1.69,1015
2026-08-03T01:50:24,Lagos,6.5244,3.3792,24,Good,4.91,11.4,211.27,0.06,0.32,49.96,24.45,86,4.79,1014
2026-08-03T01:50:24,Abuja,9.0765,7.3986,22,Good,5.28,7.4,314.11,1.53,0.22,17.98,21.03,98,2.25,1015
2026-08-03T01:50:25,Port Harcourt,4.8156,7.0498,27,Good,2.53,5.33,325.99,0.07,0.17,56.41,23.32,93,1.85,1014
2026-08-03T01:50:25,Kano,12.0022,8.592,37,Good,8.79,11.3,447.12,2.72,0.41,16.68,24.69,75,5.19,1013
2026-08-03T01:50:26,Ibadan,7.3775,3.947,22,Good,4.79,10.17,231.63,0.47,0.43,46.7,21.05,99,1.23,1015
2026-08-03T01:50:26,Kaduna,10.5222,7.4383,28,Good,6.83,7.8,374.21,1.67,0.1,12.09,20.48,98,2.69,1015
2026-08-03T01:50:26,Ogun (Ode-Remo),6.85,3.6167,24,Good,4.6,9.72,211,0.06,0.26,49.82,22.47,96,1.26,1015
2026-08-03T05:31:46,Lagos,6.5244,3.3792,24,Good,4.13,10.06,208.6,0.05,0.28,49.96,24.05,87,3.73,1016
2026-08-03T05:31:46,Abuja,9.0765,7.3986,29,Good,6.88,10.27,350.97,2,0.31,12.81,20.94,98,1.88,1017
2026-08-03T05:31:46,Port Harcourt,4.8156,7.0498,28,Good,2.76,6.13,337.29,0.07,0.19,58.71,23.23,93,1.33,1016
2026-08-03T05:31:47,Kano,12.0022,8.592,39,Good,9.42,14.12,469.55,3.29,0.69,14.96,23.53,82,3.92,1016
2026-08-03T05:31:47,Ibadan,7.3775,3.947,28,Good,6.71,15.4,272.16,1.21,0.71,44.9,21.21,98,1.08,1016
2026-08-03T05:31:47,Kaduna,10.5222,7.4383,30,Good,7.23,8.62,383.73,1.92,0.14,13,20.64,97,2.76,1017
2026-08-03T05:31:48,Ogun (Ode-Remo),6.85,3.6167,23,Good,4.52,9.64,207.09,0.05,0.25,49.63,22.4,96,1.03,1016
2026-08-03T09:21:21,Lagos,6.5244,3.3792,24,Good,3.31,10.04,210.24,0.03,0.24,49.78,26.44,72,3.49,1017
2026-08-03T09:21:21,Abuja,9.0765,7.3986,38,Good,9.22,14.48,422.64,1.9,0.43,19.85,21.36,97,1.7,1018
2026-08-03T09:21:22,Port Harcourt,4.8156,7.0498,27,Good,2.33,4.62,339.88,0.08,0.17,56.91,26.93,76,2.57,1017
2026-08-03T09:21:22,Kano,12.0022,8.592,53,Moderate,12.88,19.55,518.55,2.6,0.94,28.19,26.96,65,5.3,1016
2026-08-03T09:21:23,Ibadan,7.3775,3.947,30,Good,7.13,16.4,302.85,1.53,0.85,45.49,23.03,91,2.09,1017
2026-08-03T09:21:24,Kaduna,10.5222,7.4383,36,Good,8.67,11,422.31,2.04,0.2,16.87,20.89,95,2.92,1018
2026-08-03T09:21:25,Ogun (Ode-Remo),6.85,3.6167,23,Good,3.46,8.83,206.96,0.03,0.2,49.69,24.31,86,1.38,1017
2026-08-03T12:49:13,Lagos,6.5244,3.3792,21,Good,3.25,11.45,212.97,0.02,0.25,45.1,27.53,67,5.5,1015
2026-08-03T12:49:14,Abuja,9.0765,7.3986,27,Good,6.5,8.41,365,1.15,0.32,32.94,22.27,92,1.29,1016
2026-08-03T12:49:14,Port Harcourt,4.8156,7.0498,25,Good,1.92,3.97,336.48,0.06,0.15,53.72,28.11,71,2.56,1014
2026-08-03T12:49:15,Kano,12.0022,8.592,29,Good,7.01,9.79,372.78,1.19,0.48,36.8,31.65,47,4.2,1013
2026-08-03T12:49:16,Ibadan,7.3775,3.947,22,Good,4.66,13.45,244.92,0.39,0.54,47.37,26.04,81,2.28,1015
2026-08-03T12:49:16,Kaduna,10.5222,7.4383,22,Good,5.34,6.4,328.28,0.86,0.12,31.27,24.05,79,3.3,1015
2026-08-03T12:49:17,Ogun (Ode-Remo),6.85,3.6167,21,Good,3.59,12.99,207.79,0.03,0.24,45.21,29.41,61,3.08,1014
2026-08-03T15:37:20,Lagos,6.5244,3.3792,21,Good,2.22,7.89,224.08,0.03,0.17,43.76,27.07,70,5.33,1013
2026-08-03T15:37:20,Abuja,9.0765,7.3986,25,Good,6,8.52,327.48,0.96,0.31,35.72,23.48,85,1.55,1014
2026-08-03T15:37:20,Port Harcourt,4.8156,7.0498,25,Good,2.18,3.74,333.88,0.08,0.13,53.14,26.58,79,2.01,1013
2026-08-03T15:37:21,Kano,12.0022,8.592,60,Moderate,16.61,24.28,540.14,4.09,0.99,30.6,29.5,55,3.75,1012
2026-08-03T15:37:21,Ibadan,7.3775,3.947,22,Good,4.12,13.53,255.77,0.55,0.54,45.59,25.48,86,1.68,1013
2026-08-03T15:37:21,Kaduna,10.5222,7.4383,28,Good,6.63,8.23,318.28,1.01,0.14,33.96,24.74,75,2.6,1014
2026-08-03T15:37:22,Ogun (Ode-Remo),6.85,3.6167,21,Good,2.51,9.63,220.46,0.03,0.17,43.98,27.87,69,2.43,1013
2026-08-03T17:47:03,Lagos,6.5244,3.3792,21,Good,1.98,7.08,225.39,0.05,0.15,43.48,25.84,77,4.81,1014
2026-08-03T17:47:03,Abuja,9.0765,7.3986,35,Good,8.49,14.14,388.38,2.38,0.44,28.63,21.64,93,0.9,1015
2026-08-03T17:47:03,Port Harcourt,4.8156,7.0498,25,Good,2.38,4.59,330.52,0.11,0.14,52.2,24.98,88,1.78,1015
2026-08-03T17:47:04,Kano,12.0022,8.592,78,Moderate,25.12,39.02,691.83,8.46,1.95,33.73,28.53,58,3.48,1012
2026-08-03T17:47:05,Ibadan,7.3775,3.947,21,Good,5.14,16.87,293.15,1.4,0.75,41.79,23.13,93,1.04,1015
2026-08-03T17:47:05,Kaduna,10.5222,7.4383,44,Good,10.59,14.74,385.64,2.69,0.33,23.15,22.89,85,2.07,1015
2026-08-03T17:47:06,Ogun (Ode-Remo),6.85,3.6167,20,Good,2.38,9.5,221.83,0.05,0.16,43.25,24.72,81,2.29,1014
2026-08-03T19:18:18,Lagos,6.5244,3.3792,21,Good,1.9,6.84,226.49,0.05,0.15,43.64,25.71,77,4.33,1015
2026-08-03T19:18:19,Abuja,9.0765,7.3986,41,Good,9.8,17.06,417.31,2.82,0.51,25.05,21.47,93,0.44,1015
2026-08-03T19:18:19,Port Harcourt,4.8156,7.0498,24,Good,2.47,5.13,330.36,0.11,0.15,51.76,24.7,89,1.76,1015
2026-08-03T19:18:20,Kano,12.0022,8.592,91,Moderate,31.01,50.06,794.83,10.67,2.6,30.56,27.58,62,3.63,1013
2026-08-03T19:18:21,Ibadan,7.3775,3.947,25,Good,5.98,18.99,314.77,1.69,0.86,40,22.74,93,1.07,1015
2026-08-03T19:18:22,Kaduna,10.5222,7.4383,52,Moderate,12.74,18.77,425.66,3.48,0.45,19.63,22.21,90,2.2,1015
2026-08-03T19:18:23,Ogun (Ode-Remo),6.85,3.6167,20,Good,2.31,9.45,222.96,0.06,0.16,43.11,23.82,84,1.64,1015
2026-08-03T20:54:51,Lagos,6.5244,3.3792,21,Good,1.77,6.43,228.19,0.06,0.14,44.3,25.43,79,3.61,1016
2026-08-03T20:54:51,Abuja,9.0765,7.3986,52,Moderate,12.34,21.5,461.21,3.05,0.55,18.83,21.24,94,1.04,1016
2026-08-03T20:54:52,Port Harcourt,4.8156,7.0498,24,Good,2.52,5.98,332.35,0.11,0.16,50.91,24.56,90,1.59,1016
2026-08-03T20:54:53,Kano,12.0022,8.592,122,Unhealthy for Sensitive Groups,43.93,71.13,982.05,12.02,3.1,21.42,26.51,67,4.07,1014
2026-08-03T20:54:54,Ibadan,7.3775,3.947,31,Good,7.54,22.41,349.97,1.93,0.96,37.97,21.92,96,1.52,1016
2026-08-03T20:54:54,Kaduna,10.5222,7.4383,62,Moderate,17.44,26.94,506.08,4.39,0.58,11.87,21.32,93,2.11,1016
2026-08-03T20:54:55,Ogun (Ode-Remo),6.85,3.6167,20,Good,2.15,8.96,224.32,0.06,0.15,43.01,23.27,88,1.17,1016
2026-08-03T21:58:17,Lagos,6.5244,3.3792,21,Good,1.73,6.26,228.66,0.06,0.14,44.66,25.4,80,3.42,1016
2026-08-03T21:58:17,Abuja,9.0765,7.3986,53,Moderate,12.86,21.33,468.14,2.98,0.51,16.85,21.18,94,1.31,1016
2026-08-03T21:58:18,Port Harcourt,4.8156,7.0498,24,Good,2.48,6.21,333.1,0.11,0.16,50.4,24.37,91,1.91,1016
2026-08-03T21:58:18,Kano,12.0022,8.592,130,Unhealthy for Sensitive Groups,47.22,73.14,1022.53,10.96,2.27,15.11,25.89,71,4.01,1015
2026-08-03T21:58:19,Ibadan,7.3775,3.947,34,Good,8.09,23.51,361.09,2.05,0.95,36.99,21.64,96,1.42,1017
2026-08-03T21:58:20,Kaduna,10.5222,7.4383,65,Moderate,18.64,28,522.98,4.52,0.56,9.18,20.93,93,1.93,1017
2026-08-03T21:58:21,Ogun (Ode-Remo),6.85,3.6167,20,Good,2.07,8.72,224.41,0.06,0.14,42.99,23.16,88,0.93,1016
2026-08-03T22:57:48,Lagos,6.5244,3.3792,21,Good,1.7,6.14,229.26,0.06,0.13,44.98,25.21,81,3.23,1016
2026-08-03T22:57:48,Abuja,9.0765,7.3986,53,Moderate,13.14,20.43,473.18,2.9,0.42,14.57,21.36,93,1.22,1017
2026-08-03T22:57:48,Port Harcourt,4.8156,7.0498,24,Good,2.43,6.33,334.49,0.11,0.15,50.01,24.13,92,1.94,1016
2026-08-03T22:57:49,Kano,12.0022,8.592,129,Unhealthy for Sensitive Groups,46.77,68.69,1002.48,9.58,1.51,11.33,25.3,73,4.39,1015
2026-08-03T22:57:49,Ibadan,7.3775,3.947,32,Good,7.78,22.68,355.38,1.96,0.82,36.25,21.42,96,1.21,1017
2026-08-03T22:57:49,Kaduna,10.5222,7.4383,65,Moderate,18.59,26.99,521.19,4.34,0.44,7.9,20.62,94,1.63,1017
2026-08-03T22:57:50,Ogun (Ode-Remo),6.85,3.6167,20,Good,2.01,8.48,224.98,0.06,0.14,43.15,23.09,89,1,1016
2026-08-04T00:05:03,Lagos,6.5244,3.3792,21,Good,1.68,6.05,230.4,0.06,0.12,45.41,25.11,81,3.34,1015
2026-08-04T00:05:04,Abuja,9.0765,7.3986,54,Moderate,13.34,19.71,475.78,2.74,0.36,12.75,21.18,94,0.79,1016
2026-08-04T00:05:04,Port Harcourt,4.8156,7.0498,23,Good,2.37,6.34,336,0.11,0.14,49.66,23.81,93,1.93,1015
2026-08-04T00:05:05,Kano,12.0022,8.592,125,Unhealthy for Sensitive Groups,45.14,62.62,960.37,8.11,1.04,9.13,24.63,76,4.17,1014
2026-08-04T00:05:06,Ibadan,7.3775,3.947,31,Good,7.33,21.4,345.4,1.77,0.72,35.77,21.29,96,1.2,1016
2026-08-04T00:05:06,Kaduna,10.5222,7.4383,64,Moderate,18.19,25.6,510.65,3.95,0.34,7.56,20.48,93,1.44,1016
2026-08-04T00:05:07,Ogun (Ode-Remo),6.85,3.6167,20,Good,1.95,8.08,225.73,0.05,0.13,43.35,22.89,90,1.05,1016
2026-08-04T03:57:31,Lagos,6.5244,3.3792,22,Good,1.61,5.69,232.37,0.06,0.11,46.6,24.63,84,2.73,1014
2026-08-04T03:57:31,Abuja,9.0765,7.3986,59,Moderate,15.79,21.48,501.52,2.34,0.29,8.4,20.73,95,0.71,1015
2026-08-04T03:57:32,Port Harcourt,4.8156,7.0498,23,Good,2.09,5.26,340.24,0.13,0.11,48.01,23.48,94,1.78,1014
2026-08-04T03:57:33,Kano,12.0022,8.592,112,Unhealthy for Sensitive Groups,40.07,49.14,828.55,4.83,0.51,5.25,23.12,84,3.34,1014
2026-08-04T03:57:33,Ibadan,7.3775,3.947,49,Good,11.72,27.43,414.96,2.24,0.76,32.76,20.89,98,0.72,1015
2026-08-04T03:57:34,Kaduna,10.5222,7.4383,64,Moderate,18.06,22.85,482.46,2.68,0.24,7.24,19.98,95,1.53,1015
2026-08-04T03:57:35,Ogun (Ode-Remo),6.85,3.6167,21,Good,1.69,6.83,227.37,0.05,0.1,44.23,22.46,93,1.13,1014
2026-08-04T06:23:36,Lagos,6.5244,3.3792,22,Good,1.59,5.59,233.15,0.05,0.1,47.33,24.35,85,2.1,1015
2026-08-04T06:23:37,Abuja,9.0765,7.3986,62,Moderate,17.34,24.46,526.31,2.65,0.39,8.17,21.41,92,0.75,1016
2026-08-04T06:23:37,Port Harcourt,4.8156,7.0498,22,Good,1.99,4.99,342.75,0.13,0.1,47.48,23.36,95,1.62,1015
2026-08-04T06:23:38,Kano,12.0022,8.592,120,Unhealthy for Sensitive Groups,43.07,54.35,877,5.42,0.89,4.32,23.15,81,2.39,1015
2026-08-04T06:23:38,Ibadan,7.3775,3.947,69,Moderate,20.59,41.16,575.71,4.15,1.3,30.68,20.76,97,0.95,1015
2026-08-04T06:23:39,Kaduna,10.5222,7.4383,67,Moderate,19.54,24.14,508.2,2.85,0.28,5.64,20.15,91,0.92,1016
2026-08-04T06:23:39,Ogun (Ode-Remo),6.85,3.6167,21,Good,1.54,6.14,229.16,0.05,0.09,44.42,22.19,95,0.97,1015
2026-08-04T09:33:30,Lagos,6.5244,3.3792,23,Good,1.78,6.2,232.54,0.03,0.09,47.84,27.96,66,2.36,1017
2026-08-04T09:33:30,Abuja,9.0765,7.3986,58,Moderate,15.38,20.98,466.45,0.88,0.47,41.9,27.43,66,1.37,1016
2026-08-04T09:33:31,Port Harcourt,4.8156,7.0498,22,Good,2.6,5.84,365.49,0.16,0.17,46.49,28.89,68,2.03,1016
2026-08-04T09:33:31,Kano,12.0022,8.592,45,Good,10.77,16.4,378.45,0.77,0.5,40.37,29.19,57,3.5,1015
2026-08-04T09:33:32,Ibadan,7.3775,3.947,32,Good,7.7,18.76,375.01,1.6,0.89,43.48,27.1,71,1.34,1017
2026-08-04T09:33:32,Kaduna,10.5222,7.4383,55,Moderate,14.22,16.51,383.84,0.62,0.19,42.29,27.05,63,1.08,1016
2026-08-04T09:33:33,Ogun (Ode-Remo),6.85,3.6167,21,Good,1.5,6.56,231.22,0.02,0.07,44.89,29.33,61,1.54,1016
2026-08-04T11:55:26,Lagos,6.5244,3.3792,22,Good,2.01,6.73,230.98,0.03,0.11,46.29,27.47,71,4.54,1015
2026-08-04T11:55:26,Abuja,9.0765,7.3986,51,Moderate,12.27,15.65,419.01,0.77,0.37,46.74,28.63,62,1.8,1014
2026-08-04T11:55:28,Port Harcourt,4.8156,7.0498,22,Good,2.37,5.33,360.95,0.11,0.16,45.96,29.63,65,2.08,1014
2026-08-04T11:55:29,Kano,12.0022,8.592,33,Good,7.98,11.41,316.61,0.46,0.31,42.26,31.98,47,2.68,1013
2026-08-04T11:55:29,Ibadan,7.3775,3.947,23,Good,5.45,14.59,320.09,0.69,0.75,46.84,29.15,62,1.56,1015
2026-08-04T11:55:29,Kaduna,10.5222,7.4383,51,Moderate,12.14,13.8,343.6,0.41,0.14,43.45,29.92,55,0.63,1014
2026-08-04T11:55:30,Ogun (Ode-Remo),6.85,3.6167,21,Good,1.74,7.5,232.76,0.02,0.08,43.93,30.64,57,1.45,1015
2026-08-04T13:46:51,Lagos,6.5244,3.3792,20,Good,1.71,5.97,242.65,0.02,0.1,42.38,27.5,71,5,1013
2026-08-04T13:46:51,Abuja,9.0765,7.3986,83,Moderate,27.27,38.03,577.35,2.63,0.62,33.4,28.23,68,1.38,1012
2026-08-04T13:46:52,Port Harcourt,4.8156,7.0498,21,Good,2.18,4.89,358.98,0.11,0.17,44.42,28.93,69,2.47,1012
2026-08-04T13:46:52,Kano,12.0022,8.592,64,Moderate,18.36,26.75,408.7,1.14,0.55,50.29,33.81,39,1.44,1010
2026-08-04T13:46:53,Ibadan,7.3775,3.947,22,Good,4.93,13.09,302.88,0.54,0.62,45.82,29.07,63,1.65,1013
2026-08-04T13:46:53,Kaduna,10.5222,7.4383,39,Good,9.35,11.41,308.86,0.73,0.26,31.61,30.3,52,0.47,1012
2026-08-04T13:46:53,Ogun (Ode-Remo),6.85,3.6167,19,Good,1.62,7.16,244.72,0.02,0.09,40.85,30.23,58,1.87,1012
2026-08-04T16:06:57,Lagos,6.5244,3.3792,20,Good,2.08,7.51,237.13,0.03,0.15,41.93,27.43,70,5.02,1012
2026-08-04T16:06:59,Abuja,9.0765,7.3986,63,Moderate,17.74,22.68,467.12,1.36,0.47,40.7,26.82,82,1.56,1012
2026-08-04T16:07:01,Port Harcourt,4.8156,7.0498,20,Good,1.73,4.24,348.16,0.08,0.13,43.25,28.3,73,2.6,1012
2026-08-04T16:07:03,Kano,12.0022,8.592,95,Moderate,32.84,46.94,527.63,2.92,0.89,54.03,34.9,33,1.09,1009
2026-08-04T16:07:05,Ibadan,7.3775,3.947,21,Good,4.47,13.45,298.61,0.76,0.61,43.69,28.95,63,1.55,1012
2026-08-04T16:07:08,Kaduna,10.5222,7.4383,43,Good,10.34,13.01,334.05,1.5,0.38,27.4,29.42,56,0.98,1011
2026-08-04T16:07:10,Ogun (Ode-Remo),6.85,3.6167,20,Good,2.07,8.78,242.35,0.03,0.14,41.31,28.25,72,1.1,1012
2026-08-04T18:22:32,Lagos,6.5244,3.3792,20,Good,2.37,8.6,233.04,0.05,0.18,42.43,26.2,74,5.45,1012
2026-08-04T18:22:32,Abuja,9.0765,7.3986,69,Moderate,20.48,26.66,513.6,2.26,0.52,29.71,24.1,88,1.08,1012
2026-08-04T18:22:33,Port Harcourt,4.8156,7.0498,20,Good,1.74,4.04,339.7,0.1,0.12,43.27,25.32,87,3.14,1013
2026-08-04T18:22:33,Kano,12.0022,8.592,129,Unhealthy for Sensitive Groups,46.73,71.21,756.51,7.75,1.46,34.94,31.34,44,2.66,1010
2026-08-04T18:22:33,Ibadan,7.3775,3.947,24,Good,5.83,17.85,332.37,1.62,0.84,41.79,24.48,87,1.6,1012
2026-08-04T18:22:34,Kaduna,10.5222,7.4383,51,Moderate,12.11,15.8,374.66,2.57,0.41,21.39,24.95,76,2.09,1012
2026-08-04T18:22:34,Ogun (Ode-Remo),6.85,3.6167,20,Good,2.47,10.09,237.94,0.06,0.17,42.8,25.45,81,1.9,1012
2026-08-04T20:18:13,Lagos,6.5244,3.3792,20,Good,2.46,8.87,233.07,0.06,0.2,42.35,25.87,78,4.46,1014
2026-08-04T20:18:14,Abuja,9.0765,7.3986,74,Moderate,23.03,30.9,556.3,2.83,0.57,23.79,23.03,90,0.79,1013
2026-08-04T20:18:14,Port Harcourt,4.8156,7.0498,21,Good,1.79,3.93,332.42,0.1,0.12,43.8,24.89,90,2.88,1014
2026-08-04T20:18:15,Kano,12.0022,8.592,152,Unhealthy,57.67,92.52,962.54,9.74,1.84,21.44,30.51,45,2.62,1010
2026-08-04T20:18:15,Ibadan,7.3775,3.947,29,Good,6.98,21,352.65,1.81,0.96,39.71,23.61,92,1.36,1014
2026-08-04T20:18:15,Kaduna,10.5222,7.4383,57,Moderate,14.99,20.33,429.14,3.37,0.4,17.03,23.52,83,2.34,1013
2026-08-04T20:18:16,Ogun (Ode-Remo),6.85,3.6167,20,Good,2.59,10.6,234.47,0.07,0.19,43.03,24.51,88,1.59,1014
2026-08-04T22:03:27,Lagos,6.5244,3.3792,20,Good,2.4,8.48,232.49,0.07,0.19,41.84,25.72,79,3.93,1015
2026-08-04T22:03:27,Abuja,9.0765,7.3986,81,Moderate,26.33,35.59,617.22,3.19,0.54,19.18,22.67,91,0.29,1014
2026-08-04T22:03:28,Port Harcourt,4.8156,7.0498,21,Good,1.86,3.81,324.51,0.11,0.13,44.17,24.5,91,2.8,1015
2026-08-04T22:03:32,Kano,12.0022,8.592,154,Unhealthy,61.75,100.45,1059.17,9.47,1.6,11.77,27.15,64,3.44,1013
2026-08-04T22:03:32,Ibadan,7.3775,3.947,29,Good,6.94,20.87,346.88,1.66,0.89,38.62,22.75,96,1.48,1015
2026-08-04T22:03:34,Kaduna,10.5222,7.4383,64,Moderate,18.07,23.56,474.23,3.49,0.37,14.52,22.6,87,1.96,1015
2026-08-04T22:03:38,Ogun (Ode-Remo),6.85,3.6167,20,Good,2.51,10.19,232.47,0.07,0.18,42.14,23.98,88,1.5,1015
2026-08-04T23:54:29,Lagos,6.5244,3.3792,20,Good,2.41,8.59,231.77,0.07,0.2,41.45,25.42,80,3.86,1014
2026-08-04T23:54:29,Abuja,9.0765,7.3986,85,Moderate,28.44,36.84,643.02,3.02,0.42,15.8,22.25,92,0.19,1014
2026-08-04T23:54:30,Port Harcourt,4.8156,7.0498,21,Good,1.87,3.58,319.24,0.12,0.14,44.13,24,93,2.15,1014
2026-08-04T23:54:30,Kano,12.0022,8.592,151,Unhealthy,55.64,88.27,972.34,7.4,0.92,8.46,26.16,69,3.01,1012
2026-08-04T23:54:31,Ibadan,7.3775,3.947,22,Good,5.31,16.98,312.56,1.2,0.66,37.71,22.13,98,1.37,1014
2026-08-04T23:54:31,Kaduna,10.5222,7.4383,67,Moderate,19.61,23.5,484.47,3.23,0.25,12.83,21.47,94,1.6,1014
2026-08-04T23:54:32,Ogun (Ode-Remo),6.85,3.6167,19,Good,2.45,9.6,233.48,0.07,0.18,41.21,23.46,89,1.45,1014
2026-08-05T01:39:30,Lagos,6.5244,3.3792,19,Good,2.42,8.71,231.91,0.07,0.2,41.14,25.37,81,3.94,1013
2026-08-05T01:39:31,Abuja,9.0765,7.3986,87,Moderate,29.33,35.41,658.87,2.62,0.32,14.85,22.02,92,0.06,1013
2026-08-05T01:39:31,Port Harcourt,4.8156,7.0498,21,Good,1.68,2.9,316.04,0.12,0.12,44.58,23.71,94,1.93,1013
2026-08-05T01:39:32,Kano,12.0022,8.592,128,Unhealthy for Sensitive Groups,46.66,71.77,847.66,5.27,0.59,7.89,26.85,62,1.94,1011
2026-08-05T01:39:32,Ibadan,7.3775,3.947,20,Good,4.79,15.71,300.92,1,0.6,36.55,21.86,98,1.09,1013
2026-08-05T01:39:32,Kaduna,10.5222,7.4383,70,Moderate,20.92,23.88,483.38,2.59,0.19,12.34,21.18,94,1.12,1013
2026-08-05T01:39:33,Ogun (Ode-Remo),6.85,3.6167,19,Good,2.39,9.17,233.61,0.07,0.18,40.67,23.3,92,0.85,1013
2026-08-05T04:55:17,Lagos,6.5244,3.3792,19,Good,2.42,8.6,235.81,0.07,0.21,40.76,24.74,85,3.29,1014
2026-08-05T04:55:17,Abuja,9.0765,7.3986,89,Moderate,30.3,35.1,670.56,2.41,0.29,13.82,21.34,95,0.51,1013
2026-08-05T04:55:18,Port Harcourt,4.8156,7.0498,22,Good,1.39,2.06,317.64,0.11,0.09,46.57,23.39,95,1.64,1014
2026-08-05T04:55:18,Kano,12.0022,8.592,98,Moderate,34.31,47.07,691.64,3.92,0.56,9.72,25.69,68,2.96,1011
2026-08-05T04:55:18,Ibadan,7.3775,3.947,22,Good,5.34,16.47,312.88,1.24,0.67,35.61,21.06,98,0.57,1014
2026-08-05T04:55:19,Kaduna,10.5222,7.4383,72,Moderate,21.87,24.33,477.8,1.99,0.16,13.58,21.01,92,0.42,1014
2026-08-05T04:55:19,Ogun (Ode-Remo),6.85,3.6167,19,Good,2.46,9.13,232.17,0.07,0.19,40.9,22.55,96,0.58,1014
2026-08-05T07:32:01,Lagos,6.5244,3.3792,19,Good,2.31,8.41,247.07,0.07,0.22,39.55,26.02,79,4.06,1015
2026-08-05T07:32:01,Abuja,9.0765,7.3986,96,Moderate,33.44,42.3,741.65,3.37,0.52,11.71,25.2,84,0.95,1015
2026-08-05T07:32:01,Port Harcourt,4.8156,7.0498,22,Good,1.44,2.37,332.41,0.21,0.12,47.49,25.94,81,2.94,1016
2026-08-05T07:32:02,Kano,12.0022,8.592,103,Unhealthy for Sensitive Groups,36.34,50.62,773.77,4.59,1.11,18.23,29.38,54,3.06,1012
2026-08-05T07:32:02,Ibadan,7.3775,3.947,32,Good,7.6,20.51,381.27,2.55,1.03,35.13,23.53,91,1.78,1016
2026-08-05T07:32:03,Kaduna,10.5222,7.4383,67,Moderate,19.62,22.1,497.22,2.27,0.2,18.71,24.66,80,2.12,1014
2026-08-05T07:32:03,Ogun (Ode-Remo),6.85,3.6167,19,Good,2.48,9.83,237.71,0.08,0.21,39.68,25.11,85,1.33,1016
2026-08-05T10:25:01,Lagos,6.5244,3.3792,18,Good,2.22,7.97,256.65,0.05,0.21,38.96,26.75,75,4.34,1016
2026-08-05T10:25:01,Abuja,9.0765,7.3986,75,Moderate,23.67,29.21,628.79,1.61,0.47,36.87,27.55,75,2.1,1015
2026-08-05T10:25:01,Port Harcourt,4.8156,7.0498,23,Good,1.61,2.69,345.32,0.24,0.16,48.44,27.97,72,2.98,1015
2026-08-05T10:25:02,Kano,12.0022,8.592,109,Unhealthy for Sensitive Groups,38.95,52.65,726.06,2.75,1.21,45.72,32.9,42,1.34,1012
2026-08-05T10:25:02,Ibadan,7.3775,3.947,24,Good,5.73,15.41,346.97,1.69,0.88,36.26,26.04,78,2.12,1015
2026-08-05T10:25:03,Kaduna,10.5222,7.4383,53,Moderate,12.83,14.61,437.55,1.1,0.14,31.95,28.54,63,1.74,1014
2026-08-05T10:25:03,Ogun (Ode-Remo),6.85,3.6167,18,Good,2.36,9.63,246.54,0.07,0.21,38.41,27.3,74,2.22,1015
2026-08-05T12:47:11,Lagos,6.5244,3.3792,18,Good,2.03,6.51,264.47,0.03,0.17,38.63,27.21,72,6.17,1013
2026-08-05T12:47:11,Abuja,9.0765,7.3986,63,Moderate,18.01,21.06,504.32,0.62,0.36,53.59,29.16,68,2.23,1012
2026-08-05T12:47:11,Port Harcourt,4.8156,7.0498,24,Good,1.52,2.24,355.53,0.11,0.12,51.61,28.19,72,3.74,1013
2026-08-05T12:47:12,Kano,12.0022,8.592,67,Moderate,19.56,27.82,451.83,1.03,0.67,51.13,36.57,31,1.01,1009
2026-08-05T12:47:12,Ibadan,7.3775,3.947,28,Good,6.6,14.49,376.52,1.74,0.85,36.92,27.86,74,1.56,1013
2026-08-05T12:47:12,Kaduna,10.5222,7.4383,36,Good,8.6,10.16,365.71,0.61,0.11,37.63,31.38,51,2.27,1011
2026-08-05T12:47:13,Ogun (Ode-Remo),6.85,3.6167,18,Good,2.08,6.99,257.13,0.06,0.16,37.61,28.6,70,2.43,1012
2026-08-05T15:07:38,Lagos,6.5244,3.3792,18,Good,2.5,9.73,269.58,0.03,0.24,37.44,27.08,73,6.27,1012
2026-08-05T15:07:38,Abuja,9.0765,7.3986,67,Moderate,19.86,24.53,556.79,1.49,0.41,41,27.73,77,2.22,1011
2026-08-05T15:07:38,Port Harcourt,4.8156,7.0498,27,Good,2.25,3.64,360.31,0.14,0.16,56.56,27.74,74,4.03,1011
2026-08-05T15:07:39,Kano,12.0022,8.592,50,Good,11.99,16.68,410.48,1.2,0.41,48.43,36.6,29,2.01,1008
2026-08-05T15:07:39,Ibadan,7.3775,3.947,19,Good,3.96,11.6,293.67,0.5,0.55,40.5,27.3,78,2.25,1011
2026-08-05T15:07:39,Kaduna,10.5222,7.4383,32,Good,7.56,8.64,375.21,0.78,0.09,38.71,31.22,51,1.8,1010
2026-08-05T15:07:39,Ogun (Ode-Remo),6.85,3.6167,17,Good,2.47,9.98,257.43,0.04,0.2,36.97,27.54,74,2.68,1011
2026-08-05T17:19:14,Lagos,6.5244,3.3792,18,Good,2.49,9.91,280.21,0.04,0.24,38.21,26.28,77,6.01,1012
2026-08-05T17:19:15,Abuja,9.0765,7.3986,73,Moderate,22.36,27.53,586.29,2.38,0.46,35.64,26.06,87,1.7,1011
2026-08-05T17:19:15,Port Harcourt,4.8156,7.0498,27,Good,2.45,3.89,338.2,0.11,0.14,57.12,26.69,79,3.9,1012
2026-08-05T17:19:15,Kano,12.0022,8.592,64,Moderate,18.41,29.51,577.65,5.59,0.95,25.75,35.03,34,2.92,1007
2026-08-05T17:19:16,Ibadan,7.3775,3.947,19,Good,4.53,14.43,316.64,0.98,0.66,39.11,24.86,91,2.42,1012
2026-08-05T17:19:16,Kaduna,10.5222,7.4383,42,Good,10.06,12.85,433.25,2.54,0.23,23.73,27.22,72,2.95,1010
2026-08-05T17:19:16,Ogun (Ode-Remo),6.85,3.6167,18,Good,2.48,10.37,266.68,0.04,0.21,37.21,26.54,77,2.83,1012
2026-08-05T19:13:47,Lagos,6.5244,3.3792,19,Good,2.45,9.76,293.01,0.07,0.25,39.58,25.6,83,4.88,1013
2026-08-05T19:13:48,Abuja,9.0765,7.3986,74,Moderate,22.84,28.12,596.68,2.74,0.48,34.61,23.78,93,1.63,1012
2026-08-05T19:13:48,Port Harcourt,4.8156,7.0498,27,Good,2.56,4.06,309.37,0.1,0.13,57.2,24.79,88,2.84,1014
2026-08-05T19:13:48,Kano,12.0022,8.592,90,Moderate,30.75,52.04,800.93,8.73,1.52,14.72,31.43,42,3.45,1010
2026-08-05T19:13:48,Ibadan,7.3775,3.947,23,Good,5.63,17.99,354.35,1.64,0.83,35.14,23.27,97,1.87,1013
2026-08-05T19:13:49,Kaduna,10.5222,7.4383,55,Moderate,14.07,19.58,506.88,4.06,0.39,16.18,24.47,83,0.74,1012
2026-08-05T19:13:49,Ogun (Ode-Remo),6.85,3.6167,18,Good,2.48,10.69,276.69,0.07,0.22,37.61,24.08,90,2.24,1013
2026-08-05T20:56:46,Lagos,6.5244,3.3792,19,Good,2.27,8.87,307.57,0.07,0.23,40.55,25.52,84,4.83,1014
2026-08-05T20:56:46,Abuja,9.0765,7.3986,71,Moderate,21.74,28.46,588.5,2.63,0.49,31.77,23.2,93,1.37,1014
2026-08-05T20:56:46,Port Harcourt,4.8156,7.0498,27,Good,2.74,4.73,288.91,0.09,0.14,56.93,24.19,91,2.39,1015
2026-08-05T20:56:47,Kano,12.0022,8.592,98,Moderate,34.55,57.74,825.84,7.63,1.46,15.06,30.54,45,3.22,1011
2026-08-05T20:56:47,Ibadan,7.3775,3.947,26,Good,6.2,19.94,375.7,1.57,0.87,34.38,22.49,97,1.99,1015
2026-08-05T20:56:47,Kaduna,10.5222,7.4383,63,Moderate,18.01,24.97,556.78,4.16,0.4,13.67,23.61,85,2.25,1014
2026-08-05T20:56:47,Ogun (Ode-Remo),6.85,3.6167,18,Good,2.43,10.56,289.78,0.07,0.22,38.64,23.74,92,1.97,1014
2026-08-05T22:07:23,Lagos,6.5244,3.3792,19,Good,2.17,8.35,314.1,0.07,0.22,40.68,25.42,84,4.5,1015
2026-08-05T22:07:24,Abuja,9.0765,7.3986,68,Moderate,20.22,27.18,571.91,2.48,0.48,29.65,23.01,94,1.24,1015
2026-08-05T22:07:24,Port Harcourt,4.8156,7.0498,27,Good,2.8,4.89,282.62,0.1,0.15,57.06,24.04,92,2.11,1015
2026-08-05T22:07:24,Kano,12.0022,8.592,92,Moderate,31.42,51.04,756.83,6.54,1.34,16.76,28.57,55,4.99,1012
2026-08-05T22:07:24,Ibadan,7.3775,3.947,25,Good,5.92,19.42,373.78,1.48,0.82,34.54,21.98,98,1.82,1015
2026-08-05T22:07:25,Kaduna,10.5222,7.4383,66,Moderate,19.3,26.09,565.84,3.98,0.35,13.36,23.02,88,2.33,1014
2026-08-05T22:07:25,Ogun (Ode-Remo),6.85,3.6167,18,Good,2.39,10.4,295.56,0.07,0.22,39.15,23.66,93,1.4,1015
2026-08-05T23:48:34,Lagos,6.5244,3.3792,19,Good,2.09,7.78,325.96,0.07,0.21,41.04,25.18,86,4.06,1014
2026-08-05T23:48:34,Abuja,9.0765,7.3986,61,Moderate,16.89,23.29,534.71,2.32,0.42,24.93,22.95,95,1.8,1014
2026-08-05T23:48:34,Port Harcourt,4.8156,7.0498,27,Good,2.93,5.18,274.62,0.09,0.15,57.67,24.04,93,1.77,1014
2026-08-05T23:48:34,Kano,12.0022,8.592,77,Moderate,24.62,36.69,641.71,4.67,0.88,17.72,29.02,50,1.47,1012
2026-08-05T23:48:35,Ibadan,7.3775,3.947,17,Good,4.14,15.09,344.21,0.93,0.6,35.7,22.2,99,1.32,1014
2026-08-05T23:48:35,Kaduna,10.5222,7.4383,69,Moderate,20.88,26.04,571.9,3.35,0.22,14.51,22.97,91,2.78,1014
2026-08-05T23:48:35,Ogun (Ode-Remo),6.85,3.6167,19,Good,2.32,9.67,308.78,0.07,0.22,39.96,23.49,95,1.51,1014
2026-08-06T01:28:26,Lagos,6.5244,3.3792,20,Good,2.09,7.54,329.51,0.07,0.2,41.5,25.21,86,4.11,1013
2026-08-06T01:28:26,Abuja,9.0765,7.3986,57,Moderate,15.12,21.08,514.67,2.31,0.41,22.71,22.88,96,1.53,1013
2026-08-06T01:28:26,Port Harcourt,4.8156,7.0498,27,Good,2.98,5.38,272.39,0.09,0.15,57.86,23.95,93,1.82,1013
2026-08-06T01:28:27,Kano,12.0022,8.592,66,Moderate,19.18,26.18,565,3.58,0.69,19.69,28.35,53,3.11,1011
2026-08-06T01:28:27,Ibadan,7.3775,3.947,17,Good,3.67,13.52,339.72,0.76,0.54,36.22,22.29,99,1.25,1014
2026-08-06T01:28:27,Kaduna,10.5222,7.4383,70,Moderate,21.34,25.63,568.17,2.79,0.2,17.45,22.06,93,2.75,1013
2026-08-06T01:28:27,Ogun (Ode-Remo),6.85,3.6167,19,Good,2.24,9.09,315.16,0.07,0.21,40.34,23.3,96,1.35,1013
2026-08-06T04:55:45,Lagos,6.5244,3.3792,22,Good,2.06,4.94,323.88,0.06,0.16,46.33,25.02,87,4.06,1013
2026-08-06T04:55:45,Abuja,9.0765,7.3986,42,Good,10.16,14.07,448.23,2.16,0.36,15.37,21.73,98,1.02,1014
2026-08-06T04:55:46,Port Harcourt,4.8156,7.0498,27,Good,2.92,5.37,276.42,0.08,0.16,57.53,23.57,94,1.72,1014
2026-08-06T04:55:46,Kano,12.0022,8.592,49,Good,11.67,14.33,485.4,2.31,0.39,20.76,26.13,67,3.49,1012
2026-08-06T04:55:46,Ibadan,7.3775,3.947,17,Good,3.43,10.75,362.77,0.83,0.53,36.84,21.91,99,1.56,1014
2026-08-06T04:55:47,Kaduna,10.5222,7.4383,70,Moderate,20.9,23.33,571.01,1.84,0.16,21.2,21.39,96,2.15,1014
2026-08-06T04:55:47,Ogun (Ode-Remo),6.85,3.6167,20,Good,1.94,5.6,325.77,0.06,0.15,42.5,22.93,97,1.18,1013
2026-08-06T07:33:04,Lagos,6.5244,3.3792,24,Good,2.07,3.92,301.96,0.06,0.12,49.82,25.37,83,3.83,1014
2026-08-06T07:33:04,Abuja,9.0765,7.3986,40,Good,9.57,14.98,433.6,1.63,0.48,19.84,24.31,87,2.23,1016
2026-08-06T07:33:05,Port Harcourt,4.8156,7.0498,26,Good,2.8,5.27,292.6,0.13,0.18,55.97,26.38,79,3.14,1016
2026-08-06T07:33:05,Kano,12.0022,8.592,56,Moderate,14.58,20.64,559.95,2.96,0.72,22.76,28.75,60,4.94,1014
2026-08-06T07:33:05,Ibadan,7.3775,3.947,32,Good,7.73,19.7,475.95,2.21,1.01,37.66,23.65,92,1.8,1015
2026-08-06T07:33:05,Kaduna,10.5222,7.4383,60,Moderate,16.52,18.8,561.27,2.51,0.21,18.24,24.56,84,3.39,1015
2026-08-06T07:33:05,Ogun (Ode-Remo),6.85,3.6167,21,Good,1.95,4.78,318.65,0.06,0.12,45.21,25.75,83,1.97,1015
2026-08-06T10:27:21,Lagos,6.5244,3.3792,24,Good,2.08,3.69,285.9,0.04,0.11,51.4,26.69,77,4.9,1015
2026-08-06T10:27:22,Abuja,9.0765,7.3986,32,Good,7.7,11.55,386.28,0.81,0.38,33.98,26.69,75,2.47,1015
2026-08-06T10:27:22,Port Harcourt,4.8156,7.0498,26,Good,2.74,5.48,306.46,0.14,0.21,55.11,28.15,72,4.28,1015
2026-08-06T10:27:22,Kano,12.0022,8.592,54,Moderate,13.49,18.02,521.01,1.44,0.62,39.64,32.32,47,3.65,1013
2026-08-06T10:27:23,Ibadan,7.3775,3.947,24,Good,5.87,14.53,426.09,1.2,0.84,43.89,25.61,83,1.75,1015
2026-08-06T10:27:23,Kaduna,10.5222,7.4383,53,Moderate,13.23,14.82,527.82,1.57,0.16,24.97,27.15,70,3.11,1015
2026-08-06T10:27:23,Ogun (Ode-Remo),6.85,3.6167,22,Good,2.07,5.09,309.6,0.04,0.12,46.6,27.53,74,2.3,1015
2026-08-06T12:50:27,Lagos,6.5244,3.3792,24,Good,2.33,4.54,261.94,0.03,0.14,51.67,26.45,77,5.71,1013
2026-08-06T12:50:28,Abuja,9.0765,7.3986,23,Good,5.61,8.34,363.77,0.97,0.34,33.14,27.13,76,1.48,1013
2026-08-06T12:50:28,Port Harcourt,4.8156,7.0498,25,Good,2.74,5.51,303.54,0.06,0.18,52.81,28.74,68,4.07,1012
2026-08-06T12:50:28,Kano,12.0022,8.592,57,Moderate,15.11,19.84,545.64,1.44,0.65,43.13,33.95,40,2.42,1010
2026-08-06T12:50:29,Ibadan,7.3775,3.947,29,Good,7.07,13.77,432.31,1.43,0.78,46.36,26.32,84,2.51,1013
2026-08-06T12:50:29,Kaduna,10.5222,7.4383,43,Good,10.41,11.53,493.8,1.21,0.12,30.68,26.89,70,2.75,1013
2026-08-06T12:50:29,Ogun (Ode-Remo),6.85,3.6167,23,Good,2.45,6.45,294.01,0.05,0.17,48.14,27.26,79,3.13,1013
2026-08-06T15:06:26,Lagos,6.5244,3.3792,26,Good,2.26,3.79,234.15,0.05,0.13,54.02,26.87,75,5.72,1012
2026-08-06T15:06:27,Abuja,9.0765,7.3986,21,Good,5.05,6.83,351.17,0.78,0.29,36.33,26.59,79,1.49,1012
2026-08-06T15:06:27,Port Harcourt,4.8156,7.0498,25,Good,3.61,7.23,298.13,0.06,0.2,52.54,28.23,69,4.45,1012
2026-08-06T15:06:27,Kano,12.0022,8.592,74,Moderate,23.25,30.62,650.26,3.05,0.94,37.7,34.59,37,2.22,1009
2026-08-06T15:06:28,Ibadan,7.3775,3.947,23,Good,3.18,7.42,304.65,0.81,0.49,49.56,25.79,87,2.82,1012
2026-08-06T15:06:28,Kaduna,10.5222,7.4383,49,Good,11.77,13.94,430.58,1.16,0.19,38.59,27.53,68,2.34,1012
2026-08-06T15:06:28,Ogun (Ode-Remo),6.85,3.6167,25,Good,2.1,5.04,238.9,0.05,0.12,51.91,27.57,76,3.42,1012
2026-08-06T23:49:21,Lagos,6.5244,3.3792,23,Good,3.22,5.94,282.69,0.07,0.19,47.98,25.2,84,3.74,1015
2026-08-06T23:49:21,Abuja,9.0765,7.3986,39,Good,9.44,13.31,490.2,2.37,0.37,19.91,22.3,93,1.2,1014
2026-08-06T23:49:22,Port Harcourt,4.8156,7.0498,25,Good,3.6,8.5,297.99,0.08,0.22,52.58,23.97,92,1.93,1014
2026-08-06T23:49:22,Kano,12.0022,8.592,121,Unhealthy for Sensitive Groups,43.42,54.96,947.77,6.49,0.82,12.8,25.36,78,5.54,1012
2026-08-06T23:49:22,Ibadan,7.3775,3.947,24,Good,5.64,13.55,327.85,1.28,0.57,46.35,21.47,99,1.55,1015
2026-08-06T23:49:22,Kaduna,10.5222,7.4383,58,Moderate,15.49,18.55,522,4.24,0.25,18.11,21.67,92,2.13,1014
2026-08-06T23:49:23,Ogun (Ode-Remo),6.85,3.6167,24,Good,2.79,6.27,257.73,0.07,0.15,51.08,23.08,95,1.37,1015
2026-08-07T02:05:44,Lagos,6.5244,3.3792,22,Good,3.24,5.31,287.99,0.07,0.17,47.41,25.09,84,3.12,1014
2026-08-07T02:05:44,Abuja,9.0765,7.3986,36,Good,8.64,12.44,486.31,2.16,0.32,17.05,21.34,98,0.86,1014
2026-08-07T02:05:44,Port Harcourt,4.8156,7.0498,25,Good,3.66,7.92,291.15,0.08,0.2,53.21,23.63,93,1.31,1013
2026-08-07T02:05:44,Kano,12.0022,8.592,104,Unhealthy for Sensitive Groups,36.78,44.87,826.37,4.58,0.65,14.14,24.34,84,4.92,1012
2026-08-07T02:05:45,Ibadan,7.3775,3.947,22,Good,5.33,11.49,321.75,1.04,0.5,44.55,21.34,99,1.06,1014
2026-08-07T02:05:45,Kaduna,10.5222,7.4383,54,Moderate,13.54,15.57,489.11,3.18,0.17,17.2,21.33,93,1.72,1014
2026-08-07T02:05:45,Ogun (Ode-Remo),6.85,3.6167,23,Good,2.9,5.35,266.85,0.07,0.14,49.28,22.86,96,0.97,1014
2026-08-07T04:47:17,Lagos,6.5244,3.3792,22,Good,3.35,5.34,281.67,0.07,0.16,47.34,24.83,85,2.47,1014
2026-08-07T04:47:17,Abuja,9.0765,7.3986,33,Good,7.81,11.59,472.74,1.93,0.29,14.46,21.29,98,1.11,1015
2026-08-07T04:47:17,Port Harcourt,4.8156,7.0498,25,Good,3.57,7,284.93,0.07,0.16,53.71,23.4,93,0.98,1015
2026-08-07T04:47:17,Kano,12.0022,8.592,90,Moderate,30.63,37.27,714.02,3.79,0.96,16.97,22.65,90,3.4,1013
2026-08-07T04:47:18,Ibadan,7.3775,3.947,23,Good,5.56,11.71,344.22,1.21,0.58,41.93,21.41,99,0.94,1015
2026-08-07T04:47:18,Kaduna,10.5222,7.4383,44,Good,10.57,12.08,444.99,1.69,0.11,22.03,20.83,95,1.95,1015
2026-08-07T04:47:18,Ogun (Ode-Remo),6.85,3.6167,22,Good,2.92,4.95,280.04,0.07,0.13,47.46,22.54,97,0.75,1015
2026-08-07T06:04:17,Lagos,6.5244,3.3792,22,Good,3.33,5.15,278.92,0.06,0.15,47.55,24.86,85,2.5,1015
2026-08-07T06:04:18,Abuja,9.0765,7.3986,33,Good,7.93,12.27,474.37,2.13,0.35,14.73,21.6,98,1.24,1015
2026-08-07T06:04:18,Port Harcourt,4.8156,7.0498,25,Good,3.53,6.88,283.89,0.07,0.16,53.97,23.87,91,0.99,1015
2026-08-07T06:04:18,Kano,12.0022,8.592,87,Moderate,29.41,36.97,710.33,4.25,1.21,17.31,23.19,87,3.21,1014
2026-08-07T06:04:19,Ibadan,7.3775,3.947,29,Good,6.93,14.85,382.06,1.87,0.77,41.16,21.5,99,1.13,1016
2026-08-07T06:04:19,Kaduna,10.5222,7.4383,48,Good,11.41,13.47,465.88,1.89,0.15,21.25,21.18,94,2.1,1015
2026-08-07T06:04:19,Ogun (Ode-Remo),6.85,3.6167,22,Good,2.9,4.88,281.61,0.06,0.12,47.45,22.7,96,1.14,1015
2026-08-07T08:06:26,Lagos,6.5244,3.3792,23,Good,3.4,5.6,270.28,0.06,0.15,48.12,26.01,79,3.24,1016
2026-08-07T08:06:26,Abuja,9.0765,7.3986,35,Good,8.31,13.72,476.79,2.08,0.44,19.18,23.55,92,2.41,1016
2026-08-07T08:06:26,Port Harcourt,4.8156,7.0498,25,Good,3.45,6.64,290.93,0.15,0.18,52.68,26.4,78,1.81,1016
2026-08-07T08:06:27,Kano,12.0022,8.592,68,Moderate,19.99,27.72,662.56,4.39,1.34,20.17,26.57,70,4.28,1015
2026-08-07T08:06:27,Ibadan,7.3775,3.947,38,Good,9.04,18.8,440.29,2.73,0.99,40.57,23.78,91,2.38,1016
2026-08-07T08:06:28,Kaduna,10.5222,7.4383,53,Moderate,12.95,15.5,524.57,2.21,0.2,21.02,24.11,84,3.32,1016
2026-08-07T08:06:28,Ogun (Ode-Remo),6.85,3.6167,23,Good,3.08,5.78,279.65,0.07,0.13,47.63,25.69,82,2.2,1016
2026-08-07T09:50:42,Lagos,6.5244,3.3792,23,Good,3.53,6.25,256.89,0.05,0.17,48.53,27.44,72,4.9,1016
2026-08-07T09:50:42,Abuja,9.0765,7.3986,25,Good,6.07,9.13,394.17,0.91,0.35,37.42,25.49,82,2.57,1016
2026-08-07T09:50:42,Port Harcourt,4.8156,7.0498,25,Good,3.62,6.85,296.52,0.16,0.21,52.33,27.17,73,1.66,1016
2026-08-07T09:50:43,Kano,12.0022,8.592,41,Good,9.84,14.28,505.18,1.89,0.79,35.93,30.18,56,3.78,1014
2026-08-07T09:50:43,Ibadan,7.3775,3.947,27,Good,6.5,12.89,374.98,1.25,0.78,46.17,26.01,81,2.41,1016
2026-08-07T09:50:43,Kaduna,10.5222,7.4383,51,Moderate,12.21,13.88,552.56,1.53,0.16,30.5,26.64,72,3.13,1015
2026-08-07T09:50:44,Ogun (Ode-Remo),6.85,3.6167,23,Good,3.26,6.27,270.77,0.05,0.14,47.78,27.71,74,2.36,1016
2026-08-07T10:42:05,Lagos,6.5244,3.3792,23,Good,3.53,6.29,250.18,0.04,0.17,48.47,27.51,71,5.74,1015
2026-08-07T10:42:05,Abuja,9.0765,7.3986,20,Good,4.79,7.05,361.6,0.73,0.3,40.26,27,75,2.57,1014
2026-08-07T10:42:06,Port Harcourt,4.8156,7.0498,25,Good,3.6,6.7,295.42,0.13,0.2,52.01,27.79,70,1.59,1015
2026-08-07T10:42:06,Kano,12.0022,8.592,32,Good,7.73,11.09,460.05,1.29,0.59,39.68,31.56,51,3.03,1013
2026-08-07T10:42:06,Ibadan,7.3775,3.947,27,Good,6.46,12.72,367.67,1.2,0.77,46.2,26.49,80,2.36,1015
2026-08-07T10:42:07,Kaduna,10.5222,7.4383,40,Good,9.71,10.98,525.77,1.31,0.14,33.82,27.24,69,2.58,1014
2026-08-07T10:42:07,Ogun (Ode-Remo),6.85,3.6167,23,Good,3.33,6.46,264.38,0.04,0.14,47.71,27.62,75,2.34,1015
2026-08-07T11:37:58,Lagos,6.5244,3.3792,23,Good,3.51,6.18,244.72,0.03,0.16,48.06,27.34,72,6.14,1015
2026-08-07T11:37:58,Abuja,9.0765,7.3986,20,Good,4.76,6.79,357.24,0.76,0.3,40.42,27.79,72,2.64,1013
2026-08-07T11:37:59,Port Harcourt,4.8156,7.0498,24,Good,3.46,6.31,291.95,0.09,0.18,51.36,29.22,66,2.65,1014
2026-08-07T11:37:59,Kano,12.0022,8.592,32,Good,7.67,10.75,449.93,1.15,0.56,41.09,32.6,47,2.49,1012
2026-08-07T11:37:59,Ibadan,7.3775,3.947,27,Good,6.56,12.82,364.13,1.31,0.76,45.28,26.8,79,2.43,1014
2026-08-07T11:37:59,Kaduna,10.5222,7.4383,36,Good,8.52,9.61,508.79,1.23,0.13,34.84,27.35,68,2.41,1013
2026-08-07T11:37:59,Ogun (Ode-Remo),6.85,3.6167,22,Good,3.37,6.44,257.47,0.04,0.14,47.45,27.53,76,2.58,1014
2026-08-07T12:39:30,Lagos,6.5244,3.3792,22,Good,3.43,6.09,240.08,0.03,0.16,47.53,29.37,64,3.36,1013
2026-08-07T12:39:31,Abuja,9.0765,7.3986,20,Good,4.81,6.84,363.58,0.77,0.28,39.07,27.28,77,2.58,1012
2026-08-07T12:39:31,Port Harcourt,4.8156,7.0498,24,Good,3.22,5.77,286.41,0.06,0.15,50.52,28.52,69,4.03,1012
2026-08-07T12:39:31,Kano,12.0022,8.592,39,Good,9.44,13.54,472.34,1.71,0.62,36.99,33.49,43,1.93,1010
2026-08-07T12:39:31,Ibadan,7.3775,3.947,27,Good,6.45,12.65,355.6,1.37,0.74,44.5,26.82,79,2.42,1013
2026-08-07T12:39:32,Kaduna,10.5222,7.4383,31,Good,7.49,8.43,494.35,1.19,0.12,36.19,27.59,70,2.29,1012
2026-08-07T12:39:32,Ogun (Ode-Remo),6.85,3.6167,22,Good,3.42,6.67,250.72,0.04,0.14,47.38,27.94,74,2.62,1013
2026-08-07T14:05:00,Lagos,6.5244,3.3792,21,Good,2.97,5.31,252.66,0.02,0.14,45.28,27.39,72,6.49,1013
2026-08-07T14:05:00,Abuja,9.0765,7.3986,20,Good,4.7,6.95,356.84,0.67,0.3,40.44,27.09,80,2.7,1011
2026-08-07T14:05:00,Port Harcourt,4.8156,7.0498,24,Good,3.92,7.48,277.96,0.07,0.21,50.14,28.42,70,4.14,1012
2026-08-07T14:05:00,Kano,12.0022,8.592,84,Moderate,27.66,39.18,634.25,3.61,1.43,57.17,34.22,41,1.65,1009
2026-08-07T14:05:00,Ibadan,7.3775,3.947,26,Good,6.27,12.15,327.78,0.72,0.6,47.31,26.46,82,2.44,1012
2026-08-07T14:05:01,Kaduna,10.5222,7.4383,37,Good,8.85,10.29,511.58,1.16,0.15,37.04,28.17,67,2.55,1011
2026-08-07T14:05:01,Ogun (Ode-Remo),6.85,3.6167,21,Good,3.31,6.46,252.38,0.02,0.13,45.16,28.18,73,2.65,1012
2026-08-07T15:43:51,Lagos,6.5244,3.3792,21,Good,2.74,6.26,259.45,0.03,0.18,44.18,26.89,74,6.25,1012
2026-08-07T15:43:51,Abuja,9.0765,7.3986,25,Good,6,8.67,385.52,1.17,0.34,34.72,26.23,85,1.9,1011
2026-08-07T15:43:51,Port Harcourt,4.8156,7.0498,22,Good,3.16,6.39,287.63,0.06,0.18,46.4,27.4,75,3.72,1012
2026-08-07T15:43:51,Kano,12.0022,8.592,107,Unhealthy for Sensitive Groups,37.86,56.32,872.03,11.47,2.55,50.6,33.64,42,1.54,1008
2026-08-07T15:43:51,Ibadan,7.3775,3.947,21,Good,4.75,10.22,290.55,0.66,0.5,44.73,26.04,85,2.22,1012
2026-08-07T15:43:51,Kaduna,10.5222,7.4383,40,Good,9.56,11.46,522.78,1.67,0.2,32.61,27.48,72,1.52,1011
2026-08-07T15:43:52,Ogun (Ode-Remo),6.85,3.6167,21,Good,3.21,7.31,250.82,0.03,0.16,44.23,27.32,75,2.81,1011
2026-08-07T16:41:30,Lagos,6.5244,3.3792,21,Good,2.66,6.71,262.82,0.04,0.2,44.27,26.52,76,5.85,1012
2026-08-07T16:41:30,Abuja,9.0765,7.3986,30,Good,7.18,10.49,413.37,1.73,0.4,29.3,25.25,90,1.35,1011
2026-08-07T16:41:31,Port Harcourt,4.8156,7.0498,21,Good,2.94,6.43,290.94,0.07,0.18,44.96,26.4,79,3.38,1012
2026-08-07T16:41:31,Kano,12.0022,8.592,117,Unhealthy for Sensitive Groups,41.93,62.75,976.07,14.97,2.97,45.43,32.11,49,2.7,1008
2026-08-07T16:41:31,Ibadan,7.3775,3.947,20,Good,4.85,11.25,298.13,1.01,0.56,42.78,25.03,90,1.94,1012
2026-08-07T16:41:32,Kaduna,10.5222,7.4383,44,Good,10.57,13.08,544.5,2.39,0.24,27.4,26.11,79,1.47,1011
2026-08-07T16:41:34,Ogun (Ode-Remo),6.85,3.6167,21,Good,3.09,7.56,252.47,0.04,0.18,43.95,26.59,78,2.58,1012
2026-08-07T17:39:55,Lagos,6.5244,3.3792,21,Good,2.64,7.32,266.37,0.05,0.21,45,25.86,79,5.32,1013
2026-08-07T17:39:56,Abuja,9.0765,7.3986,35,Good,8.51,12.62,443.9,2.27,0.46,25.49,23.76,90,1.4,1012
2026-08-07T17:39:56,Port Harcourt,4.8156,7.0498,21,Good,2.83,6.59,292.25,0.08,0.18,44.01,25.68,82,3.45,1013
2026-08-07T17:39:56,Kano,12.0022,8.592,124,Unhealthy for Sensitive Groups,44.65,66.74,1017.14,15.29,3.04,42.96,30.86,51,3.14,1009
2026-08-07T17:39:56,Ibadan,7.3775,3.947,22,Good,5.17,12.73,311.94,1.31,0.65,41.15,23.44,95,1.76,1013
2026-08-07T17:39:56,Kaduna,10.5222,7.4383,49,Good,11.7,14.94,569.3,3,0.28,23.63,24.46,84,2.55,1011
2026-08-07T17:39:56,Ogun (Ode-Remo),6.85,3.6167,21,Good,2.96,7.84,255.35,0.05,0.19,43.85,24.89,84,2.51,1012
2026-08-07T18:39:05,Lagos,6.5244,3.3792,22,Good,2.67,8.05,269.42,0.05,0.22,46.1,25.58,81,4.84,1013
2026-08-07T18:39:06,Abuja,9.0765,7.3986,39,Good,9.45,14.11,460.89,2.58,0.49,22.96,23.85,90,1.28,1012
2026-08-07T18:39:06,Port Harcourt,4.8156,7.0498,21,Good,2.77,6.58,293.15,0.08,0.19,43.55,24.92,89,2.79,1013
2026-08-07T18:39:06,Kano,12.0022,8.592,117,Unhealthy for Sensitive Groups,42.1,61.58,933.42,12.08,2.36,42.83,24.43,86,8.38,1011
2026-08-07T18:39:06,Ibadan,7.3775,3.947,23,Good,5.46,13.82,325.32,1.4,0.71,40.52,23.47,94,2.18,1013
2026-08-07T18:39:06,Kaduna,10.5222,7.4383,52,Moderate,12.78,16.65,591.55,3.41,0.31,20.64,23.17,90,1.75,1012
2026-08-07T18:39:07,Ogun (Ode-Remo),6.85,3.6167,21,Good,2.82,8.01,259.45,0.05,0.2,44.2,23.88,93,1.9,1013
2026-08-07T19:43:57,Lagos,6.5244,3.3792,22,Good,2.73,8.78,270.57,0.06,0.24,47.4,25.58,82,5,1014
2026-08-07T19:43:57,Abuja,9.0765,7.3986,42,Good,10.13,15,477.75,2.73,0.5,21.31,23.24,91,0.73,1013
2026-08-07T19:43:57,Port Harcourt,4.8156,7.0498,20,Good,2.69,6.4,294.01,0.08,0.18,43.39,24.7,89,2.62,1014
2026-08-07T19:43:57,Kano,12.0022,8.592,121,Unhealthy for Sensitive Groups,43.42,61.37,929.9,10.85,2.11,40.81,22.55,89,8.26,1013
2026-08-07T19:43:58,Ibadan,7.3775,3.947,23,Good,5.5,14.38,333.19,1.34,0.74,40.45,22.46,97,1.99,1014
2026-08-07T19:43:58,Kaduna,10.5222,7.4383,54,Moderate,13.76,18.14,613.06,3.63,0.33,17.92,22.74,93,2.42,1012
2026-08-07T19:43:58,Ogun (Ode-Remo),6.85,3.6167,21,Good,2.7,8.3,263.72,0.05,0.21,44.8,23.75,90,2.2,1014
2026-08-07T20:29:24,Lagos,6.5244,3.3792,22,Good,2.73,8.78,270.57,0.06,0.24,47.4,25.58,82,5.04,1014
2026-08-07T20:29:24,Abuja,9.0765,7.3986,42,Good,10.13,15,477.75,2.73,0.5,21.31,23.24,91,0.73,1013
2026-08-07T20:29:25,Port Harcourt,4.8156,7.0498,20,Good,2.69,6.4,294.01,0.08,0.18,43.39,24.7,89,2.62,1014
2026-08-07T20:29:25,Kano,12.0022,8.592,121,Unhealthy for Sensitive Groups,43.42,61.37,929.9,10.85,2.11,40.81,22.55,89,8.26,1013
2026-08-07T20:29:26,Ibadan,7.3775,3.947,23,Good,5.5,14.38,333.19,1.34,0.74,40.45,22.46,97,1.99,1014
2026-08-07T20:29:26,Kaduna,10.5222,7.4383,54,Moderate,13.76,18.14,613.06,3.63,0.33,17.92,22.74,93,2.42,1012
2026-08-07T20:29:26,Ogun (Ode-Remo),6.85,3.6167,21,Good,2.7,8.3,263.72,0.05,0.21,44.8,23.75,90,2.2,1014
2026-08-07T21:28:41,Lagos,6.5244,3.3792,23,Good,2.77,9.25,269.6,0.06,0.25,48.7,25.43,83,4.94,1014
2026-08-07T21:28:42,Abuja,9.0765,7.3986,45,Good,10.71,15.56,490.48,2.75,0.49,20.31,22.78,93,0.41,1013
2026-08-07T21:28:42,Port Harcourt,4.8156,7.0498,20,Good,2.6,6.17,294.28,0.08,0.18,43.37,24.45,91,2.33,1015
2026-08-07T21:28:42,Kano,12.0022,8.592,115,Unhealthy for Sensitive Groups,41.24,55.02,879.78,8.46,1.65,39.72,22.37,89,5.25,1014
2026-08-07T21:28:43,Ibadan,7.3775,3.947,23,Good,5.47,14.79,338.14,1.29,0.75,40.64,22.05,98,1.94,1014
2026-08-07T21:28:43,Kaduna,10.5222,7.4383,56,Moderate,14.49,19.05,627.35,3.67,0.33,16.14,22.52,93,2.02,1013
2026-08-07T21:28:44,Ogun (Ode-Remo),6.85,3.6167,21,Good,2.64,8.65,267.28,0.05,0.21,45.48,23.56,91,1.92,1014
2026-08-07T22:25:00,Lagos,6.5244,3.3792,24,Good,2.79,9.52,265.72,0.06,0.25,49.84,25.37,84,4.96,1014
2026-08-07T22:25:00,Abuja,9.0765,7.3986,44,Good,10.53,14.67,484.29,2.58,0.45,20.82,22.65,93,1.25,1014
2026-08-07T22:25:00,Port Harcourt,4.8156,7.0498,20,Good,2.47,5.85,294.29,0.08,0.17,43.27,24.32,92,2.52,1015
2026-08-07T22:25:01,Kano,12.0022,8.592,103,Unhealthy for Sensitive Groups,36.37,44.84,800.91,6.07,1.02,37.19,22.89,88,4.09,1014
2026-08-07T22:25:01,Ibadan,7.3775,3.947,21,Good,5.14,14.47,336.03,1.22,0.71,40.9,21.71,98,1.53,1015
2026-08-07T22:25:02,Kaduna,10.5222,7.4383,55,Moderate,14.16,18.28,618.67,3.5,0.3,16.6,22.12,94,1.95,1014
2026-08-07T22:25:02,Ogun (Ode-Remo),6.85,3.6167,22,Good,2.62,9.05,269.04,0.05,0.22,46.23,23.33,92,1.53,1015
2026-08-07T23:24:38,Lagos,6.5244,3.3792,24,Good,2.81,9.64,260.55,0.06,0.25,50.85,25.27,84,4.72,1014
2026-08-07T23:24:38,Abuja,9.0765,7.3986,42,Good,10.2,13.58,477.7,2.45,0.4,20.23,22.37,95,1.07,1014
2026-08-07T23:24:38,Port Harcourt,4.8156,7.0498,20,Good,2.34,5.49,295.1,0.08,0.16,43.31,24.28,92,2.24,1014
2026-08-07T23:24:38,Kano,12.0022,8.592,98,Moderate,34.43,41,771.37,5.33,0.74,32.68,23.2,84,1.12,1013
2026-08-07T23:24:38,Ibadan,7.3775,3.947,20,Good,4.37,12.97,322.84,1.02,0.61,41.5,21.57,98,1.63,1015
2026-08-07T23:24:39,Kaduna,10.5222,7.4383,54,Moderate,13.57,16.83,613.19,3.45,0.25,15.79,21.98,95,1.64,1014
2026-08-07T23:24:39,Ogun (Ode-Remo),6.85,3.6167,22,Good,2.63,9.36,269.16,0.05,0.23,47.08,23.14,93,1.53,1015
2026-08-08T00:51:26,Lagos,6.5244,3.3792,25,Good,2.7,8.92,248.83,0.06,0.23,52.22,24.98,86,4.66,1014
2026-08-08T00:51:27,Abuja,9.0765,7.3986,41,Good,9.77,12.28,469.46,2.21,0.34,18.11,22.1,95,1.04,1013
2026-08-08T00:51:27,Port Harcourt,4.8156,7.0498,21,Good,2.13,4.96,295.53,0.08,0.15,43.67,23.98,93,1.83,1014
2026-08-08T00:51:27,Kano,12.0022,8.592,94,Moderate,32.77,38.28,743.22,4.34,0.53,25.66,22.35,86,3.25,1013
2026-08-08T00:51:28,Ibadan,7.3775,3.947,20,Good,3.42,10.67,299.05,0.61,0.44,43.1,21.21,99,1.34,1014
2026-08-08T00:51:28,Kaduna,10.5222,7.4383,48,Good,11.48,13.03,587.6,3.21,0.16,17.56,21.35,96,3.15,1014
2026-08-08T00:51:28,Ogun (Ode-Remo),6.85,3.6167,23,Good,2.59,8.82,265.6,0.05,0.21,48.67,22.98,94,1.7,1014
2026-08-08T02:49:43,Lagos,6.5244,3.3792,25,Good,2.66,8.44,239.09,0.06,0.24,52.68,24.81,86,4.41,1013
2026-08-08T02:49:43,Abuja,9.0765,7.3986,42,Good,10.09,12.11,475.75,2.12,0.3,16.33,21.6,97,1.38,1013
2026-08-08T02:49:43,Port Harcourt,4.8156,7.0498,21,Good,2.07,4.68,292.89,0.08,0.15,44.94,23.67,93,1.78,1013
2026-08-08T02:49:43,Kano,12.0022,8.592,92,Moderate,31.81,36.31,724.06,3.66,0.43,21.04,22.3,85,2.58,1013
2026-08-08T02:49:44,Ibadan,7.3775,3.947,21,Good,3.2,10.11,287.6,0.48,0.4,44.56,21.1,99,1.19,1014
2026-08-08T02:49:44,Kaduna,10.5222,7.4383,43,Good,10.35,11.37,562.93,2.55,0.1,16.77,21.15,97,1.99,1013
2026-08-08T02:49:44,Ogun (Ode-Remo),6.85,3.6167,24,Good,2.53,8.18,256.65,0.05,0.2,50.06,22.68,96,1.48,1013
2026-08-08T04:04:12,Lagos,6.5244,3.3792,25,Good,2.57,7.88,236.46,0.05,0.23,52.76,24.72,86,4.31,1013
2026-08-08T04:04:12,Abuja,9.0765,7.3986,44,Good,10.58,12.46,483.71,2.1,0.27,15.29,21.38,98,1.47,1013
2026-08-08T04:04:12,Port Harcourt,4.8156,7.0498,22,Good,2.09,4.67,289.49,0.08,0.15,45.93,23.61,93,1.59,1013
2026-08-08T04:04:12,Kano,12.0022,8.592,91,Moderate,30.94,35.12,709.38,3.41,0.42,19.32,22.38,84,2.21,1012
2026-08-08T04:04:13,Ibadan,7.3775,3.947,21,Good,3.2,9.31,282.8,0.48,0.4,45.51,21.03,99,1.46,1014
2026-08-08T04:04:13,Kaduna,10.5222,7.4383,41,Good,9.91,10.83,547.97,2.27,0.09,16.86,20.78,96,1.83,1014
2026-08-08T04:04:13,Ogun (Ode-Remo),6.85,3.6167,24,Good,2.53,7.7,250.14,0.05,0.2,51.13,22.53,96,1.11,1014
2026-08-08T05:34:59,Lagos,6.5244,3.3792,25,Good,2.49,7.54,234.43,0.05,0.23,52.44,24.57,87,4.29,1014
2026-08-08T05:34:59,Abuja,9.0765,7.3986,51,Moderate,12.29,14.98,510.29,2.34,0.3,12.23,21.68,99,1.39,1014
2026-08-08T05:34:59,Port Harcourt,4.8156,7.0498,23,Good,2.38,5.37,279.48,0.08,0.17,49.45,23.84,93,1.51,1014
2026-08-08T05:35:00,Kano,12.0022,8.592,91,Moderate,31.28,37.43,721.8,3.93,0.65,16.62,22.92,82,1.95,1013
2026-08-08T05:35:00,Ibadan,7.3775,3.947,22,Good,4.1,10.18,292.69,0.9,0.52,46.81,21.19,99,1.13,1015
2026-08-08T05:35:00,Kaduna,10.5222,7.4383,41,Good,9.87,11.19,532.26,2.14,0.13,17.16,20.35,96,1.54,1014
2026-08-08T05:35:00,Ogun (Ode-Remo),6.85,3.6167,25,Good,2.74,7.61,238.17,0.05,0.21,52.25,22.63,96,1.36,1014
2026-08-08T06:33:55,Lagos,6.5244,3.3792,25,Good,2.45,7.36,233.66,0.05,0.23,52.2,25.12,83,4.95,1015
2026-08-08T06:33:55,Abuja,9.0765,7.3986,53,Moderate,13.27,16.78,529.54,2.68,0.35,10.96,22.16,96,1.64,1015
2026-08-08T06:33:56,Port Harcourt,4.8156,7.0498,24,Good,2.59,5.45,274.55,0.1,0.17,51.61,24.55,89,1.96,1015
2026-08-08T06:33:56,Kano,12.0022,8.592,92,Moderate,31.81,40.05,748.23,4.42,0.87,16.15,23.93,76,2.46,1014
2026-08-08T06:33:56,Ibadan,7.3775,3.947,22,Good,4.8,11.38,309.93,1.37,0.62,46.58,22.2,96,1.93,1015
2026-08-08T06:33:57,Kaduna,10.5222,7.4383,42,Good,10.09,11.76,533.48,2.32,0.17,16.96,21.03,92,1.38,1015
2026-08-08T06:33:57,Ogun (Ode-Remo),6.85,3.6167,25,Good,2.67,7.04,235.27,0.05,0.21,52.09,24.04,90,2.01,1015
2026-08-08T07:40:03,Lagos,6.5244,3.3792,25,Good,2.44,7.25,232.53,0.05,0.23,52.27,26.23,77,5.44,1015
2026-08-08T07:40:03,Abuja,9.0765,7.3986,55,Moderate,13.88,18.02,541.38,2.64,0.37,10.82,22.82,94,2.14,1016
2026-08-08T07:40:03,Port Harcourt,4.8156,7.0498,25,Good,2.84,5.48,271.42,0.13,0.19,53.91,26.1,81,3.27,1015
2026-08-08T07:40:04,Kano,12.0022,8.592,93,Moderate,31.96,41.69,761.44,4,1.01,19.45,24.87,72,2.45,1014
2026-08-08T07:40:04,Ibadan,7.3775,3.947,22,Good,4.96,11.42,314.8,1.46,0.65,46.6,23.27,92,2.35,1016
2026-08-08T07:40:04,Kaduna,10.5222,7.4383,43,Good,10.29,12.26,533.24,2.17,0.19,17.15,23.52,85,1.25,1015
2026-08-08T07:40:04,Ogun (Ode-Remo),6.85,3.6167,25,Good,2.58,6.59,233.8,0.05,0.2,51.93,25.76,80,2.84,1015
2026-08-08T08:27:41,Lagos,6.5244,3.3792,25,Good,2.44,7.25,232.53,0.05,0.23,52.27,26.23,77,5.44,1015
2026-08-08T08:27:41,Abuja,9.0765,7.3986,55,Moderate,13.88,18.02,541.38,2.64,0.37,10.82,22.82,94,2.14,1016
2026-08-08T08:27:42,Port Harcourt,4.8156,7.0498,25,Good,2.84,5.48,271.42,0.13,0.19,53.91,26.1,81,3.27,1015
2026-08-08T08:27:42,Kano,12.0022,8.592,93,Moderate,31.96,41.69,761.44,4,1.01,19.45,24.87,72,2.45,1014
2026-08-08T08:27:42,Ibadan,7.3775,3.947,22,Good,4.96,11.42,314.8,1.46,0.65,46.6,23.27,92,2.35,1016
2026-08-08T08:27:42,Kaduna,10.5222,7.4383,43,Good,10.29,12.26,533.24,2.17,0.19,17.15,23.58,85,1.24,1015
2026-08-08T08:27:43,Ogun (Ode-Remo),6.85,3.6167,25,Good,2.58,6.59,233.8,0.05,0.2,51.93,25.76,80,2.84,1015
2026-08-08T09:27:22,Lagos,6.5244,3.3792,25,Good,2.46,7.24,230.15,0.05,0.23,52.63,27.11,71,5.57,1016
2026-08-08T09:27:22,Abuja,9.0765,7.3986,55,Moderate,13.98,18.01,541.31,2.26,0.37,13.58,22.66,95,2.39,1016
2026-08-08T09:27:23,Port Harcourt,4.8156,7.0498,27,Good,3.13,5.65,268.81,0.14,0.2,56.43,27.12,77,3.4,1015
2026-08-08T09:27:23,Kano,12.0022,8.592,94,Moderate,32.42,42.85,759.33,3.09,1.12,28.75,26.95,64,2.97,1014
2026-08-08T09:27:23,Ibadan,7.3775,3.947,22,Good,4.75,10.71,306.42,1.22,0.64,47.39,24.18,86,2.64,1016
2026-08-08T09:27:23,Kaduna,10.5222,7.4383,45,Good,10.77,12.87,529.32,1.78,0.19,19.89,24.93,79,2.21,1015
2026-08-08T09:27:23,Ogun (Ode-Remo),6.85,3.6167,24,Good,2.55,6.46,232.15,0.05,0.2,51.84,27.15,72,2.99,1016
2026-08-08T10:21:01,Lagos,6.5244,3.3792,25,Good,2.53,7.8,226.08,0.04,0.24,53.1,27.53,70,6.31,1015
2026-08-08T10:21:01,Abuja,9.0765,7.3986,41,Good,9.95,12.08,471.65,1.52,0.28,24.74,22.68,95,2.25,1015
2026-08-08T10:21:02,Port Harcourt,4.8156,7.0498,28,Good,3.32,5.6,266.36,0.14,0.2,58.82,27.67,74,4.05,1015
2026-08-08T10:21:02,Kano,12.0022,8.592,71,Moderate,21.74,27.84,625.53,1.48,0.86,44.27,28.84,58,3.1,1013
2026-08-08T10:21:02,Ibadan,7.3775,3.947,23,Good,4.34,9.8,291.58,0.91,0.59,48.49,25.56,79,2.84,1016
2026-08-08T10:21:02,Kaduna,10.5222,7.4383,43,Good,10.3,11.77,519.67,1.44,0.13,27.97,26.38,73,2.9,1015
2026-08-08T10:21:03,Ogun (Ode-Remo),6.85,3.6167,24,Good,2.66,7.14,229.49,0.05,0.21,51.84,28.46,66,2.87,1015
2026-08-08T11:19:57,Lagos,6.5244,3.3792,25,Good,2.68,8.74,221.03,0.04,0.25,53.65,27.94,68,6.75,1015
2026-08-08T11:19:57,Abuja,9.0765,7.3986,32,Good,7.68,9.19,440.89,1.25,0.23,29.21,22.9,94,1.93,1015
2026-08-08T11:19:57,Port Harcourt,4.8156,7.0498,29,Good,3.48,5.64,263.4,0.13,0.2,60.8,26.65,80,4.62,1014
2026-08-08T11:19:58,Kano,12.0022,8.592,60,Moderate,16.55,20.97,577.3,1.18,0.67,46.34,30.29,54,3.03,1013
2026-08-08T11:19:58,Ibadan,7.3775,3.947,23,Good,4.13,9.56,280.38,0.73,0.55,49.32,26.23,77,2.66,1015
2026-08-08T11:19:58,Kaduna,10.5222,7.4383,41,Good,9.76,10.85,521.93,1.31,0.11,30.96,27.46,69,2.84,1014
2026-08-08T11:19:58,Ogun (Ode-Remo),6.85,3.6167,25,Good,2.87,8.35,225.82,0.06,0.23,52.16,28.28,67,2.74,1015
2026-08-08T12:25:10,Lagos,6.5244,3.3792,26,Good,2.85,9.66,215.99,0.04,0.27,53.98,27.43,71,6.92,1014
2026-08-08T12:25:10,Abuja,9.0765,7.3986,28,Good,6.82,8.11,433.88,1.16,0.22,30.93,23,94,1.58,1014
2026-08-08T12:25:10,Port Harcourt,4.8156,7.0498,29,Good,3.61,5.8,260.68,0.11,0.2,61.96,27.35,77,4.76,1014
2026-08-08T12:25:11,Kano,12.0022,8.592,57,Moderate,14.94,18.93,565.48,1.15,0.57,46.88,32.54,45,3.17,1011
2026-08-08T12:25:11,Ibadan,7.3775,3.947,24,Good,4.02,9.67,271.2,0.63,0.53,50.19,25.7,80,2.72,1014
2026-08-08T12:25:12,Kaduna,10.5222,7.4383,40,Good,9.7,10.61,529.65,1.28,0.1,32.66,28.21,65,2.93,1013
2026-08-08T12:25:12,Ogun (Ode-Remo),6.85,3.6167,25,Good,3.1,9.67,220.39,0.06,0.26,52.86,27.8,74,2.46,1014
2026-08-08T13:37:55,Lagos,6.5244,3.3792,26,Good,3.38,13.03,198.78,0.03,0.31,55.48,27.23,72,7.39,1013
2026-08-08T13:37:56,Abuja,9.0765,7.3986,38,Good,9.05,10.36,460.53,1.15,0.23,30.01,25.71,83,2.6,1012
2026-08-08T13:37:56,Port Harcourt,4.8156,7.0498,31,Good,4.42,9.27,255.4,0.08,0.26,64.79,26.68,80,4.84,1012
2026-08-08T13:37:57,Kano,12.0022,8.592,60,Moderate,16.17,20.5,474.08,1.08,0.41,45.41,33.85,40,2.84,1009
2026-08-08T13:37:57,Ibadan,7.3775,3.947,24,Good,3.58,11.71,244.28,0.53,0.49,51.1,25.9,84,2.41,1012
2026-08-08T13:37:57,Kaduna,10.5222,7.4383,44,Good,10.54,11.56,552.98,1.32,0.12,32.63,27.85,68,3.03,1011
2026-08-08T13:37:58,Ogun (Ode-Remo),6.85,3.6167,26,Good,3.27,12.9,207.15,0.03,0.28,54.53,27.09,79,2.5,1012
2026-08-08T14:22:39,Lagos,6.5244,3.3792,26,Good,3.38,13.03,198.78,0.03,0.31,55.48,27.2,72,7.48,1013
2026-08-08T14:22:39,Abuja,9.0765,7.3986,38,Good,9.05,10.36,460.53,1.15,0.23,30.01,25.71,83,2.6,1012
2026-08-08T14:22:39,Port Harcourt,4.8156,7.0498,31,Good,4.42,9.27,255.4,0.08,0.26,64.79,26.68,80,4.84,1012
2026-08-08T14:22:40,Kano,12.0022,8.592,60,Moderate,16.17,20.5,474.08,1.08,0.41,45.41,33.85,40,2.84,1009
2026-08-08T14:22:40,Ibadan,7.3775,3.947,24,Good,3.58,11.71,244.28,0.53,0.49,51.1,25.9,84,2.41,1012
2026-08-08T14:22:41,Kaduna,10.5222,7.4383,44,Good,10.54,11.56,552.98,1.32,0.12,32.63,27.85,68,3.03,1011
2026-08-08T14:22:41,Ogun (Ode-Remo),6.85,3.6167,26,Good,3.27,12.9,207.15,0.03,0.28,54.53,27.09,79,2.5,1012
2026-08-08T15:19:28,Lagos,6.5244,3.3792,26,Good,3.57,13.77,190.74,0.03,0.31,55.41,26.9,74,7.47,1012
2026-08-08T15:19:29,Abuja,9.0765,7.3986,37,Good,8.98,10.35,458.23,1.1,0.23,29.93,25.9,82,2.9,1012
2026-08-08T15:19:29,Port Harcourt,4.8156,7.0498,30,Good,4.43,9.65,254,0.08,0.26,63.5,26.15,82,4.89,1012
2026-08-08T15:19:30,Kano,12.0022,8.592,58,Moderate,15.24,19.62,466.62,1.23,0.4,43.5,34.05,39,2.19,1009
2026-08-08T15:19:30,Ibadan,7.3775,3.947,25,Good,3.71,12.63,236.43,0.49,0.49,51.98,25.5,86,2.15,1012
2026-08-08T15:19:31,Kaduna,10.5222,7.4383,49,Good,11.72,12.98,563.52,1.36,0.15,34.87,27.82,68,3.05,1011
2026-08-08T15:19:31,Ogun (Ode-Remo),6.85,3.6167,26,Good,3.48,13.86,199.13,0.04,0.3,55.07,26.45,82,2.54,1012
2026-08-08T16:19:56,Lagos,6.5244,3.3792,26,Good,3.75,14.32,185.49,0.03,0.32,55.53,26.46,76,7.25,1012
2026-08-08T16:19:56,Abuja,9.0765,7.3986,38,Good,9.17,10.69,462.08,1.17,0.25,29.88,25.21,86,3.03,1012
2026-08-08T16:19:56,Port Harcourt,4.8156,7.0498,29,Good,4.48,10.72,255.95,0.08,0.26,62.38,25.52,85,4.69,1012
2026-08-08T16:19:56,Kano,12.0022,8.592,62,Moderate,17.23,23.56,513.04,2.57,0.57,35.84,33.9,39,1.32,1009
2026-08-08T16:19:57,Ibadan,7.3775,3.947,25,Good,3.89,13.85,232.05,0.57,0.5,52.77,24.93,90,1.82,1012
2026-08-08T16:19:57,Kaduna,10.5222,7.4383,53,Moderate,13.26,14.8,579.32,1.57,0.18,37.06,27.06,72,2.86,1011
2026-08-08T16:19:57,Ogun (Ode-Remo),6.85,3.6167,26,Good,3.58,14.21,193.53,0.04,0.3,55.65,25.73,85,2.61,1012
2026-08-08T17:20:38,Lagos,6.5244,3.3792,26,Good,3.87,14.6,180.7,0.04,0.32,54.92,26.16,78,6.78,1012
2026-08-08T17:20:38,Abuja,9.0765,7.3986,39,Good,9.34,11.1,467.24,1.36,0.27,28.47,24.29,91,2.58,1012
2026-08-08T17:20:39,Port Harcourt,4.8156,7.0498,29,Good,4.42,11.56,260.3,0.09,0.26,61.29,24.85,87,4.34,1013
2026-08-08T17:20:39,Kano,12.0022,8.592,72,Moderate,21.99,31.8,604.21,4.94,0.85,26.29,33.07,45,1.13,1009
2026-08-08T17:20:40,Ibadan,7.3775,3.947,25,Good,4.17,15.05,231.48,0.76,0.54,52.83,23.74,94,1.58,1012
2026-08-08T17:20:40,Kaduna,10.5222,7.4383,56,Moderate,14.58,16.44,594.98,2,0.21,36.15,26.06,78,2.13,1012
2026-08-08T17:20:41,Ogun (Ode-Remo),6.85,3.6167,26,Good,3.63,14.31,188.41,0.05,0.29,55.57,24.93,87,2.69,1012
2026-08-08T18:22:04,Lagos,6.5244,3.3792,26,Good,3.93,14.48,176.8,0.05,0.32,54.19,25.61,80,6.56,1013
2026-08-08T18:22:05,Abuja,9.0765,7.3986,38,Good,9.22,11.2,471.73,1.62,0.28,27.68,23.09,95,1.82,1013
2026-08-08T18:22:05,Port Harcourt,4.8156,7.0498,29,Good,4.19,11.45,265.71,0.1,0.26,60.5,24.54,89,3.98,1013
2026-08-08T18:22:05,Kano,12.0022,8.592,83,Moderate,27.38,41,704.19,7.08,1.18,20.19,31.2,48,1.86,1010
2026-08-08T18:22:06,Ibadan,7.3775,3.947,25,Good,4.57,16.24,232.55,0.89,0.59,52.76,22.95,96,1.94,1013
2026-08-08T18:22:06,Kaduna,10.5222,7.4383,58,Moderate,15.64,17.79,609.54,2.22,0.22,34.36,24.26,86,2.45,1012
2026-08-08T18:22:06,Ogun (Ode-Remo),6.85,3.6167,26,Good,3.69,14.42,184.17,0.05,0.29,55.23,24.23,89,2.79,1013
2026-08-08T19:21:21,Lagos,6.5244,3.3792,25,Good,3.9,13.94,173.49,0.05,0.31,53.68,25.45,81,5.93,1013
2026-08-08T19:21:22,Abuja,9.0765,7.3986,37,Good,8.79,10.89,469.95,1.78,0.3,26.67,22.57,95,1.22,1013
2026-08-08T19:21:22,Port Harcourt,4.8156,7.0498,28,Good,3.98,11.71,271.21,0.1,0.25,59.99,24.34,91,3.72,1014
2026-08-08T19:21:22,Kano,12.0022,8.592,93,Moderate,32.02,49.47,776.78,8.13,1.43,16.77,30.04,53,3.36,1010
2026-08-08T19:21:23,Ibadan,7.3775,3.947,25,Good,4.92,17.02,232.36,0.91,0.61,52.42,22.77,96,1.72,1013
2026-08-08T19:21:23,Kaduna,10.5222,7.4383,61,Moderate,16.66,18.99,622.64,2.24,0.21,33.11,23.44,89,2.97,1013
2026-08-08T19:21:23,Ogun (Ode-Remo),6.85,3.6167,26,Good,3.75,14.5,180.5,0.05,0.29,54.49,23.75,91,2.42,1013
2026-08-08T20:17:03,Lagos,6.5244,3.3792,25,Good,3.86,13.36,170.96,0.06,0.31,53.79,25.36,82,5.47,1014
2026-08-08T20:17:03,Abuja,9.0765,7.3986,36,Good,8.68,11.02,472.35,1.89,0.3,23.96,22.18,96,1.29,1014
2026-08-08T20:17:04,Port Harcourt,4.8156,7.0498,28,Good,3.88,12.26,275.15,0.1,0.25,59.62,24.24,91,3.14,1015
2026-08-08T20:17:04,Kano,12.0022,8.592,100,Moderate,35.38,55.29,826.01,8.02,1.37,14.53,28.82,58,2.31,1012
2026-08-08T20:17:04,Ibadan,7.3775,3.947,25,Good,5.08,17.26,228.19,0.84,0.61,51.96,22.59,97,1.9,1014
2026-08-08T20:17:05,Kaduna,10.5222,7.4383,64,Moderate,18.47,20.97,646.86,2.32,0.2,32.04,22.49,94,2.59,1013
2026-08-08T20:17:05,Ogun (Ode-Remo),6.85,3.6167,25,Good,3.82,14.47,177.24,0.05,0.29,53.84,23.31,92,2.03,1014
2026-08-08T21:19:56,Lagos,6.5244,3.3792,26,Good,3.82,12.96,171.43,0.06,0.3,54.44,25.24,83,5.18,1015
2026-08-08T21:19:56,Abuja,9.0765,7.3986,36,Good,8.75,11.35,477.55,1.98,0.31,21.51,21.88,97,1.03,1015
2026-08-08T21:19:57,Port Harcourt,4.8156,7.0498,28,Good,3.89,12.65,276.5,0.1,0.26,59.6,24.16,92,2.93,1015
2026-08-08T21:19:57,Kano,12.0022,8.592,106,Unhealthy for Sensitive Groups,37.59,58.13,855.5,7.57,1.21,13.01,25.11,78,6.87,1014
2026-08-08T21:19:57,Ibadan,7.3775,3.947,24,Good,5.15,17.2,222.36,0.79,0.6,51.39,22.43,97,2.17,1015
2026-08-08T21:19:58,Kaduna,10.5222,7.4383,69,Moderate,20.72,23.26,676.73,2.42,0.19,31.44,22.16,95,1.74,1015
2026-08-08T21:19:58,Ogun (Ode-Remo),6.85,3.6167,25,Good,3.8,14.02,174.16,0.05,0.29,53.49,23.07,94,1.72,1015
2026-08-08T22:17:22,Lagos,6.5244,3.3792,26,Good,3.83,13.07,175.05,0.06,0.3,55.37,25.18,84,5.11,1015
2026-08-08T22:17:22,Abuja,9.0765,7.3986,36,Good,8.73,11.21,475.66,2.03,0.29,19.72,21.64,98,1.23,1015
2026-08-08T22:17:23,Port Harcourt,4.8156,7.0498,28,Good,3.93,12.97,273.89,0.1,0.26,59.5,23.98,93,2.55,1015
2026-08-08T22:17:23,Kano,12.0022,8.592,104,Unhealthy for Sensitive Groups,36.52,53.89,834.39,6.64,0.96,12.33,23.33,88,5.97,1015
2026-08-08T22:17:23,Ibadan,7.3775,3.947,24,Good,4.95,16.53,212.66,0.72,0.57,50.74,22.2,98,1.99,1015
2026-08-08T22:17:24,Kaduna,10.5222,7.4383,72,Moderate,22.12,24.29,689.91,2.48,0.17,30.06,22.27,95,1.39,1015
2026-08-08T22:17:24,Ogun (Ode-Remo),6.85,3.6167,25,Good,3.74,13.44,172.45,0.05,0.29,53.36,23.25,94,1.72,1015
2026-08-08T23:17:59,Lagos,6.5244,3.3792,27,Good,3.93,13.8,181.82,0.06,0.31,56.6,25.04,85,5.27,1014
2026-08-08T23:17:59,Abuja,9.0765,7.3986,35,Good,8.48,10.64,470.16,2.02,0.27,18.95,21.52,98,0.34,1015
2026-08-08T23:17:59,Port Harcourt,4.8156,7.0498,28,Good,3.96,13.21,270.69,0.1,0.27,59.44,23.85,94,2.32,1015
2026-08-08T23:17:59,Kano,12.0022,8.592,96,Moderate,33.34,45.79,785.75,5.51,0.66,12.68,22.71,85,6,1014
2026-08-08T23:17:59,Ibadan,7.3775,3.947,24,Good,4.47,15.02,197.91,0.57,0.49,50.61,22.02,98,1.81,1015
2026-08-08T23:18:00,Kaduna,10.5222,7.4383,73,Moderate,22.45,24.13,692.96,2.43,0.13,28.08,22.03,95,1.6,1014
2026-08-08T23:18:00,Ogun (Ode-Remo),6.85,3.6167,25,Good,3.72,13.1,173.18,0.05,0.28,53.82,23.16,94,1.76,1014
2026-08-09T00:54:28,Lagos,6.5244,3.3792,28,Good,4.22,15.16,197.65,0.06,0.32,59.61,24.89,86,5.24,1013
2026-08-09T00:54:29,Abuja,9.0765,7.3986,33,Good,7.93,9.92,456.62,1.92,0.24,18.19,21.99,97,0.87,1013
2026-08-09T00:54:29,Port Harcourt,4.8156,7.0498,28,Good,4.06,13.02,260.21,0.1,0.26,59.78,23.6,95,2.43,1013
2026-08-09T00:54:30,Kano,12.0022,8.592,78,Moderate,24.89,30.87,676.76,3.37,0.38,17,24.21,82,1.38,1012
2026-08-09T00:54:30,Ibadan,7.3775,3.947,24,Good,4.04,13.03,184.93,0.38,0.42,51.07,21.98,98,1.74,1014
2026-08-09T00:54:30,Kaduna,10.5222,7.4383,71,Moderate,21.43,22.6,669.98,2.11,0.09,24.13,21.7,97,1.26,1014
2026-08-09T00:54:31,Ogun (Ode-Remo),6.85,3.6167,26,Good,3.85,13.16,180.48,0.05,0.28,55.69,23.35,95,1.85,1013
2026-08-09T02:57:10,Lagos,6.5244,3.3792,30,Good,4.43,15.48,210.96,0.06,0.32,62.66,24.68,87,5.02,1013
2026-08-09T02:57:10,Abuja,9.0765,7.3986,32,Good,7.62,9.71,447.08,1.84,0.24,16.87,21.48,98,0.66,1013
2026-08-09T02:57:10,Port Harcourt,4.8156,7.0498,29,Good,4.21,11.89,252.24,0.09,0.25,61.55,23.65,94,2.14,1013
2026-08-09T02:57:10,Kano,12.0022,8.592,72,Moderate,21.91,25.62,646.75,2.77,0.36,13.61,24.29,82,2.4,1012
2026-08-09T02:57:11,Ibadan,7.3775,3.947,25,Good,4.1,12.39,189.93,0.36,0.42,52.54,21.98,98,1.38,1013
2026-08-09T02:57:11,Kaduna,10.5222,7.4383,67,Moderate,19.48,20.55,636.23,1.78,0.08,21.49,21.25,98,0.92,1013
2026-08-09T02:57:11,Ogun (Ode-Remo),6.85,3.6167,28,Good,4.05,12.97,191.99,0.06,0.27,58.58,23.19,96,1.66,1013
2026-08-09T04:13:58,Lagos,6.5244,3.3792,30,Good,4.53,15.2,215.27,0.06,0.31,63.66,24.53,88,4.87,1013
2026-08-09T04:13:59,Abuja,9.0765,7.3986,30,Good,7.22,9.36,438.02,1.8,0.25,17.87,21.57,98,1.22,1014
2026-08-09T04:13:59,Port Harcourt,4.8156,7.0498,30,Good,4.28,10.93,252.49,0.09,0.24,62.87,23.6,94,2.05,1013
2026-08-09T04:13:59,Kano,12.0022,8.592,70,Moderate,21.18,24.66,640.11,2.66,0.36,12.53,24.02,83,2.41,1013
2026-08-09T04:14:00,Ibadan,7.3775,3.947,25,Good,4.23,12.15,196.58,0.39,0.43,53.66,21.93,98,1.4,1013
2026-08-09T04:14:00,Kaduna,10.5222,7.4383,64,Moderate,18.15,19.21,617.15,1.66,0.08,20.85,21.26,97,0.97,1014
2026-08-09T04:14:00,Ogun (Ode-Remo),6.85,3.6167,28,Good,4.14,12.14,198.09,0.06,0.27,60.04,23.11,96,1.64,1013
2026-08-09T05:40:34,Lagos,6.5244,3.3792,31,Good,4.63,13.7,214.4,0.06,0.29,65.78,24.24,89,4.47,1014
2026-08-09T05:40:34,Abuja,9.0765,7.3986,29,Good,7.05,9.86,422.21,1.85,0.3,18.61,21.58,99,0.63,1015
2026-08-09T05:40:35,Port Harcourt,4.8156,7.0498,31,Good,4.51,9.9,258.65,0.09,0.22,65.38,23.62,94,2.47,1014
2026-08-09T05:40:35,Kano,12.0022,8.592,69,Moderate,20.65,25.65,656.93,3.05,0.52,11.01,23.61,80,3.16,1014
2026-08-09T05:40:36,Ibadan,7.3775,3.947,26,Good,5.08,13.11,229.47,0.78,0.55,55.45,21.88,98,1.45,1014
2026-08-09T05:40:36,Kaduna,10.5222,7.4383,59,Moderate,15.88,17.28,587.13,1.72,0.11,19.28,21.14,97,1.99,1015
2026-08-09T05:40:36,Ogun (Ode-Remo),6.85,3.6167,30,Good,4.21,10.78,207.58,0.06,0.25,62.56,23,96,1.65,1014
2026-08-09T06:37:40,Lagos,6.5244,3.3792,31,Good,4.61,13.31,211.47,0.07,0.29,66.41,24.68,84,4.33,1015
2026-08-09T06:37:40,Abuja,9.0765,7.3986,30,Good,7.16,10.59,417.54,1.95,0.35,18.74,22.12,98,1.63,1015
2026-08-09T06:37:41,Port Harcourt,4.8156,7.0498,31,Good,4.63,10.15,262.97,0.1,0.21,66.47,23.46,96,1.98,1015
2026-08-09T06:37:41,Kano,12.0022,8.592,68,Moderate,20.03,26.31,671.64,2.97,0.66,14.22,25.5,72,3.46,1014
2026-08-09T06:37:41,Ibadan,7.3775,3.947,26,Good,5.79,14.29,253.79,1.21,0.64,55.94,22.04,96,1.08,1016
2026-08-09T06:37:42,Kaduna,10.5222,7.4383,57,Moderate,14.73,16.42,577.04,1.96,0.14,18.18,22.38,92,1.96,1016
2026-08-09T06:37:42,Ogun (Ode-Remo),6.85,3.6167,30,Good,4.33,10.98,209.64,0.06,0.25,63.5,23.26,95,1.1,1015
2026-08-09T07:44:38,Lagos,6.5244,3.3792,31,Good,4.58,13.26,211.02,0.07,0.29,66.51,24.9,83,4.37,1016
2026-08-09T07:44:38,Abuja,9.0765,7.3986,30,Good,7.2,11.08,409.13,1.66,0.37,20.81,22.75,96,1.47,1016
2026-08-09T07:44:38,Port Harcourt,4.8156,7.0498,32,Good,4.8,10.91,266.01,0.1,0.22,67.78,23.83,94,2.1,1016
2026-08-09T07:44:39,Kano,12.0022,8.592,71,Moderate,21.41,28.84,686.21,2.63,0.76,23.03,27.79,63,3.59,1014
2026-08-09T07:44:39,Ibadan,7.3775,3.947,27,Good,6.08,14.77,263.13,1.26,0.67,56.96,22.38,95,1.26,1016
2026-08-09T07:44:39,Kaduna,10.5222,7.4383,54,Moderate,13.5,15.33,564.62,1.91,0.16,17.99,23.92,85,2.24,1016
2026-08-09T07:44:39,Ogun (Ode-Remo),6.85,3.6167,30,Good,4.54,11.8,210.26,0.07,0.26,64.21,23.64,93,1.35,1016
2026-08-09T08:30:05,Lagos,6.5244,3.3792,31,Good,4.49,13.15,214.48,0.07,0.29,66.31,24.9,83,4.37,1016
2026-08-09T08:30:05,Abuja,9.0765,7.3986,30,Good,7.25,11.26,393.78,1.22,0.39,26.5,22.75,96,1.47,1016
2026-08-09T08:30:06,Port Harcourt,4.8156,7.0498,33,Good,4.96,11.58,266.55,0.09,0.23,69.14,24.25,91,2.49,1016
2026-08-09T08:30:06,Kano,12.0022,8.592,76,Moderate,23.93,31.93,692.7,2.04,0.82,33.85,29.89,55,3.29,1013
2026-08-09T08:30:07,Ibadan,7.3775,3.947,28,Good,5.98,14.51,257.79,1.01,0.66,58.55,22.77,92,1.18,1017
2026-08-09T08:30:07,Kaduna,10.5222,7.4383,53,Moderate,12.88,14.71,551.23,1.61,0.15,20.7,25.82,76,2.7,1015
2026-08-09T08:30:07,Ogun (Ode-Remo),6.85,3.6167,31,Good,4.65,12.34,209.09,0.06,0.27,64.77,24.04,90,1.53,1016
2026-08-09T09:28:51,Lagos,6.5244,3.3792,31,Good,4.49,13.15,214.48,0.07,0.29,66.31,25.25,80,4.55,1016
2026-08-09T09:28:52,Abuja,9.0765,7.3986,30,Good,7.25,11.26,393.78,1.22,0.39,26.5,23.93,91,1.54,1016
2026-08-09T09:28:52,Port Harcourt,4.8156,7.0498,33,Good,4.96,11.58,266.55,0.09,0.23,69.14,24.25,91,2.49,1016
2026-08-09T09:28:52,Kano,12.0022,8.592,76,Moderate,23.93,31.93,692.7,2.04,0.82,33.85,29.89,55,3.29,1013
2026-08-09T09:28:53,Ibadan,7.3775,3.947,28,Good,5.98,14.51,257.79,1.01,0.66,58.55,22.77,92,1.18,1017
2026-08-09T09:28:53,Kaduna,10.5222,7.4383,53,Moderate,12.88,14.71,551.23,1.61,0.15,20.7,25.82,76,2.7,1015
2026-08-09T09:28:53,Ogun (Ode-Remo),6.85,3.6167,31,Good,4.65,12.34,209.09,0.06,0.27,64.77,24.04,90,1.53,1016
2026-08-09T10:22:29,Lagos,6.5244,3.3792,31,Good,4.4,13.14,222.29,0.06,0.29,65.93,25.56,79,4.8,1016
2026-08-09T10:22:29,Abuja,9.0765,7.3986,24,Good,5.86,8.88,354.68,0.77,0.33,33.94,25.05,84,1.95,1016
2026-08-09T10:22:30,Port Harcourt,4.8156,7.0498,33,Good,5.14,12.15,264.14,0.07,0.23,70.37,24.19,91,2.31,1016
2026-08-09T10:22:30,Kano,12.0022,8.592,59,Moderate,16.11,20.73,594.96,1.16,0.55,40.87,31.61,48,2.97,1013
2026-08-09T10:22:30,Ibadan,7.3775,3.947,28,Good,5.58,13.92,244.24,0.72,0.59,60.19,23.15,90,1.23,1017
2026-08-09T10:22:30,Kaduna,10.5222,7.4383,38,Good,9.05,10.22,503.21,1.05,0.1,32.18,27.5,68,3.18,1015
2026-08-09T10:22:31,Ogun (Ode-Remo),6.85,3.6167,31,Good,4.69,13.57,208.38,0.05,0.28,64.85,24.5,88,1.57,1016
2026-08-09T11:19:57,Lagos,6.5244,3.3792,31,Good,4.4,13.32,232.86,0.05,0.29,65.74,25.76,78,4.68,1016
2026-08-09T11:19:57,Abuja,9.0765,7.3986,20,Good,4.79,7.11,331.26,0.52,0.27,36.64,25.96,80,2.21,1015
2026-08-09T11:19:57,Port Harcourt,4.8156,7.0498,34,Good,5.25,12.24,259.37,0.07,0.23,71.09,24.11,92,2.82,1016
2026-08-09T11:19:57,Kano,12.0022,8.592,52,Moderate,12.51,15.99,543.88,0.93,0.43,41.16,32.95,43,2.36,1012
2026-08-09T11:19:58,Ibadan,7.3775,3.947,29,Good,5.32,14,236.91,0.61,0.56,60.61,23.48,89,0.96,1016
2026-08-09T11:19:58,Kaduna,10.5222,7.4383,32,Good,7.63,8.56,473.29,0.72,0.08,38.87,28.7,62,3.06,1014
2026-08-09T11:19:58,Ogun (Ode-Remo),6.85,3.6167,31,Good,4.63,14.4,210.45,0.05,0.28,64.67,24.72,87,1.46,1016
2026-08-09T12:27:47,Lagos,6.5244,3.3792,31,Good,4.48,13.62,243.24,0.05,0.29,65.56,25.74,78,4.68,1015
2026-08-09T12:27:48,Abuja,9.0765,7.3986,20,Good,4.73,6.83,323.19,0.4,0.26,38.18,26.6,77,2.16,1014
2026-08-09T12:27:48,Port Harcourt,4.8156,7.0498,34,Good,5.31,12.09,253.66,0.06,0.23,71.07,24.43,90,3.15,1015
2026-08-09T12:27:48,Kano,12.0022,8.592,45,Good,10.87,13.94,514.12,0.85,0.38,41.12,34.05,39,2.14,1011
2026-08-09T12:27:49,Ibadan,7.3775,3.947,29,Good,5.13,13.96,234.79,0.59,0.53,60.49,23.57,89,1.21,1015
2026-08-09T12:27:49,Kaduna,10.5222,7.4383,33,Good,7.93,8.78,461.21,0.59,0.08,42.79,29.41,60,3.21,1013
2026-08-09T12:27:49,Ogun (Ode-Remo),6.85,3.6167,30,Good,4.51,14.39,215.88,0.05,0.28,64.5,24.88,86,1.4,1015
2026-08-09T13:41:00,Lagos,6.5244,3.3792,32,Good,5.18,15,230.19,0.05,0.27,67.21,26.64,74,6.36,1013
2026-08-09T13:41:00,Abuja,9.0765,7.3986,21,Good,5.1,6.63,311.64,0.31,0.19,41.69,26.4,82,1.77,1012
2026-08-09T13:41:01,Port Harcourt,4.8156,7.0498,34,Good,5.08,11.12,234.57,0.08,0.22,71.74,27.01,77,4.33,1012
2026-08-09T13:41:01,Kano,12.0022,8.592,67,Moderate,19.54,24.35,537.67,1,0.5,49.22,34.06,39,1.74,1009
2026-08-09T13:41:01,Ibadan,7.3775,3.947,29,Good,5.01,13.23,230.47,0.54,0.48,61.3,26.29,75,2.35,1013
2026-08-09T13:41:02,Kaduna,10.5222,7.4383,53,Moderate,12.87,14.2,474.36,0.73,0.11,48.08,29.9,58,2.62,1011
2026-08-09T13:41:02,Ogun (Ode-Remo),6.85,3.6167,31,Good,4.72,13.42,212.85,0.05,0.24,65.25,26.74,77,2.74,1013
2026-08-09T14:24:15,Lagos,6.5244,3.3792,32,Good,5.18,15,230.19,0.05,0.27,67.21,26.64,74,6.36,1013
2026-08-09T14:24:15,Abuja,9.0765,7.3986,21,Good,5.1,6.63,311.64,0.31,0.19,41.69,26.4,82,1.77,1012
2026-08-09T14:24:15,Port Harcourt,4.8156,7.0498,34,Good,5.08,11.12,234.57,0.08,0.22,71.74,27.01,77,4.33,1012
2026-08-09T14:24:15,Kano,12.0022,8.592,67,Moderate,19.54,24.35,537.67,1,0.5,49.22,34.06,39,1.74,1009
2026-08-09T14:24:15,Ibadan,7.3775,3.947,29,Good,5.01,13.23,230.47,0.54,0.48,61.3,26.29,75,2.35,1013
2026-08-09T14:24:16,Kaduna,10.5222,7.4383,53,Moderate,12.87,14.2,474.36,0.73,0.11,48.08,29.9,58,2.62,1011
2026-08-09T14:24:16,Ogun (Ode-Remo),6.85,3.6167,31,Good,4.72,13.42,212.85,0.05,0.24,65.25,26.74,77,2.74,1013
2026-08-09T15:20:57,Lagos,6.5244,3.3792,31,Good,5.06,14.51,231.23,0.05,0.26,66.17,26.41,75,6.49,1013
2026-08-09T15:20:57,Abuja,9.0765,7.3986,23,Good,5.5,7,311.26,0.34,0.19,41.6,26.03,84,1.66,1012
2026-08-09T15:20:58,Port Harcourt,4.8156,7.0498,33,Good,4.88,10.52,227.51,0.08,0.22,70.46,27.12,76,4.46,1012
2026-08-09T15:20:58,Kano,12.0022,8.592,74,Moderate,22.87,28.78,556.88,1.38,0.57,51.02,34.17,38,1.7,1009
2026-08-09T15:20:58,Ibadan,7.3775,3.947,29,Good,4.85,12.4,231.69,0.58,0.45,60.66,26.3,76,2.26,1012
2026-08-09T15:20:58,Kaduna,10.5222,7.4383,56,Moderate,14.35,15.9,476.74,0.94,0.14,49.13,29.38,61,3.28,1011
2026-08-09T15:20:59,Ogun (Ode-Remo),6.85,3.6167,31,Good,4.63,12.76,216,0.05,0.23,64.65,26.65,77,2.87,1012
2026-08-09T16:21:45,Lagos,6.5244,3.3792,31,Good,4.88,14.08,232.19,0.06,0.26,65.53,25.89,77,6.4,1013
2026-08-09T16:21:46,Abuja,9.0765,7.3986,26,Good,6.3,8,316.97,0.44,0.21,39.4,26.18,83,1.6,1012
2026-08-09T16:21:46,Port Harcourt,4.8156,7.0498,33,Good,4.73,9.6,221.6,0.09,0.21,69.4,26.52,79,4.09,1012
2026-08-09T16:21:47,Kano,12.0022,8.592,83,Moderate,27.4,35.1,599.09,2.37,0.73,50.24,33.97,39,1.76,1009
2026-08-09T16:21:47,Ibadan,7.3775,3.947,28,Good,4.84,13.11,237.74,0.7,0.46,60.05,25.72,81,2.18,1012
2026-08-09T16:21:47,Kaduna,10.5222,7.4383,59,Moderate,15.81,17.72,489.15,1.33,0.18,44.83,27.67,72,3.34,1011
2026-08-09T16:21:48,Ogun (Ode-Remo),6.85,3.6167,30,Good,4.57,13.19,219.07,0.05,0.23,64.31,26.16,79,2.81,1012
2026-08-09T17:21:16,Lagos,6.5244,3.3792,31,Good,4.7,13.93,232.22,0.07,0.26,64.86,25.7,78,6.14,1013
2026-08-09T17:21:17,Abuja,9.0765,7.3986,30,Good,7.3,9.31,324.36,0.64,0.24,35.86,25.64,87,1.28,1012
2026-08-09T17:21:17,Port Harcourt,4.8156,7.0498,32,Good,4.59,8.91,217.35,0.1,0.2,68.16,25.78,82,3.74,1012
2026-08-09T17:21:18,Kano,12.0022,8.592,95,Moderate,33.15,43.71,669.3,4.11,0.96,44.72,32.81,46,2.16,1009
2026-08-09T17:21:18,Ibadan,7.3775,3.947,28,Good,5.12,15.09,249.44,0.87,0.52,59.34,24.42,89,2.03,1013
2026-08-09T17:21:18,Kaduna,10.5222,7.4383,63,Moderate,17.57,20.12,508.18,1.88,0.23,38.99,25.58,85,2.79,1012
2026-08-09T17:21:19,Ogun (Ode-Remo),6.85,3.6167,30,Good,4.58,14.18,222.24,0.07,0.24,63.78,25.38,82,2.76,1013
2026-08-09T18:24:21,Lagos,6.5244,3.3792,31,Good,4.6,14.05,231.88,0.09,0.27,64.63,25.3,80,5.99,1013
2026-08-09T18:24:22,Abuja,9.0765,7.3986,34,Good,8.04,10.24,330.78,0.88,0.27,33.97,24.3,91,0.88,1012
2026-08-09T18:24:22,Port Harcourt,4.8156,7.0498,32,Good,4.48,8.56,215.51,0.1,0.19,66.83,25.13,88,3.89,1013
2026-08-09T18:24:22,Kano,12.0022,8.592,108,Unhealthy for Sensitive Groups,38.17,52.24,747.26,5.91,1.24,38.14,31.15,47,1.82,1009
2026-08-09T18:24:23,Ibadan,7.3775,3.947,28,Good,5.55,17.04,262.45,1,0.59,58.85,23.3,94,1.65,1013
2026-08-09T18:24:23,Kaduna,10.5222,7.4383,66,Moderate,19.05,22.49,527.99,2.45,0.31,34.98,24.76,83,2.74,1012
2026-08-09T18:24:24,Ogun (Ode-Remo),6.85,3.6167,30,Good,4.58,14.82,224.35,0.08,0.25,63.24,24.52,84,2.75,1013
2026-08-09T19:24:26,Lagos,6.5244,3.3792,31,Good,4.62,14.37,232.52,0.09,0.28,64.89,25.04,81,5.95,1014
2026-08-09T19:24:26,Abuja,9.0765,7.3986,36,Good,8.76,11.4,337.43,1.2,0.29,30.65,23.75,92,0.95,1013
2026-08-09T19:24:26,Port Harcourt,4.8156,7.0498,31,Good,4.45,8.8,215.19,0.1,0.19,65.77,24.8,89,3.78,1014
2026-08-09T19:24:26,Kano,12.0022,8.592,118,Unhealthy for Sensitive Groups,42.37,60.14,812.91,6.79,1.44,32.8,30.5,49,2.09,1010
2026-08-09T19:24:27,Ibadan,7.3775,3.947,28,Good,6.07,18.87,276.29,1.07,0.66,58.5,22.68,96,1.79,1014
2026-08-09T19:24:27,Kaduna,10.5222,7.4383,68,Moderate,20.11,24.36,542.65,2.75,0.36,32.46,24.06,86,2.4,1013
2026-08-09T19:24:27,Ogun (Ode-Remo),6.85,3.6167,30,Good,4.56,15.25,226.38,0.08,0.27,63.04,23.76,87,2.53,1014
2026-08-09T20:19:57,Lagos,6.5244,3.3792,31,Good,4.77,14.92,233.42,0.09,0.3,65.4,24.92,82,5.82,1015
2026-08-09T20:19:57,Abuja,9.0765,7.3986,41,Good,9.94,13.4,355.8,1.54,0.32,26.17,23.41,93,0.64,1014
2026-08-09T20:19:57,Port Harcourt,4.8156,7.0498,31,Good,4.47,9.25,215.74,0.1,0.2,65,24.55,90,3.55,1015
2026-08-09T20:19:58,Kano,12.0022,8.592,127,Unhealthy for Sensitive Groups,46.02,66.61,870.65,6.91,1.38,27.01,30.02,51,2.07,1011
2026-08-09T20:19:58,Ibadan,7.3775,3.947,27,Good,6.53,20.34,287.58,1.11,0.7,58.01,22.34,97,1.79,1015
2026-08-09T20:19:58,Kaduna,10.5222,7.4383,69,Moderate,20.58,25.04,551.91,2.79,0.35,30.36,23.57,88,2.56,1014
2026-08-09T20:19:59,Ogun (Ode-Remo),6.85,3.6167,30,Good,4.54,15.44,227.98,0.08,0.27,63.09,23.38,88,2.42,1015
2026-08-09T21:21:40,Lagos,6.5244,3.3792,31,Good,4.98,15.48,235.03,0.1,0.31,65.99,24.77,82,5.86,1015
2026-08-09T21:21:41,Abuja,9.0765,7.3986,46,Good,11.11,15.44,375.32,1.74,0.34,22.71,23.22,94,1.26,1014
2026-08-09T21:21:41,Port Harcourt,4.8156,7.0498,31,Good,4.54,9.6,215.16,0.1,0.2,64.69,24.37,91,3.26,1015
2026-08-09T21:21:41,Kano,12.0022,8.592,134,Unhealthy for Sensitive Groups,48.74,70.84,911.53,6.77,1.24,21.82,29.58,53,2.97,1012
2026-08-09T21:21:41,Ibadan,7.3775,3.947,29,Good,6.92,21.46,296.53,1.15,0.74,57.79,22.04,97,1.83,1015
2026-08-09T21:21:42,Kaduna,10.5222,7.4383,68,Moderate,20.22,24.27,551.13,2.69,0.31,29.39,22.79,93,2.32,1014
2026-08-09T21:21:42,Ogun (Ode-Remo),6.85,3.6167,30,Good,4.57,15.55,229.22,0.09,0.28,63.52,23.14,89,2.27,1015
2026-08-09T22:19:12,Lagos,6.5244,3.3792,31,Good,5.14,15.75,235.16,0.09,0.31,66.17,24.74,83,5.61,1016
2026-08-09T22:19:13,Abuja,9.0765,7.3986,50,Good,11.91,16.89,386.04,1.83,0.34,19.78,22.99,95,1.23,1014
2026-08-09T22:19:13,Port Harcourt,4.8156,7.0498,31,Good,4.54,9.51,214.19,0.1,0.2,64.64,24.24,92,2.89,1016
2026-08-09T22:19:13,Kano,12.0022,8.592,133,Unhealthy for Sensitive Groups,48.55,67.42,918.38,6.39,1.01,17.81,28.56,59,3.47,1012
2026-08-09T22:19:13,Ibadan,7.3775,3.947,29,Good,6.98,21.67,296.99,1.15,0.72,57.58,21.7,98,1.52,1016
2026-08-09T22:19:13,Kaduna,10.5222,7.4383,64,Moderate,18.05,20.9,524.73,2.43,0.25,32.24,22.61,96,2.75,1015
2026-08-09T22:19:13,Ogun (Ode-Remo),6.85,3.6167,30,Good,4.65,15.65,230.4,0.09,0.28,63.85,22.9,91,2.04,1016
2026-08-09T23:20:21,Lagos,6.5244,3.3792,31,Good,5.18,15.5,233.98,0.09,0.31,66.04,24.53,83,5.45,1016
2026-08-09T23:20:21,Abuja,9.0765,7.3986,51,Moderate,12.21,17.03,389.64,1.82,0.3,17.76,22.73,96,1.27,1014
2026-08-09T23:20:21,Port Harcourt,4.8156,7.0498,31,Good,4.59,9.61,213.83,0.1,0.2,64.68,24.02,93,2.75,1015
2026-08-09T23:20:22,Kano,12.0022,8.592,127,Unhealthy for Sensitive Groups,46.06,59.06,896.19,5.67,0.74,16.24,27.95,63,3.94,1012
2026-08-09T23:20:22,Ibadan,7.3775,3.947,27,Good,6.51,20.55,284.91,0.98,0.64,57.9,21.42,98,1.6,1016
2026-08-09T23:20:22,Kaduna,10.5222,7.4383,61,Moderate,16.8,18.88,513.58,2.29,0.21,30.21,22.37,96,2.55,1014
2026-08-09T23:20:22,Ogun (Ode-Remo),6.85,3.6167,30,Good,4.77,15.66,232.05,0.09,0.28,64.32,22.82,91,2,1016
2026-08-10T00:56:14,Lagos,6.5244,3.3792,31,Good,4.99,14.46,223.94,0.08,0.28,65.45,24.27,84,5.16,1014
2026-08-10T00:56:14,Abuja,9.0765,7.3986,15,Good,12.09,16.03,393.3,1.78,0.3,17.14,22.8,95,0.48,1013
2026-08-10T00:56:14,Port Harcourt,4.8156,7.0498,30,Good,4.55,9.56,215.44,0.09,0.2,64.17,24.1,92,2.86,1014
2026-08-10T00:56:14,Kano,12.0022,8.592,95,Moderate,32.93,37.46,722.66,2.91,0.51,30.38,27.2,67,3.92,1012
2026-08-10T00:56:14,Ibadan,7.3775,3.947,28,Good,6.31,19.69,275.58,0.8,0.61,58.59,20.86,98,2.21,1014
2026-08-10T00:56:14,Kaduna,10.5222,7.4383,57,Moderate,15.16,16.38,494.45,1.93,0.16,26.72,23.2,87,1.4,1013
2026-08-10T00:56:15,Ogun (Ode-Remo),6.85,3.6167,31,Good,4.95,15.22,233,0.08,0.27,64.8,22.33,93,2.09,1014
2026-08-10T03:07:41,Lagos,6.5244,3.3792,31,Good,4.62,13.78,208.45,0.07,0.27,64.6,24.08,84,5.06,1013
2026-08-10T03:07:42,Abuja,9.0765,7.3986,49,Good,11.65,14.44,402.47,1.8,0.29,16.56,22.93,91,1.34,1012
2026-08-10T03:07:42,Port Harcourt,4.8156,7.0498,30,Good,4.38,8.64,220.02,0.09,0.19,62.8,23.86,93,2.66,1013
2026-08-10T03:07:42,Kano,12.0022,8.592,81,Moderate,26.34,29.67,655.52,2.07,0.42,33.29,26.45,73,4.57,1011
2026-08-10T03:07:42,Ibadan,7.3775,3.947,28,Good,6.34,19.33,273.29,0.74,0.61,58.95,20.61,98,1.58,1014
2026-08-10T03:07:42,Kaduna,10.5222,7.4383,55,Moderate,14.09,15.1,486.48,1.72,0.14,22.3,22.55,89,1.43,1013
2026-08-10T03:07:43,Ogun (Ode-Remo),6.85,3.6167,31,Good,4.94,14.73,227.14,0.08,0.25,64.57,22.02,94,1.47,1014
2026-08-10T05:16:07,Lagos,6.5244,3.3792,30,Good,4.01,12.42,197.18,0.06,0.25,63.57,24.04,84,4.71,1014
2026-08-10T05:16:07,Abuja,9.0765,7.3986,49,Good,11.67,14.88,409.64,1.83,0.3,15.66,22.22,94,1.67,1014
2026-08-10T05:16:07,Port Harcourt,4.8156,7.0498,29,Good,4.21,7.96,226.09,0.1,0.19,61.24,23.77,93,2.6,1014
2026-08-10T05:16:08,Kano,12.0022,8.592,82,Moderate,26.88,31.14,672.46,2.5,0.52,27.13,25.66,76,4.76,1011
2026-08-10T05:16:08,Ibadan,7.3775,3.947,28,Good,6.38,19.17,273.85,0.84,0.65,58.96,20.43,98,1.23,1014
2026-08-10T05:16:09,Kaduna,10.5222,7.4383,55,Moderate,13.8,15.04,478.9,1.66,0.14,18.98,22.04,92,1.88,1013
2026-08-10T05:16:09,Ogun (Ode-Remo),6.85,3.6167,30,Good,4.6,13.85,216.25,0.07,0.24,64.15,21.71,95,1.45,1014
2026-08-10T07:09:35,Lagos,6.5244,3.3792,29,Good,3.44,10.95,194.66,0.06,0.23,61.94,24.69,81,4.54,1016
2026-08-10T07:09:35,Abuja,9.0765,7.3986,51,Moderate,12.27,17.74,433.41,2.28,0.45,16.33,22.44,98,1.83,1015
2026-08-10T07:09:36,Port Harcourt,4.8156,7.0498,28,Good,4.05,7.29,231.87,0.12,0.18,60.17,24.28,92,3.13,1015
2026-08-10T07:09:36,Kano,12.0022,8.592,82,Moderate,26.63,34.22,716.5,3.95,1.01,25.29,26.04,74,5.85,1013
2026-08-10T07:09:37,Ibadan,7.3775,3.947,33,Good,7.96,22.84,318.07,1.9,0.94,57.26,21.7,95,1.72,1016
2026-08-10T07:09:37,Kaduna,10.5222,7.4383,56,Moderate,14.6,17.3,500.91,2.45,0.26,16.62,22.74,93,3.5,1015
2026-08-10T07:09:38,Ogun (Ode-Remo),6.85,3.6167,30,Good,3.96,12.65,206.63,0.07,0.22,62.82,23.47,88,1.98,1016
2026-08-10T09:06:45,Lagos,6.5244,3.3792,29,Good,3.3,11,195.69,0.05,0.24,60.92,26.27,73,4.84,1016
2026-08-10T09:06:45,Abuja,9.0765,7.3986,52,Moderate,12.63,19.5,451.22,1.76,0.55,23.35,23.4,94,2.12,1015
2026-08-10T09:06:45,Port Harcourt,4.8156,7.0498,28,Good,4.02,7.21,236.38,0.13,0.19,59.89,25.88,83,4.28,1015
2026-08-10T09:06:45,Kano,12.0022,8.592,80,Moderate,25.89,35.47,708.57,3.28,1.37,29.67,28.36,63,6.08,1013
2026-08-10T09:06:46,Ibadan,7.3775,3.947,29,Good,6.98,21.49,293.68,1.42,0.94,57.54,23.18,88,2.38,1017
2026-08-10T09:06:46,Kaduna,10.5222,7.4383,56,Moderate,14.42,18.15,496.48,2.01,0.28,20.07,24.88,82,3.54,1015
2026-08-10T09:06:46,Ogun (Ode-Remo),6.85,3.6167,29,Good,3.61,12.96,195.54,0.05,0.24,61.33,25.76,76,2.45,1016
2026-08-10T10:57:36,Lagos,6.5244,3.3792,28,Good,3.41,11.5,199.87,0.03,0.25,59.29,27.03,70,5.37,1016
2026-08-10T10:57:36,Abuja,9.0765,7.3986,29,Good,6.93,10.06,395.82,1.35,0.36,38.73,24.66,88,2.2,1014
2026-08-10T10:57:37,Port Harcourt,4.8156,7.0498,28,Good,4.02,7.41,235.82,0.1,0.2,59.43,26.42,80,4.37,1015
2026-08-10T10:57:37,Kano,12.0022,8.592,57,Moderate,14.85,20.44,563.63,1.3,0.82,43.76,32.02,50,4.63,1011
2026-08-10T10:57:37,Ibadan,7.3775,3.947,27,Good,5.21,16.32,247.39,0.82,0.7,57.55,23.94,86,2.07,1016
2026-08-10T10:57:38,Kaduna,10.5222,7.4383,35,Good,8.45,9.66,411.94,0.72,0.11,42.59,25.87,78,3.71,1014
2026-08-10T10:57:38,Ogun (Ode-Remo),6.85,3.6167,28,Good,3.48,13.05,188.32,0.03,0.25,58.93,27.51,68,2.41,1015
2026-08-10T11:43:58,Lagos,6.5244,3.3792,28,Good,3.58,12.02,201.04,0.03,0.26,58.32,26.62,73,5.82,1014
2026-08-10T11:43:58,Abuja,9.0765,7.3986,26,Good,6.2,8.77,391.83,1.3,0.34,38.8,27.06,79,1.76,1013
2026-08-10T11:43:59,Port Harcourt,4.8156,7.0498,28,Good,4.01,7.5,234.65,0.09,0.2,59.14,25.88,83,4.13,1014
2026-08-10T11:43:59,Kano,12.0022,8.592,53,Moderate,13.2,18.47,545.14,1.2,0.76,43.84,33.34,46,3.39,1010
2026-08-10T11:43:59,Ibadan,7.3775,3.947,27,Good,4.99,15.57,239.98,0.78,0.67,56.61,23.6,89,2.34,1014
2026-08-10T11:44:00,Kaduna,10.5222,7.4383,34,Good,8.1,9.14,406.44,0.64,0.1,44.13,29.08,65,3.2,1012
2026-08-10T11:44:00,Ogun (Ode-Remo),6.85,3.6167,27,Good,3.54,13.23,188.05,0.03,0.25,57.65,27.23,71,2.97,1014
2026-08-10T12:43:43,Lagos,6.5244,3.3792,27,Good,3.86,12.76,201.46,0.03,0.27,57.71,27.14,70,6.65,1013
2026-08-10T12:43:43,Abuja,9.0765,7.3986,24,Good,5.65,7.78,395.02,1.23,0.31,39.44,26.32,83,2.24,1012
2026-08-10T12:43:44,Port Harcourt,4.8156,7.0498,28,Good,3.98,7.89,232.72,0.08,0.21,58.91,26.3,81,4.1,1013
2026-08-10T12:43:44,Kano,12.0022,8.592,51,Moderate,12.13,16.86,518.09,1.08,0.67,44.79,34.03,43,3.3,1009
2026-08-10T12:43:45,Ibadan,7.3775,3.947,27,Good,5,15.5,236.24,0.75,0.66,56.28,24.55,84,2.46,1013
2026-08-10T12:43:45,Kaduna,10.5222,7.4383,33,Good,7.83,8.8,407.17,0.64,0.09,45.54,29.19,65,3.34,1011
2026-08-10T12:43:46,Ogun (Ode-Remo),6.85,3.6167,27,Good,3.71,13.66,189.54,0.03,0.26,56.89,27.98,68,2.84,1013
2026-08-10T14:12:59,Lagos,6.5244,3.3792,28,Good,4.6,14.62,194.66,0.03,0.29,59.05,27.12,70,7.11,1013
2026-08-10T14:12:59,Abuja,9.0765,7.3986,35,Good,8.29,10.7,420.62,0.97,0.3,46.51,25.55,87,2.13,1012
2026-08-10T14:12:59,Port Harcourt,4.8156,7.0498,31,Good,4.13,6.87,210.5,0.08,0.2,64.81,26.5,79,4.06,1013
2026-08-10T14:13:00,Kano,12.0022,8.592,39,Good,9.32,13.7,448.4,1.32,0.52,37.98,34.36,42,3.6,1009
2026-08-10T14:13:00,Ibadan,7.3775,3.947,28,Good,6.08,19.31,231.8,0.65,0.74,58.84,25.25,80,1.91,1013
2026-08-10T14:13:00,Kaduna,10.5222,7.4383,48,Good,11.6,13.02,420.1,0.65,0.12,46.33,27.69,74,3.12,1011
2026-08-10T14:13:00,Ogun (Ode-Remo),6.85,3.6167,28,Good,4.44,16.02,186.37,0.04,0.29,58.25,27.99,68,2.45,1012
2026-08-10T15:49:50,Lagos,6.5244,3.3792,28,Good,5.06,15.83,188.08,0.04,0.3,59.98,26.23,73,6.29,1013
2026-08-10T15:49:50,Abuja,9.0765,7.3986,36,Good,8.68,11.09,428.52,1.31,0.33,42.08,25.2,88,2.54,1011
2026-08-10T15:49:51,Port Harcourt,4.8156,7.0498,31,Good,4.59,7.94,215.59,0.09,0.21,66.67,25.79,84,3.77,1012
2026-08-10T15:49:51,Kano,12.0022,8.592,41,Good,9.9,15.6,490.72,2.84,0.67,28.78,33.64,45,4.07,1008
2026-08-10T15:49:51,Ibadan,7.3775,3.947,28,Good,6.43,19.71,236.54,0.87,0.75,58.36,25.82,77,1.97,1012
2026-08-10T15:49:52,Kaduna,10.5222,7.4383,52,Moderate,12.63,14.85,438.79,1.25,0.18,36.03,26.82,79,2.98,1011
2026-08-10T15:49:52,Ogun (Ode-Remo),6.85,3.6167,28,Good,4.82,15.75,187.23,0.05,0.28,58.87,26.73,74,2.08,1012
2026-08-10T16:42:26,Lagos,6.5244,3.3792,29,Good,5.28,16.82,184.35,0.05,0.31,60.93,25.91,74,6.16,1013
2026-08-10T16:42:27,Abuja,9.0765,7.3986,40,Good,9.53,12.53,444.54,1.73,0.39,36.86,24.18,93,2.07,1012
2026-08-10T16:42:27,Port Harcourt,4.8156,7.0498,32,Good,4.85,8.34,218.95,0.1,0.21,67.96,25.08,86,3.52,1013
2026-08-10T16:42:27,Kano,12.0022,8.592,55,Moderate,14.12,23.14,591.21,5.2,0.94,19.45,32.39,51,2.69,1008
2026-08-10T16:42:28,Ibadan,7.3775,3.947,29,Good,7.01,20.98,247.05,1.18,0.8,58.57,25.26,83,1.03,1012
2026-08-10T16:42:28,Kaduna,10.5222,7.4383,56,Moderate,14.68,18.57,474.98,2.29,0.29,24.89,25.29,88,2.79,1011
2026-08-10T16:42:29,Ogun (Ode-Remo),6.85,3.6167,28,Good,5.06,16.22,184.22,0.07,0.29,60.28,25.86,78,2.35,1012
2026-08-10T17:43:09,Lagos,6.5244,3.3792,29,Good,5.45,17.66,181.85,0.07,0.33,61.91,25.32,76,3.69,1013
2026-08-10T17:43:09,Abuja,9.0765,7.3986,43,Good,10.35,14.12,458.26,2.07,0.47,34.23,23.19,97,2.25,1013
2026-08-10T17:43:09,Port Harcourt,4.8156,7.0498,33,Good,5.1,8.79,221.26,0.11,0.21,69.08,24.47,90,2.72,1013
2026-08-10T17:43:09,Kano,12.0022,8.592,67,Moderate,19.8,32.84,706.93,7.13,1.25,13.97,31.37,53,3.71,1008
2026-08-10T17:43:10,Ibadan,7.3775,3.947,32,Good,7.78,22.92,258.04,1.46,0.88,58.71,23.81,87,1.11,1013
2026-08-10T17:43:10,Kaduna,10.5222,7.4383,61,Moderate,16.86,22.72,514.46,3.25,0.41,19.5,24.38,86,1.66,1011
2026-08-10T17:43:10,Ogun (Ode-Remo),6.85,3.6167,29,Good,5.32,17.3,179.97,0.09,0.31,61.57,24.92,84,1.61,1013
2026-08-10T18:41:56,Lagos,6.5244,3.3792,30,Good,5.54,18.11,181.37,0.07,0.33,62.76,25.18,80,5.2,1014
2026-08-10T18:41:57,Abuja,9.0765,7.3986,45,Good,10.84,15.16,462.39,2.21,0.52,32.19,23.05,96,2.41,1013
2026-08-10T18:41:57,Port Harcourt,4.8156,7.0498,33,Good,5.33,9.35,223.58,0.11,0.21,70.14,24.5,90,3.02,1014
2026-08-10T18:41:57,Kano,12.0022,8.592,79,Moderate,25.3,41.18,798.93,8.2,1.42,11.45,30.13,57,3.85,1009
2026-08-10T18:41:58,Ibadan,7.3775,3.947,35,Good,8.49,24.92,264.72,1.54,0.94,58.84,23.12,93,1.99,1014
2026-08-10T18:41:58,Kaduna,10.5222,7.4383,66,Moderate,19.02,26.68,550.08,3.86,0.52,17.32,22.84,93,2.22,1012
2026-08-10T18:41:58,Ogun (Ode-Remo),6.85,3.6167,29,Good,5.53,18.45,176.67,0.09,0.32,62.43,23.68,89,2.01,1014
2026-08-10T19:47:32,Lagos,6.5244,3.3792,30,Good,5.53,18.05,182.55,0.07,0.33,63.26,25.03,80,5.15,1014
2026-08-10T19:47:32,Abuja,9.0765,7.3986,46,Good,11.14,15.6,468.03,2.27,0.51,29.64,22.8,97,1.5,1014
2026-08-10T19:47:33,Port Harcourt,4.8156,7.0498,33,Good,5.54,10.12,225.94,0.11,0.22,70.72,24.31,91,2.63,1014
2026-08-10T19:47:33,Kano,12.0022,8.592,85,Moderate,28.26,44.81,842.04,8.05,1.36,11.54,30.13,58,4.33,1011
2026-08-10T19:47:33,Ibadan,7.3775,3.947,37,Good,8.83,26.21,264.02,1.45,0.94,59.15,22.53,95,1.87,1014
2026-08-10T19:47:33,Kaduna,10.5222,7.4383,69,Moderate,20.68,29.1,572.78,3.91,0.51,16.33,22.39,94,2.09,1014
2026-08-10T19:47:33,Ogun (Ode-Remo),6.85,3.6167,30,Good,5.61,19.06,176.07,0.09,0.32,62.92,23.38,90,2.26,1014
2026-08-10T20:31:09,Lagos,6.5244,3.3792,30,Good,5.5,17.81,184.63,0.07,0.33,63.53,25.01,81,5.55,1015
2026-08-10T20:31:09,Abuja,9.0765,7.3986,47,Good,11.3,15.7,476.13,2.41,0.5,27.21,22.8,97,0.85,1015
2026-08-10T20:31:10,Port Harcourt,4.8156,7.0498,34,Good,5.68,10.69,228.41,0.11,0.23,70.95,24.25,92,2.3,1015
2026-08-10T20:31:10,Kano,12.0022,8.592,86,Moderate,28.9,44.81,842.23,7.44,1.24,12.63,29.79,59,5.12,1011
2026-08-10T20:31:10,Ibadan,7.3775,3.947,37,Good,8.95,26.84,261.55,1.37,0.92,59.43,22.09,96,1.83,1015
2026-08-10T20:31:10,Kaduna,10.5222,7.4383,71,Moderate,21.72,30.06,583.76,3.78,0.46,16.58,22.13,94,2.36,1014
2026-08-10T20:31:11,Ogun (Ode-Remo),6.85,3.6167,30,Good,5.6,19.04,176.72,0.08,0.32,63.34,23.39,89,2.44,1014
2026-08-10T21:31:59,Lagos,6.5244,3.3792,30,Good,5.43,17.49,186.28,0.07,0.32,63.17,24.97,82,5.68,1015
2026-08-10T21:31:59,Abuja,9.0765,7.3986,46,Good,11.04,14.88,475.54,2.51,0.46,24.48,22.75,96,1.34,1015
2026-08-10T21:31:59,Port Harcourt,4.8156,7.0498,33,Good,5.66,10.86,229.68,0.11,0.23,70.7,24.12,93,1.89,1015
2026-08-10T21:31:59,Kano,12.0022,8.592,83,Moderate,27.31,42.01,799.56,6.59,1.1,14.15,29.34,60,5.04,1011
2026-08-10T21:32:00,Ibadan,7.3775,3.947,36,Good,8.56,26.13,251.52,1.24,0.85,59.44,21.89,96,1.6,1015
2026-08-10T21:32:00,Kaduna,10.5222,7.4383,72,Moderate,21.85,29.37,579.12,3.64,0.39,17.23,22.01,95,1.17,1015
2026-08-10T21:32:00,Ogun (Ode-Remo),6.85,3.6167,30,Good,5.52,18.69,178.38,0.08,0.31,63.29,23.32,90,2.41,1015
2026-08-10T22:26:21,Lagos,6.5244,3.3792,30,Good,5.43,17.49,186.28,0.07,0.32,63.17,24.97,82,5.68,1015
2026-08-10T22:26:22,Abuja,9.0765,7.3986,46,Good,11.04,14.88,475.54,2.51,0.46,24.48,22.75,96,1.34,1015
2026-08-10T22:26:22,Port Harcourt,4.8156,7.0498,33,Good,5.66,10.86,229.68,0.11,0.23,70.7,24.12,93,1.89,1015
2026-08-10T22:26:22,Kano,12.0022,8.592,83,Moderate,27.31,42.01,799.56,6.59,1.1,14.15,29.34,60,5.04,1011
2026-08-10T22:26:23,Ibadan,7.3775,3.947,36,Good,8.56,26.13,251.52,1.24,0.85,59.44,21.89,96,1.6,1015
2026-08-10T22:26:23,Kaduna,10.5222,7.4383,72,Moderate,21.85,29.37,579.12,3.64,0.39,17.23,22.01,95,1.17,1015
2026-08-10T22:26:23,Ogun (Ode-Remo),6.85,3.6167,30,Good,5.52,18.69,178.38,0.08,0.31,63.29,23.32,90,2.41,1015
2026-08-10T23:25:27,Lagos,6.5244,3.3792,30,Good,5.33,17.08,187.51,0.07,0.31,62.63,24.97,83,5.56,1014
2026-08-10T23:25:27,Abuja,9.0765,7.3986,44,Good,10.6,13.68,472.18,2.51,0.39,22.08,22.45,97,1.34,1015
2026-08-10T23:25:27,Port Harcourt,4.8156,7.0498,33,Good,5.47,10.56,231.09,0.1,0.23,70.34,24.05,93,1.92,1015
2026-08-10T23:25:27,Kano,12.0022,8.592,78,Moderate,24.99,37.62,743.94,5.76,0.91,14.6,27.76,68,3.67,1011
2026-08-10T23:25:28,Ibadan,7.3775,3.947,32,Good,7.64,24.1,231.68,0.99,0.72,59.55,21.58,97,1.29,1015
2026-08-10T23:25:28,Kaduna,10.5222,7.4383,72,Moderate,21.99,28.87,578.45,3.57,0.31,16.22,21.92,95,0.37,1015
2026-08-10T23:25:28,Ogun (Ode-Remo),6.85,3.6167,30,Good,5.47,18.31,180.69,0.07,0.3,63.06,23.24,90,1.93,1014
2026-08-11T00:55:38,Lagos,6.5244,3.3792,29,Good,5.04,16.15,188.35,0.07,0.3,60.71,24.69,84,4.31,1014
2026-08-11T00:55:38,Abuja,9.0765,7.3986,43,Good,10.41,12.87,467.08,2.39,0.31,18.59,22.06,97,1.04,1013
2026-08-11T00:55:38,Port Harcourt,4.8156,7.0498,33,Good,5.27,9.78,232.07,0.09,0.21,69.55,23.99,93,2.24,1014
2026-08-11T00:55:38,Kano,12.0022,8.592,68,Moderate,20.31,28.86,627.08,4.14,0.74,16.8,26.73,72,3.49,1011
2026-08-11T00:55:39,Ibadan,7.3775,3.947,28,Good,6.76,21.32,212.78,0.67,0.6,59.53,20.97,98,1.19,1014
2026-08-11T00:55:39,Kaduna,10.5222,7.4383,70,Moderate,21.31,26.82,560.8,3.04,0.22,16.61,22.06,94,2.18,1013
2026-08-11T00:55:39,Ogun (Ode-Remo),6.85,3.6167,29,Good,5.39,17.82,184.05,0.07,0.3,62.22,22.81,92,1.44,1014
2026-08-11T03:00:13,Lagos,6.5244,3.3792,28,Good,4.76,15.39,184.56,0.06,0.29,59.4,24.48,85,4.24,1013
2026-08-11T03:00:13,Abuja,9.0765,7.3986,45,Good,10.83,13.59,457.02,2.24,0.3,16.83,21.81,98,0.96,1013
2026-08-11T03:00:13,Port Harcourt,4.8156,7.0498,32,Good,4.92,8.48,231.77,0.08,0.19,68.44,23.77,94,2.33,1013
2026-08-11T03:00:14,Kano,12.0022,8.592,63,Moderate,17.79,24.54,547.25,3.11,0.77,18.6,22.43,91,7.66,1012
2026-08-11T03:00:14,Ibadan,7.3775,3.947,28,Good,6.45,19.48,209.86,0.59,0.56,58.7,20.77,98,1.14,1014
2026-08-11T03:00:14,Kaduna,10.5222,7.4383,67,Moderate,19.77,23.99,535.72,2.46,0.18,17.85,21.74,95,2.02,1013
2026-08-11T03:00:15,Ogun (Ode-Remo),6.85,3.6167,29,Good,5.21,17.23,184.14,0.06,0.28,60.9,22.71,93,1.37,1013
2026-08-11T04:21:05,Lagos,6.5244,3.3792,28,Good,4.63,15.08,181.57,0.06,0.28,59.1,24.49,85,3.92,1013
2026-08-11T04:21:05,Abuja,9.0765,7.3986,46,Good,11,13.91,448.22,2.18,0.3,16.74,21.7,98,1.48,1014
2026-08-11T04:21:05,Port Harcourt,4.8156,7.0498,32,Good,4.74,8.01,232.84,0.08,0.18,67.96,23.5,94,2.18,1013
2026-08-11T04:21:06,Kano,12.0022,8.592,62,Moderate,17.24,23.61,523.06,2.79,0.85,19.53,22.69,80,6.13,1012
2026-08-11T04:21:06,Ibadan,7.3775,3.947,28,Good,6.33,17.96,210.82,0.61,0.56,58.26,20.72,99,1.28,1014
2026-08-11T04:21:06,Kaduna,10.5222,7.4383,64,Moderate,18.46,22.02,518.29,2.19,0.16,19,21.56,96,1.89,1013
2026-08-11T04:21:06,Ogun (Ode-Remo),6.85,3.6167,29,Good,5.05,15.94,183.26,0.06,0.27,60.44,22.7,93,1.06,1014
2026-08-11T05:47:58,Lagos,6.5244,3.3792,28,Good,4.43,14.79,173.56,0.06,0.28,58.74,24.62,84,3.65,1014
2026-08-11T05:47:58,Abuja,9.0765,7.3986,49,Good,11.8,15.65,440.27,2.35,0.38,17.61,21.86,99,1.19,1014
2026-08-11T05:47:59,Port Harcourt,4.8156,7.0498,32,Good,4.45,7.67,235.1,0.08,0.18,67.07,23.66,94,1.92,1014
2026-08-11T05:47:59,Kano,12.0022,8.592,66,Moderate,19.29,26.76,531.67,2.94,1.08,19.02,23.18,74,6.12,1011
2026-08-11T05:47:59,Ibadan,7.3775,3.947,30,Good,7.22,18.65,240.91,1.21,0.73,56.19,20.95,98,1.3,1015
2026-08-11T05:48:00,Kaduna,10.5222,7.4383,61,Moderate,16.96,20.36,509.56,2.25,0.2,16.83,21.28,96,3.63,1015
2026-08-11T05:48:00,Ogun (Ode-Remo),6.85,3.6167,28,Good,4.75,14.65,177.34,0.06,0.27,59.3,22.7,93,1.17,1015
2026-08-11T06:46:53,Lagos,6.5244,3.3792,28,Good,4.35,14.36,170.44,0.06,0.28,58.65,24.77,85,2.63,1015
2026-08-11T06:46:54,Abuja,9.0765,7.3986,15,Good,12.04,16.66,439.93,2.5,0.45,18.65,22.9,95,1.33,1015
2026-08-11T06:46:54,Port Harcourt,4.8156,7.0498,32,Good,4.39,7.76,236.11,0.1,0.19,66.73,24.4,90,2.15,1015
2026-08-11T06:46:55,Kano,12.0022,8.592,69,Moderate,20.72,29.39,552.07,3.07,1.26,20.68,25.72,77,5.27,1011
2026-08-11T06:46:55,Ibadan,7.3775,3.947,34,Good,8.12,20.06,268.87,1.87,0.89,54.82,22.29,95,1.42,1016
2026-08-11T06:46:55,Kaduna,10.5222,7.4383,59,Moderate,16.12,19.7,513.79,2.64,0.24,15.2,21.84,97,5.24,1014
2026-08-11T06:46:56,Ogun (Ode-Remo),6.85,3.6167,28,Good,4.57,13.64,173.16,0.07,0.27,58.91,23.89,90,1.34,1015
2026-08-11T08:02:55,Lagos,6.5244,3.3792,28,Good,4.29,14.05,168.57,0.06,0.27,58.72,25.58,81,3.47,1016
2026-08-11T08:02:55,Abuja,9.0765,7.3986,51,Moderate,12.15,17.7,439.53,2.39,0.5,20.31,23.89,91,2.41,1016
2026-08-11T08:02:56,Port Harcourt,4.8156,7.0498,31,Good,4.4,8.03,237.39,0.1,0.2,66.53,24.97,87,2.59,1016
2026-08-11T08:02:56,Kano,12.0022,8.592,72,Moderate,22.27,31.89,565.85,2.71,1.37,26.27,28.17,65,4.9,1012
2026-08-11T08:02:56,Ibadan,7.3775,3.947,34,Good,8.09,19.43,272.26,1.92,0.91,54.35,23.59,89,1.64,1016
2026-08-11T08:02:56,Kaduna,10.5222,7.4383,57,Moderate,15.01,18.75,514.75,2.77,0.27,14.74,22.84,94,4.01,1014
2026-08-11T08:02:57,Ogun (Ode-Remo),6.85,3.6167,28,Good,4.42,12.77,169.17,0.07,0.26,58.83,25.64,81,1.91,1016
2026-08-11T09:50:47,Lagos,6.5244,3.3792,28,Good,4.21,13.28,166.7,0.04,0.26,58.41,27.74,72,3.64,1016
2026-08-11T09:50:47,Abuja,9.0765,7.3986,41,Good,9.81,14.54,419.24,1.57,0.45,35.1,25.89,81,2.89,1015
2026-08-11T09:50:47,Port Harcourt,4.8156,7.0498,31,Good,4.32,8.27,236.56,0.09,0.21,65.53,24.98,87,2.02,1016
2026-08-11T09:50:47,Kano,12.0022,8.592,60,Moderate,16.59,23.22,487.18,1.5,0.92,40.34,31.35,53,4.93,1013
2026-08-11T09:50:48,Ibadan,7.3775,3.947,28,Good,6.74,16.67,235.88,1.1,0.77,56.11,26.43,76,1.51,1016
2026-08-11T09:50:48,Kaduna,10.5222,7.4383,46,Good,11.01,13.76,478.41,1.56,0.18,30.88,25.22,82,3.37,1015
2026-08-11T09:50:48,Ogun (Ode-Remo),6.85,3.6167,28,Good,4.3,13.48,162.33,0.04,0.24,58.37,29.58,65,1.67,1015
2026-08-11T10:41:27,Lagos,6.5244,3.3792,27,Good,4.21,12.81,166.46,0.04,0.25,57.74,27.87,71,4.39,1015
2026-08-11T10:41:27,Abuja,9.0765,7.3986,31,Good,7.34,10.7,405.66,1.34,0.37,39.31,26.61,76,2.23,1014
2026-08-11T10:41:27,Port Harcourt,4.8156,7.0498,31,Good,4.25,8.22,235.37,0.09,0.21,64.72,25.2,85,2.41,1015
2026-08-11T10:41:28,Kano,12.0022,8.592,48,Good,11.4,16.46,447.08,1.39,0.71,38.71,32.29,50,4.93,1012
2026-08-11T10:41:28,Ibadan,7.3775,3.947,28,Good,6.7,17.3,233.05,1,0.76,56.15,27.69,71,1.63,1015
2026-08-11T10:41:28,Kaduna,10.5222,7.4383,40,Good,9.55,11.82,469.81,1.19,0.15,36.58,26.53,76,3.66,1014
2026-08-11T10:41:29,Ogun (Ode-Remo),6.85,3.6167,27,Good,4.33,14.6,160.29,0.04,0.25,57.69,30.16,62,1.42,1014
2026-08-11T11:37:07,Lagos,6.5244,3.3792,27,Good,4.2,12.46,165.69,0.03,0.24,56.57,27.78,72,4.45,1015
2026-08-11T11:37:07,Abuja,9.0765,7.3986,25,Good,6.11,8.86,399.06,1.25,0.34,39.99,26.61,76,2.23,1014
2026-08-11T11:37:08,Port Harcourt,4.8156,7.0498,30,Good,4.14,7.96,233.36,0.08,0.2,63.81,25.75,82,2.91,1014
2026-08-11T11:37:08,Kano,12.0022,8.592,40,Good,9.51,14.21,439.54,1.48,0.68,36.91,33.03,48,4.53,1011
2026-08-11T11:37:08,Ibadan,7.3775,3.947,29,Good,6.88,17.77,234.72,0.98,0.76,56.28,28.82,66,1.74,1013
2026-08-11T11:37:08,Kaduna,10.5222,7.4383,38,Good,9.16,11.17,471.66,1.05,0.13,38.88,27.5,70,3.38,1013
2026-08-11T11:37:08,Ogun (Ode-Remo),6.85,3.6167,27,Good,4.34,14.56,158.79,0.04,0.25,56.98,30.22,61,1.74,1013
2026-08-11T12:40:03,Lagos,6.5244,3.3792,26,Good,4.19,12.45,165.07,0.03,0.24,55.21,27.6,74,5.3,1012
2026-08-11T12:40:03,Abuja,9.0765,7.3986,24,Good,5.87,8.58,403.7,1.27,0.34,38.94,26.91,77,1.88,1012
2026-08-11T12:40:04,Port Harcourt,4.8156,7.0498,30,Good,4.02,7.8,230.78,0.08,0.19,62.89,27.83,73,4.05,1012
2026-08-11T12:40:04,Kano,12.0022,8.592,39,Good,9.26,13.98,450.86,1.81,0.69,33.36,34.22,42,3.59,1010
2026-08-11T12:40:04,Ibadan,7.3775,3.947,29,Good,6.97,17.66,235.31,0.96,0.75,56.54,29.76,62,1.66,1012
2026-08-11T12:40:05,Kaduna,10.5222,7.4383,37,Good,8.8,10.55,473.8,1.01,0.12,40.87,27.89,69,2.71,1012
2026-08-11T12:40:05,Ogun (Ode-Remo),6.85,3.6167,27,Good,4.32,13.81,158.5,0.04,0.24,56.29,30.75,59,2.03,1012
2026-08-11T14:12:07,Lagos,6.5244,3.3792,26,Good,4.05,10.46,163.6,0.03,0.21,55.82,27.42,75,5.66,1012
2026-08-11T14:12:07,Abuja,9.0765,7.3986,32,Good,7.65,10.98,392.92,1,0.35,42.54,27.59,74,1.99,1011
2026-08-11T14:12:07,Port Harcourt,4.8156,7.0498,30,Good,4.07,8.11,242.2,0.07,0.22,63.48,27.4,75,3.83,1012
2026-08-11T14:12:07,Kano,12.0022,8.592,34,Good,8.07,11.37,378.24,0.89,0.44,41.36,34.33,41,4.38,1009
2026-08-11T14:12:08,Ibadan,7.3775,3.947,27,Good,5.89,16.66,198.73,0.67,0.64,56.1,29.59,63,1.79,1011
2026-08-11T14:12:08,Kaduna,10.5222,7.4383,49,Good,11.76,13.49,505.01,1.11,0.13,34.32,27.62,70,2.19,1011
2026-08-11T14:12:08,Ogun (Ode-Remo),6.85,3.6167,26,Good,4.37,13.53,155.52,0.04,0.23,56.02,30.83,59,2.62,1011
2026-08-11T15:50:08,Lagos,6.5244,3.3792,25,Good,4.04,10.13,165.64,0.04,0.23,53.79,27,76,5.76,1011
2026-08-11T15:50:09,Abuja,9.0765,7.3986,39,Good,9.26,12.67,404.49,1.27,0.37,40.42,26.81,81,1.78,1011
2026-08-11T15:50:09,Port Harcourt,4.8156,7.0498,29,Good,3.94,8.47,239.41,0.08,0.22,62.04,25.93,82,3.27,1012
2026-08-11T15:50:09,Kano,12.0022,8.592,43,Good,10.39,16.96,435.13,2.86,0.66,30.29,32.13,50,5.61,1009
2026-08-11T15:50:10,Ibadan,7.3775,3.947,26,Good,5.77,16.11,199.08,0.84,0.63,54.56,28.25,74,1.57,1010
2026-08-11T15:50:10,Kaduna,10.5222,7.4383,53,Moderate,13.18,15.2,514.43,1.33,0.17,35.65,26.8,77,2.11,1011
2026-08-11T15:50:10,Ogun (Ode-Remo),6.85,3.6167,26,Good,4.32,12.23,158.98,0.05,0.23,54.68,28.93,67,3.23,1010
2026-08-11T16:45:47,Lagos,6.5244,3.3792,25,Good,4.02,10.23,166.02,0.05,0.24,53.46,26.51,78,5.48,1012
2026-08-11T16:45:48,Abuja,9.0765,7.3986,42,Good,9.98,13.51,415.07,1.65,0.4,38.05,25.55,88,1.51,1011
2026-08-11T16:45:48,Port Harcourt,4.8156,7.0498,29,Good,3.78,8.08,237.84,0.09,0.21,60.88,25.37,85,3.26,1013
2026-08-11T16:45:48,Kano,12.0022,8.592,60,Moderate,16.56,29.64,576.64,6.15,1.06,17.8,30.85,55,4.63,1009
2026-08-11T16:45:48,Ibadan,7.3775,3.947,25,Good,5.99,16.73,207.93,1.14,0.69,53.16,26.95,81,1.45,1011
2026-08-11T16:45:49,Kaduna,10.5222,7.4383,56,Moderate,14.71,16.89,527.33,1.73,0.2,33.81,25.83,82,2.02,1011
2026-08-11T16:45:49,Ogun (Ode-Remo),6.85,3.6167,26,Good,4.26,11.58,160.42,0.06,0.24,54.2,27.5,74,3.21,1011
2026-08-11T17:48:43,Lagos,6.5244,3.3792,25,Good,4.01,10.6,165.16,0.06,0.26,53.43,25.82,82,5.56,1012
2026-08-11T17:48:44,Abuja,9.0765,7.3986,43,Good,10.38,13.98,422.26,1.92,0.43,36.28,24.02,92,1.48,1012
2026-08-11T17:48:44,Port Harcourt,4.8156,7.0498,28,Good,3.62,7.76,236.15,0.1,0.2,59.54,24.91,88,2.79,1013
2026-08-11T17:48:44,Kano,12.0022,8.592,76,Moderate,24.21,45.12,733.83,8.85,1.47,10.66,29.43,59,4.03,1009
2026-08-11T17:48:44,Ibadan,7.3775,3.947,27,Good,6.36,17.43,218.69,1.34,0.75,52.06,24.8,88,1.8,1012
2026-08-11T17:48:45,Kaduna,10.5222,7.4383,59,Moderate,15.87,18.17,539.9,2.06,0.21,33.06,24.26,88,2.11,1011
2026-08-11T17:48:45,Ogun (Ode-Remo),6.85,3.6167,25,Good,4.16,11.14,161.33,0.07,0.24,53.79,25.52,82,2.97,1012
2026-08-11T18:45:46,Lagos,6.5244,3.3792,25,Good,4.01,11.05,163.27,0.07,0.27,53.64,25.65,85,5.48,1013
2026-08-11T18:45:46,Abuja,9.0765,7.3986,44,Good,10.55,14.25,422.33,2.09,0.45,33.15,23.5,94,1.19,1013
2026-08-11T18:45:47,Port Harcourt,4.8156,7.0498,27,Good,3.49,7.41,235.08,0.1,0.2,58.11,24.8,89,2.39,1014
2026-08-11T18:45:47,Kano,12.0022,8.592,94,Moderate,32.42,60.92,879.23,10.46,1.79,6.99,27.93,64,3.58,1010
2026-08-11T18:45:48,Ibadan,7.3775,3.947,28,Good,6.64,17.87,226.67,1.35,0.78,51.37,23.6,94,2.34,1013
2026-08-11T18:45:48,Kaduna,10.5222,7.4383,60,Moderate,16.45,18.81,549.7,2.41,0.23,31.78,23.59,91,2.2,1012
2026-08-11T18:45:49,Ogun (Ode-Remo),6.85,3.6167,25,Good,4.05,10.95,162.29,0.07,0.24,53.55,25.01,86,2.59,1013
2026-08-11T19:54:41,Lagos,6.5244,3.3792,26,Good,4.03,11.56,161.61,0.07,0.27,54.17,25.59,85,5.17,1014
2026-08-11T19:54:41,Abuja,9.0765,7.3986,46,Good,11.03,15.23,433.42,2.31,0.46,28.7,23.21,94,1.07,1014
2026-08-11T19:54:42,Port Harcourt,4.8156,7.0498,27,Good,3.36,7.13,236.76,0.1,0.19,56.89,24.49,91,2.35,1014
2026-08-11T19:54:42,Kano,12.0022,8.592,109,Unhealthy for Sensitive Groups,38.72,71.88,972.95,10.76,1.8,5.09,27.47,67,4.3,1011
2026-08-11T19:54:43,Ibadan,7.3775,3.947,28,Good,6.61,17.73,227.62,1.23,0.77,51.14,22.93,97,2.32,1014
2026-08-11T19:54:43,Kaduna,10.5222,7.4383,62,Moderate,17.31,19.92,572.98,2.83,0.25,29.49,23.29,92,2.38,1013
2026-08-11T19:54:43,Ogun (Ode-Remo),6.85,3.6167,25,Good,3.97,10.92,162.78,0.07,0.24,53.63,24.84,87,2.41,1014
2026-08-11T20:34:10,Lagos,6.5244,3.3792,26,Good,4.07,12.14,159.94,0.08,0.28,54.63,25.57,85,5.22,1014
2026-08-11T20:34:10,Abuja,9.0765,7.3986,48,Good,11.54,16.25,444.53,2.47,0.47,25.19,23.23,94,1.03,1014
2026-08-11T20:34:11,Port Harcourt,4.8156,7.0498,26,Good,3.22,6.91,239.38,0.09,0.19,55.8,24.32,92,2.33,1015
2026-08-11T20:34:11,Kano,12.0022,8.592,118,Unhealthy for Sensitive Groups,42.56,77.8,1016.62,10.54,1.72,4.15,27.01,69,3.62,1012
2026-08-11T20:34:11,Ibadan,7.3775,3.947,27,Good,6.5,17.56,225.97,1.14,0.75,51.03,22.59,98,2.24,1014
2026-08-11T20:34:12,Kaduna,10.5222,7.4383,64,Moderate,18.26,21.09,594.81,3.15,0.26,27.85,23.14,93,2.31,1014
2026-08-11T20:34:12,Ogun (Ode-Remo),6.85,3.6167,25,Good,3.94,11.13,161.13,0.07,0.24,53.86,24.64,88,2.28,1014
2026-08-11T21:35:10,Lagos,6.5244,3.3792,26,Good,4.08,12.52,159.65,0.08,0.28,54.84,25.49,86,5.3,1014
2026-08-11T21:35:10,Abuja,9.0765,7.3986,16,Good,12.01,17.3,450.82,2.57,0.45,21.82,22.96,95,0.86,1014
2026-08-11T21:35:10,Port Harcourt,4.8156,7.0498,26,Good,3.07,6.96,243.7,0.09,0.19,54.65,24.15,92,2.27,1015
2026-08-11T21:35:10,Kano,12.0022,8.592,117,Unhealthy for Sensitive Groups,41.82,74.47,981.27,9.6,1.49,4.34,26.86,70,2.86,1012
2026-08-11T21:35:11,Ibadan,7.3775,3.947,25,Good,6.08,16.81,217.97,1.05,0.7,50.91,22.34,98,2.11,1014
2026-08-11T21:35:11,Kaduna,10.5222,7.4383,64,Moderate,18.49,21.26,603.59,3.34,0.25,25.96,22.82,94,1.98,1014
2026-08-11T21:35:11,Ogun (Ode-Remo),6.85,3.6167,26,Good,3.86,11.36,159.08,0.07,0.24,54.08,24.47,89,2.52,1014
2026-08-11T22:31:27,Lagos,6.5244,3.3792,26,Good,4.07,12.61,160.91,0.08,0.28,54.99,25.21,87,5.35,1014
2026-08-11T22:31:27,Abuja,9.0765,7.3986,51,Moderate,12.3,17.63,449.46,2.57,0.4,18.78,22.76,95,1.28,1014
2026-08-11T22:31:28,Port Harcourt,4.8156,7.0498,25,Good,2.92,7.02,249.01,0.08,0.19,53.56,24,93,2.44,1014
2026-08-11T22:31:28,Kano,12.0022,8.592,108,Unhealthy for Sensitive Groups,38.49,65.16,908,8.21,1.12,5.57,26.72,70,2.56,1012
2026-08-11T22:31:28,Ibadan,7.3775,3.947,24,Good,5.33,15.25,201.84,0.86,0.6,51.07,22.24,99,2.1,1014
2026-08-11T22:31:29,Kaduna,10.5222,7.4383,64,Moderate,18.07,20.4,605.42,3.35,0.21,23.98,22.5,94,2.09,1014
2026-08-11T22:31:29,Ogun (Ode-Remo),6.85,3.6167,26,Good,3.85,11.61,157.88,0.07,0.24,54.32,24.14,91,2.29,1014
2026-08-11T23:29:18,Lagos,6.5244,3.3792,26,Good,4.07,12.61,160.91,0.08,0.28,54.99,25.21,87,5.35,1014
2026-08-11T23:29:18,Abuja,9.0765,7.3986,51,Moderate,12.3,17.63,449.46,2.57,0.4,18.78,22.76,95,1.28,1014
2026-08-11T23:29:19,Port Harcourt,4.8156,7.0498,25,Good,2.92,7.02,249.01,0.08,0.19,53.56,24,93,2.44,1014
2026-08-11T23:29:19,Kano,12.0022,8.592,108,Unhealthy for Sensitive Groups,38.49,65.16,908,8.21,1.12,5.57,26.72,70,2.56,1012
2026-08-11T23:29:19,Ibadan,7.3775,3.947,24,Good,5.33,15.25,201.84,0.86,0.6,51.07,22.24,99,2.1,1014
2026-08-11T23:29:20,Kaduna,10.5222,7.4383,64,Moderate,18.07,20.4,605.42,3.35,0.21,23.98,22.5,94,2.09,1014
2026-08-11T23:29:20,Ogun (Ode-Remo),6.85,3.6167,26,Good,3.85,11.61,157.88,0.07,0.24,54.32,24.14,91,2.29,1014
2026-08-12T01:01:58,Lagos,6.5244,3.3792,26,Good,3.96,11.99,167.49,0.07,0.27,54.88,24.96,88,5.05,1013
2026-08-12T01:01:59,Abuja,9.0765,7.3986,53,Moderate,13.2,18.07,445.91,2.4,0.32,14.74,22.72,95,0.9,1013
2026-08-12T01:01:59,Port Harcourt,4.8156,7.0498,25,Good,2.75,6.75,258.81,0.08,0.18,52.08,23.96,94,1.92,1013
2026-08-12T01:01:59,Kano,12.0022,8.592,67,Moderate,19.85,29.31,588.04,3.72,0.86,17.14,25.94,70,2.3,1012
2026-08-12T01:02:00,Ibadan,7.3775,3.947,24,Good,4.72,13.88,185.72,0.6,0.51,51.22,22.23,99,1.66,1013
2026-08-12T01:02:00,Kaduna,10.5222,7.4383,61,Moderate,16.66,18.32,593.32,2.97,0.15,20.89,22.05,97,1.37,1013
2026-08-12T01:02:01,Ogun (Ode-Remo),6.85,3.6167,26,Good,3.9,11.86,158.81,0.07,0.24,54.45,23.8,93,1.96,1013
2026-08-12T03:55:04,Lagos,6.5244,3.3792,26,Good,3.51,9.79,178.64,0.06,0.21,54.03,24.82,88,4.62,1013
2026-08-12T03:55:05,Abuja,9.0765,7.3986,55,Moderate,13.81,18.06,430.05,2.21,0.32,16.45,22.39,96,0.75,1013
2026-08-12T03:55:05,Port Harcourt,4.8156,7.0498,25,Good,2.9,6.73,267.2,0.07,0.18,52.55,23.68,94,1.75,1013
2026-08-12T03:55:05,Kano,12.0022,8.592,54,Moderate,13.5,18.64,514.26,2.26,0.6,19.05,24.62,79,2.83,1012
2026-08-12T03:55:06,Ibadan,7.3775,3.947,24,Good,4.66,13.49,191.17,0.6,0.51,50.92,22.24,98,1.09,1013
2026-08-12T03:55:06,Kaduna,10.5222,7.4383,56,Moderate,14.67,16.13,553.31,2.27,0.12,19.57,21.95,95,1.71,1014
2026-08-12T03:55:06,Ogun (Ode-Remo),6.85,3.6167,26,Good,3.56,10.08,167.81,0.06,0.19,54.36,23.49,95,1.61,1013
2026-08-12T05:23:28,Lagos,6.5244,3.3792,25,Good,3.31,9.01,182.26,0.05,0.2,53.52,24.83,87,4.2,1014
2026-08-12T05:23:28,Abuja,9.0765,7.3986,55,Moderate,13.77,18.35,422.14,2.19,0.33,15.83,22.38,95,0.63,1014
2026-08-12T05:23:28,Port Harcourt,4.8156,7.0498,25,Good,2.97,6.95,268.04,0.07,0.18,52.73,23.65,94,1.59,1014
2026-08-12T05:23:29,Kano,12.0022,8.592,54,Moderate,13.47,18.92,529.76,2.42,0.58,17.44,24.32,81,3.36,1012
2026-08-12T05:23:29,Ibadan,7.3775,3.947,24,Good,4.73,13.48,199.73,0.71,0.54,50.62,22.24,98,1.15,1014
2026-08-12T05:23:29,Kaduna,10.5222,7.4383,55,Moderate,13.88,15.42,535.3,2.12,0.13,20.32,21.83,96,1.97,1014
2026-08-12T05:23:29,Ogun (Ode-Remo),6.85,3.6167,26,Good,3.39,9.38,171.78,0.05,0.18,54.07,23.25,96,1.36,1014
2026-08-12T07:07:17,Lagos,6.5244,3.3792,25,Good,3.16,8.79,186.87,0.06,0.19,52.31,25.14,84,4.2,1015
2026-08-12T07:07:18,Abuja,9.0765,7.3986,54,Moderate,13.45,19.82,412.01,2.3,0.48,17.64,23.06,93,0.98,1015
2026-08-12T07:07:18,Port Harcourt,4.8156,7.0498,25,Good,3.12,7.12,266.81,0.09,0.18,52.51,24.8,88,1.99,1015
2026-08-12T07:07:18,Kano,12.0022,8.592,64,Moderate,18.51,28.59,654.97,4.22,1.02,15.29,25.42,77,4.75,1014
2026-08-12T07:07:19,Ibadan,7.3775,3.947,26,Good,6.2,16.42,256,1.69,0.78,49.03,22.32,97,1.31,1016
2026-08-12T07:07:19,Kaduna,10.5222,7.4383,52,Moderate,12.61,15.04,508.41,2.49,0.21,22.11,22.72,89,2.68,1015
2026-08-12T07:07:20,Ogun (Ode-Remo),6.85,3.6167,25,Good,3.24,9.32,177.77,0.06,0.18,53.01,24.26,90,1.61,1015
2026-08-12T09:00:48,Lagos,6.5244,3.3792,24,Good,3.35,9.73,188.51,0.05,0.23,50.85,26.12,89,4.12,1016
2026-08-12T09:00:48,Abuja,9.0765,7.3986,52,Moderate,12.68,19.03,369.48,1.25,0.5,31.63,25.02,86,2.08,1016
2026-08-12T09:00:48,Port Harcourt,4.8156,7.0498,24,Good,3.24,6.97,264.9,0.09,0.18,51.77,27.36,76,2.42,1016
2026-08-12T09:00:48,Kano,12.0022,8.592,71,Moderate,21.78,33.37,667.28,2.63,1.11,33.87,29.27,60,5.25,1014
2026-08-12T09:00:49,Ibadan,7.3775,3.947,25,Good,5.99,15.42,263.01,1.4,0.79,49.44,24.03,89,2.04,1016
2026-08-12T09:00:49,Kaduna,10.5222,7.4383,47,Good,11.18,13.96,463.56,2.11,0.23,24.66,26.09,75,3.83,1015
2026-08-12T09:00:49,Ogun (Ode-Remo),6.85,3.6167,24,Good,3.22,10.03,182.57,0.05,0.2,51.39,27.11,74,2.21,1016
2026-08-12T10:51:09,Lagos,6.5244,3.3792,23,Good,3.39,9.76,187.06,0.05,0.23,49.54,27.1,78,4.63,1015
2026-08-12T10:51:09,Abuja,9.0765,7.3986,28,Good,6.79,9.45,274.65,0.38,0.26,44.96,26.87,77,2.47,1014
2026-08-12T10:51:09,Port Harcourt,4.8156,7.0498,24,Good,3.16,6.53,260.76,0.07,0.17,49.85,28.37,72,2.97,1015
2026-08-12T10:51:10,Kano,12.0022,8.592,44,Good,10.67,15.84,489.95,0.83,0.67,46.07,32.29,47,3.63,1013
2026-08-12T10:51:10,Ibadan,7.3775,3.947,24,Good,4.99,13.35,240.51,0.81,0.67,49.89,26.37,77,2,1015
2026-08-12T10:51:10,Kaduna,10.5222,7.4383,38,Good,9.15,10.64,397.67,0.97,0.13,36.12,28.73,64,3.33,1014
2026-08-12T10:51:11,Ogun (Ode-Remo),6.85,3.6167,24,Good,3.29,11.14,183.9,0.04,0.22,49.76,28.89,65,2.57,1015
2026-08-12T11:38:53,Lagos,6.5244,3.3792,23,Good,3.36,9.24,185.77,0.05,0.22,49.11,26.97,74,5.63,1015
2026-08-12T11:38:53,Abuja,9.0765,7.3986,28,Good,6.79,9.07,267.96,0.33,0.24,45.39,26.87,77,2.47,1014
2026-08-12T11:38:53,Port Harcourt,4.8156,7.0498,23,Good,3.09,6.44,259.34,0.07,0.17,48.7,27.98,74,3.52,1014
2026-08-12T11:38:53,Kano,12.0022,8.592,45,Good,10.83,15.68,484.87,0.79,0.68,48.1,33.2,43,2.93,1012
2026-08-12T11:38:54,Ibadan,7.3775,3.947,24,Good,4.82,13.29,232.47,0.64,0.63,50.2,27.76,70,2.03,1014
2026-08-12T11:38:54,Kaduna,10.5222,7.4383,38,Good,9.19,10.47,395.41,0.82,0.12,37.64,29.17,61,3.68,1013
2026-08-12T11:38:54,Ogun (Ode-Remo),6.85,3.6167,23,Good,3.38,11.7,183.27,0.04,0.23,49.24,29.43,63,2.9,1014
2026-08-12T12:42:58,Lagos,6.5244,3.3792,23,Good,3.25,8.24,184.42,0.04,0.19,48.7,27.34,72,5.68,1014
2026-08-12T12:42:58,Abuja,9.0765,7.3986,30,Good,7.29,9.41,270.2,0.34,0.22,46.13,27.07,79,2.28,1013
2026-08-12T12:42:58,Port Harcourt,4.8156,7.0498,22,Good,3.01,6.46,258.61,0.07,0.17,47.57,28.3,73,4.1,1013
2026-08-12T12:42:59,Kano,12.0022,8.592,45,Good,10.69,15.11,468.31,0.85,0.65,48.85,34.31,39,2.89,1011
2026-08-12T12:42:59,Ibadan,7.3775,3.947,24,Good,4.63,13.32,224.26,0.55,0.57,50,28.52,66,2.94,1013
2026-08-12T12:42:59,Kaduna,10.5222,7.4383,41,Good,9.78,11.02,408.51,0.91,0.12,38.8,29.41,62,3.95,1012
2026-08-12T12:42:59,Ogun (Ode-Remo),6.85,3.6167,23,Good,3.4,11.57,182.62,0.05,0.22,48.98,29.15,63,2.75,1013
2026-08-12T14:13:42,Lagos,6.5244,3.3792,22,Good,2.66,6,195.04,0.03,0.14,46.01,27.39,72,5.92,1013
2026-08-12T14:13:42,Abuja,9.0765,7.3986,23,Good,5.53,7.48,253.24,0.43,0.23,45.09,26.79,81,2.03,1012
2026-08-12T14:13:43,Port Harcourt,4.8156,7.0498,22,Good,3.4,7.06,258.12,0.06,0.19,46.02,27.65,75,4.47,1013
2026-08-12T14:13:43,Kano,12.0022,8.592,64,Moderate,18.21,22.15,463.84,0.66,0.57,54.18,34.77,37,2.42,1010
2026-08-12T14:13:44,Ibadan,7.3775,3.947,23,Good,4.4,11.53,235.66,0.63,0.56,47.78,27.56,72,2.77,1012
2026-08-12T14:13:44,Kaduna,10.5222,7.4383,54,Moderate,13.36,15.23,418.04,0.65,0.14,43.79,27.56,73,3.45,1012
2026-08-12T14:13:45,Ogun (Ode-Remo),6.85,3.6167,22,Good,2.68,7.12,191.66,0.03,0.13,46.35,29.56,61,3.16,1012
2026-08-12T15:50:10,Lagos,6.5244,3.3792,21,Good,2.75,6.06,197.27,0.03,0.15,45.16,26.5,76,5.57,1013
2026-08-12T15:50:10,Abuja,9.0765,7.3986,27,Good,6.54,8.63,269.46,0.88,0.28,40.82,25.85,87,1.49,1012
2026-08-12T15:50:10,Port Harcourt,4.8156,7.0498,21,Good,3.34,7.07,253.44,0.06,0.19,45.1,26.98,78,4.47,1012
2026-08-12T15:50:11,Kano,12.0022,8.592,76,Moderate,23.91,29.96,500.43,1.74,0.75,51.46,34.51,37,1.23,1009
2026-08-12T15:50:11,Ibadan,7.3775,3.947,21,Good,4.02,10.75,235.82,0.75,0.53,45.26,26.5,81,2.19,1012
2026-08-12T15:50:11,Kaduna,10.5222,7.4383,58,Moderate,15.2,17.38,433.92,1.07,0.17,42.75,26.65,79,1.54,1012
2026-08-12T15:50:11,Ogun (Ode-Remo),6.85,3.6167,21,Good,2.61,6.46,194.61,0.03,0.13,44.74,27.84,69,3.43,1012
2026-08-12T16:45:21,Lagos,6.5244,3.3792,21,Good,2.81,6.09,198.71,0.04,0.15,45.24,26.28,77,5.39,1013
2026-08-12T16:45:21,Abuja,9.0765,7.3986,32,Good,7.78,10.47,293.15,1.41,0.36,35.89,25.32,90,1.32,1012
2026-08-12T16:45:21,Port Harcourt,4.8156,7.0498,21,Good,3.33,6.97,252.11,0.08,0.19,45.16,25.92,83,4.09,1013
2026-08-12T16:45:21,Kano,12.0022,8.592,87,Moderate,29.09,38.69,581.24,3.88,0.99,42.15,32.74,44,0.64,1009
2026-08-12T16:45:21,Ibadan,7.3775,3.947,21,Good,4.39,12.04,248.21,1.04,0.6,43.94,25.13,87,2,1013
2026-08-12T16:45:22,Kaduna,10.5222,7.4383,58,Moderate,15.46,17.77,443.47,1.57,0.19,39.43,25.17,85,2.66,1011
2026-08-12T16:45:22,Ogun (Ode-Remo),6.85,3.6167,21,Good,2.69,6.75,195.68,0.04,0.14,44.51,26.66,74,3.16,1013
2026-08-12T17:50:46,Lagos,6.5244,3.3792,21,Good,2.84,6.03,199.78,0.05,0.15,45.32,25.88,80,5.28,1014
2026-08-12T17:50:46,Abuja,9.0765,7.3986,37,Good,8.93,12.45,319.24,1.89,0.43,32.34,23.81,93,1.26,1013
2026-08-12T17:50:47,Port Harcourt,4.8156,7.0498,21,Good,3.31,6.96,252.38,0.09,0.19,44.99,25.11,86,3.49,1014
2026-08-12T17:50:47,Kano,12.0022,8.592,96,Moderate,33.31,47.07,670.03,5.79,1.25,34.09,28.56,61,3,1011
2026-08-12T17:50:48,Ibadan,7.3775,3.947,21,Good,4.95,13.58,262.73,1.37,0.69,42.47,23.67,91,1.91,1013
2026-08-12T17:50:48,Kaduna,10.5222,7.4383,57,Moderate,14.89,17.34,445.14,1.98,0.21,36.68,23.66,87,1.25,1013
2026-08-12T17:50:49,Ogun (Ode-Remo),6.85,3.6167,21,Good,2.75,7,196.39,0.05,0.14,44.44,25.23,80,2.75,1013
2026-08-12T18:46:59,Lagos,6.5244,3.3792,21,Good,2.84,6.02,201.09,0.05,0.15,45.26,27.12,78,3.09,1014
2026-08-12T18:47:00,Abuja,9.0765,7.3986,41,Good,9.88,14.41,339.04,2.3,0.48,28.27,23.04,93,0.86,1014
2026-08-12T18:47:00,Port Harcourt,4.8156,7.0498,21,Good,3.22,7.04,254.76,0.09,0.19,44.28,24.94,88,3.12,1014
2026-08-12T18:47:00,Kano,12.0022,8.592,104,Unhealthy for Sensitive Groups,36.77,53.41,749.72,7.04,1.5,29.43,26.78,68,2.73,1012
2026-08-12T18:47:01,Ibadan,7.3775,3.947,23,Good,5.55,15.04,275.43,1.51,0.75,41.37,23.31,91,1.79,1014
2026-08-12T18:47:01,Kaduna,10.5222,7.4383,55,Moderate,14.01,16.59,440.43,2.35,0.24,33.99,23.44,89,2.56,1014
2026-08-12T18:47:01,Ogun (Ode-Remo),6.85,3.6167,21,Good,2.81,7.23,197.34,0.06,0.15,44.37,24.51,85,2.27,1014
2026-08-12T19:55:56,Lagos,6.5244,3.3792,21,Good,2.84,6.17,202.97,0.06,0.16,45.13,25.57,82,4.62,1015
2026-08-12T19:55:57,Abuja,9.0765,7.3986,46,Good,11.13,16.93,368.07,2.66,0.5,24.48,22.9,92,0.11,1015
2026-08-12T19:55:57,Port Harcourt,4.8156,7.0498,20,Good,3.11,7.14,259.44,0.09,0.19,43.29,24.65,90,2.57,1015
2026-08-12T19:55:57,Kano,12.0022,8.592,115,Unhealthy for Sensitive Groups,41.02,60.04,835.35,8.22,1.79,25.73,26.72,69,2.77,1013
2026-08-12T19:55:57,Ibadan,7.3775,3.947,25,Good,5.89,15.88,281.35,1.47,0.77,41,22.69,93,1.87,1015
2026-08-12T19:55:57,Kaduna,10.5222,7.4383,54,Moderate,13.67,16.43,441.46,2.69,0.26,31.13,22.76,92,1.8,1015
2026-08-12T19:55:58,Ogun (Ode-Remo),6.85,3.6167,21,Good,2.86,7.43,198.87,0.06,0.16,44.4,24.07,87,1.91,1015
